state,cause,year,fires,acres,median_size
AK,Arson,1992,21,2806.599999999999,0.2
AK,Arson,1993,29,280.70000000000005,0.3
AK,Arson,1994,18,7.499999999999998,0.1
AK,Arson,1995,16,207.69999999999996,0.2
AK,Arson,1996,43,82939.50000000017,0.1
AK,Arson,1997,8,957.6,2.5
AK,Arson,1998,9,507.20000000000005,3.0
AK,Arson,1999,4,18723.0,1.25
AK,Arson,2000,11,43.2,2.0
AK,Arson,2001,30,2441.7999999999997,1.25
AK,Arson,2002,7,254534.9,4.0
AK,Arson,2003,11,959.8,0.3
AK,Arson,2004,13,1331.3999999999994,0.1
AK,Arson,2005,12,140.79999999999995,0.1
AK,Arson,2006,24,152.39999999999992,0.1
AK,Arson,2007,18,2410.899999999999,0.3
AK,Arson,2008,42,600.9000000000004,0.1
AK,Arson,2009,25,38689.59999999999,0.5
AK,Arson,2010,43,7203.600000000002,0.3
AK,Arson,2011,35,975.6000000000003,0.2
AK,Arson,2012,6,4.999999999999999,0.3
AK,Arson,2013,6,87155.20000000001,0.1
AK,Arson,2014,14,16.380000000000003,0.1
AK,Arson,2015,13,220.89999999999995,1.0
AK,Campfire,1992,68,516.800000000001,0.1
AK,Campfire,1993,128,69.39999999999993,0.1
AK,Campfire,1994,69,3572.1999999999994,0.1
AK,Campfire,1995,38,201.89999999999992,0.1
AK,Campfire,1996,116,4059.999999999996,0.1
AK,Campfire,1997,92,956.7000000000013,0.1
AK,Campfire,1998,70,46.00000000000001,0.1
AK,Campfire,1999,45,10.399999999999995,0.1
AK,Campfire,2000,57,824.800000000001,0.1
AK,Campfire,2001,69,280.20000000000005,0.1
AK,Campfire,2002,52,1837.4,0.1
AK,Campfire,2003,82,727.5100000000008,0.1
AK,Campfire,2004,128,10437.450000000019,0.1
AK,Campfire,2005,49,672.3000000000004,0.1
AK,Campfire,2006,35,1325.3999999999976,0.1
AK,Campfire,2007,37,12.899999999999991,0.1
AK,Campfire,2008,39,10.59999999999999,0.1
AK,Campfire,2009,53,3445.6099999999974,0.1
AK,Campfire,2010,76,96135.55000000005,0.1
AK,Campfire,2011,85,39.60000000000006,0.1
AK,Campfire,2012,47,180.09999999999988,0.1
AK,Campfire,2013,62,63.60000000000004,0.1
AK,Campfire,2014,20,3.2000000000000006,0.1
AK,Campfire,2015,29,1008.8000000000002,0.1
AK,Children,1992,39,18.39999999999999,0.1
AK,Children,1993,57,25.60000000000002,0.1
AK,Children,1994,51,206.69999999999968,0.1
AK,Children,1995,37,11.299999999999992,0.1
AK,Children,1996,63,74.10000000000005,0.1
AK,Children,1997,45,6.4999999999999964,0.1
AK,Children,1998,35,10.999999999999991,0.1
AK,Children,1999,34,109.3,0.1
AK,Children,2000,19,2.800000000000001,0.1
AK,Children,2001,24,11.499999999999998,0.15000000000000002
AK,Children,2002,27,105.39999999999992,0.1
AK,Children,2003,17,3.600000000000001,0.1
AK,Children,2004,19,3.2000000000000015,0.1
AK,Children,2005,14,67.29999999999998,0.1
AK,Children,2006,8,2.0,0.1
AK,Children,2007,11,16.6,0.1
AK,Children,2008,9,3.6,0.1
AK,Children,2009,10,15.699999999999998,0.1
AK,Children,2010,15,3.350000000000001,0.1
AK,Children,2011,18,7.1,0.1
AK,Children,2012,11,4.0,0.1
AK,Children,2013,6,2.2,0.1
AK,Debris Burning,1992,99,330.0000000000003,0.3
AK,Debris Burning,1993,98,1548.0999999999965,0.2
AK,Debris Burning,1994,110,1341.1999999999953,0.1
AK,Debris Burning,1995,111,4805.6000000000095,0.3
AK,Debris Burning,1996,174,37255.09999999987,0.1
AK,Debris Burning,1997,140,366.69999999999965,0.1
AK,Debris Burning,1998,104,83.30000000000008,0.1
AK,Debris Burning,1999,106,4731.800000000019,0.1
AK,Debris Burning,2000,83,52.30000000000003,0.1
AK,Debris Burning,2001,105,88891.6000000003,0.1
AK,Debris Burning,2002,150,26573.99999999998,0.2
AK,Debris Burning,2003,135,20083.099999999908,0.1
AK,Debris Burning,2004,111,91.94999999999978,0.1
AK,Debris Burning,2005,122,904.4000000000016,0.1
AK,Debris Burning,2006,97,119177.3,0.1
AK,Debris Burning,2007,72,75.69999999999999,0.2
AK,Debris Burning,2008,87,72.20000000000002,0.1
AK,Debris Burning,2009,91,65.9,0.1
AK,Debris Burning,2010,78,44.77000000000005,0.1
AK,Debris Burning,2011,93,113.04999999999986,0.1
AK,Debris Burning,2012,67,53.700000000000045,0.1
AK,Debris Burning,2013,123,116.69999999999949,0.1
AK,Debris Burning,2014,7,3.1,0.1
AK,Debris Burning,2015,3,0.30000000000000004,0.1
AK,Equipment Use,1992,9,1.2,0.1
AK,Equipment Use,1993,20,161.69999999999996,0.1
AK,Equipment Use,1994,10,11.2,0.1
AK,Equipment Use,1995,9,3.8000000000000003,0.1
AK,Equipment Use,1996,30,415.0999999999999,0.3
AK,Equipment Use,1997,19,9.499999999999998,0.1
AK,Equipment Use,1998,12,1.5,0.1
AK,Equipment Use,1999,16,4.699999999999999,0.1
AK,Equipment Use,2000,13,12933.6,0.3
AK,Equipment Use,2001,18,3.800000000000001,0.1
AK,Equipment Use,2002,21,137081.10000000003,0.2
AK,Equipment Use,2003,22,53.800000000000026,0.1
AK,Equipment Use,2004,19,9.100000000000001,0.1
AK,Equipment Use,2005,14,552.5000000000002,0.55
AK,Equipment Use,2006,10,9.799999999999999,0.1
AK,Equipment Use,2007,5,50.4,0.1
AK,Equipment Use,2008,6,1.5,0.25
AK,Equipment Use,2009,17,146.30999999999995,0.1
AK,Equipment Use,2010,19,273.00000000000006,0.1
AK,Equipment Use,2011,23,8.399999999999997,0.1
AK,Equipment Use,2012,18,80.3,0.1
AK,Equipment Use,2013,30,3342.199999999999,0.1
AK,Equipment Use,2014,3,0.8,0.1
AK,Equipment Use,2015,2,426.5,213.25
AK,Fireworks,1992,22,7.999999999999998,0.1
AK,Fireworks,1993,28,5.299999999999997,0.1
AK,Fireworks,1994,22,11.099999999999998,0.1
AK,Fireworks,1995,5,0.5,0.1
AK,Fireworks,1996,9,37336.99999999999,0.1
AK,Fireworks,1997,13,2.9,0.1
AK,Fireworks,1998,5,16.600000000000005,0.1
AK,Fireworks,1999,6,0.7,0.1
AK,Fireworks,2000,12,4.300000000000001,0.1
AK,Fireworks,2001,2,0.4,0.2
AK,Fireworks,2002,7,1.8,0.2
AK,Fireworks,2003,6,1.0,0.1
AK,Fireworks,2004,5,38.900000000000006,0.1
AK,Fireworks,2005,4,1.1,0.25
AK,Fireworks,2006,4,0.4,0.1
AK,Fireworks,2007,1,0.1,0.1
AK,Fireworks,2008,4,1.6000000000000003,0.1
AK,Fireworks,2009,3,14.0,4.0
AK,Lightning,1992,98,89485.99999999999,5.5
AK,Lightning,1993,276,684858.0999999995,6.0
AK,Lightning,1994,208,256398.60000000015,11.0
AK,Lightning,1995,63,38208.899999999994,5.0
AK,Lightning,1996,142,428014.6999999997,8.5
AK,Lightning,1997,241,2008883.300000002,23.0
AK,Lightning,1998,48,119370.1,16.5
AK,Lightning,1999,157,981225.4999999999,30.0
AK,Lightning,2000,83,740918.5999999999,20.0
AK,Lightning,2001,29,10465.300000000003,5.0
AK,Lightning,2002,170,1766101.3000000026,21.0
AK,Lightning,2003,80,579423.7,10.0
AK,Lightning,2004,274,6572470.700189994,35.8
AK,Lightning,2005,325,4623161.401999996,50.0
AK,Lightning,2006,54,133396.90000000002,34.5
AK,Lightning,2007,263,541897.4000199994,11.5
AK,Lightning,2008,103,90627.90000000005,10.0
AK,Lightning,2009,195,2892886.100000002,20.0
AK,Lightning,2010,333,1030998.8999999996,13.1
AK,Lightning,2011,133,267756.49999999977,5.0
AK,Lightning,2012,146,266759.7,15.0
AK,Lightning,2013,212,1159285.0000000005,37.0
AK,Lightning,2014,53,10536.800000000001,25.0
AK,Lightning,2015,422,5034867.789999994,908.3
AK,Miscellaneous,1992,61,48247.19999999996,0.1
AK,Miscellaneous,1993,137,205.59999999999948,0.1
AK,Miscellaneous,1994,98,386.50000000000136,0.1
AK,Miscellaneous,1995,79,415.40000000000055,0.1
AK,Miscellaneous,1996,54,2249.100000000001,0.1
AK,Miscellaneous,1997,89,14937.60000000002,0.1
AK,Miscellaneous,1998,68,638.0000000000007,0.1
AK,Miscellaneous,1999,63,572.8000000000008,0.1
AK,Miscellaneous,2000,43,471.50000000000017,0.1
AK,Miscellaneous,2001,38,117817.00000000009,0.25
AK,Miscellaneous,2002,57,390.2000000000007,0.1
AK,Miscellaneous,2003,59,361.20000000000033,0.2
AK,Miscellaneous,2004,32,7303.900000000004,0.1
AK,Miscellaneous,2005,46,4990.100000000008,0.1
AK,Miscellaneous,2006,15,283.3000000000002,0.1
AK,Miscellaneous,2007,14,33457.0,0.1
AK,Miscellaneous,2008,40,315.20000000000056,0.1
AK,Miscellaneous,2009,61,390.05,0.2
AK,Miscellaneous,2010,42,1777.4,0.15000000000000002
AK,Miscellaneous,2011,62,18.249999999999996,0.1
AK,Miscellaneous,2012,67,16689.09999999994,0.1
AK,Miscellaneous,2013,77,1424.3999999999965,0.1
AK,Miscellaneous,2014,13,408.1,0.1
AK,Miscellaneous,2015,14,9534.17,0.1
AK,Missing/Undefined,1992,2,0.6,0.3
AK,Missing/Undefined,1994,3,20.2,0.1
AK,Missing/Undefined,1995,1,0.1,0.1
AK,Missing/Undefined,1997,1,2.0,2.0
AK,Missing/Undefined,1999,2,415.79999,207.899995
AK,Missing/Undefined,2001,1,2.0,2.0
AK,Missing/Undefined,2003,6,11.8,0.3
AK,Missing/Undefined,2004,46,171.3999999999999,0.1
AK,Missing/Undefined,2005,1,0.5,0.5
AK,Missing/Undefined,2006,23,43.60000000000002,0.1
AK,Missing/Undefined,2007,55,56474.79999999997,0.1
AK,Missing/Undefined,2008,13,804.0000000000001,1.0
AK,Missing/Undefined,2009,17,12854.6,0.3
AK,Missing/Undefined,2010,37,1081.0,0.5
AK,Missing/Undefined,2011,48,24029.399999999954,0.1
AK,Missing/Undefined,2012,43,16812.899999999987,0.1
AK,Missing/Undefined,2013,69,69369.2000000002,0.1
AK,Missing/Undefined,2014,281,222631.80000000115,0.1
AK,Missing/Undefined,2015,281,85780.80000000102,0.1
AK,Powerline,1992,22,4.400000000000001,0.1
AK,Powerline,1993,29,11.599999999999998,0.1
AK,Powerline,1994,8,1.7000000000000002,0.1
AK,Powerline,1995,24,37.40000000000003,0.1
AK,Powerline,1996,17,3.2000000000000006,0.1
AK,Powerline,1997,24,8.199999999999996,0.1
AK,Powerline,1998,35,14.799999999999999,0.1
AK,Powerline,1999,21,29.1,0.1
AK,Powerline,2000,13,3.0,0.1
AK,Powerline,2001,21,3.700000000000001,0.1
AK,Powerline,2002,19,10.0,0.1
AK,Powerline,2003,32,45.30000000000001,0.1
AK,Powerline,2004,14,3.100000000000001,0.1
AK,Powerline,2005,8,5401.700000000002,0.1
AK,Powerline,2006,17,17.599999999999998,0.1
AK,Powerline,2007,11,2.1,0.1
AK,Powerline,2008,13,37.800000000000004,0.1
AK,Powerline,2009,20,1077.4999999999995,0.1
AK,Powerline,2010,35,12.999999999999995,0.1
AK,Powerline,2012,1,1.5,1.5
AK,Powerline,2013,3,0.30000000000000004,0.1
AK,Powerline,2014,2,1.1,0.55
AK,Powerline,2015,5,4862.4000000000015,0.1
AK,Railroad,1996,2,10.1,5.05
AK,Railroad,2000,1,0.1,0.1
AK,Railroad,2004,1,0.1,0.1
AK,Railroad,2006,2,84.5,42.25
AK,Railroad,2007,3,28.6,1.5
AK,Railroad,2009,1,0.2,0.2
AK,Railroad,2011,1,0.1,0.1
AK,Railroad,2012,1,0.5,0.5
AK,Smoking,1992,19,1056.399999999999,0.1
AK,Smoking,1993,29,19.100000000000016,0.1
AK,Smoking,1994,25,4.5,0.1
AK,Smoking,1995,19,64.9,0.1
AK,Smoking,1996,40,6424.400000000011,0.1
AK,Smoking,1997,26,63.40000000000003,0.1
AK,Smoking,1998,9,1.7999999999999998,0.1
AK,Smoking,1999,9,16.400000000000002,0.1
AK,Smoking,2000,6,1121.6,0.35
AK,Smoking,2001,11,3.000000000000001,0.1
AK,Smoking,2002,13,6.0,0.2
AK,Smoking,2003,11,1.3,0.1
AK,Smoking,2004,12,3.400000000000001,0.1
AK,Smoking,2005,7,0.85,0.1
AK,Smoking,2006,2,0.4,0.2
AK,Smoking,2007,3,0.30000000000000004,0.1
AK,Smoking,2008,2,0.7,0.35
AK,Smoking,2009,3,1.8,0.2
AK,Smoking,2010,2,0.2,0.1
AK,Smoking,2011,6,0.7999999999999999,0.1
AK,Smoking,2012,2,0.2,0.1
AK,Smoking,2013,4,0.5,0.1
AK,Smoking,2015,2,2.1,1.05
AK,Structure,1992,21,241.79999999999993,0.1
AK,Structure,1993,30,6.299999999999997,0.1
AK,Structure,1994,18,3.5,0.1
AK,Structure,1995,16,4.599999999999999,0.1
AK,Structure,1996,28,14.899999999999995,0.1
AK,Structure,1997,23,10.1,0.2
AK,Structure,1998,13,91.8,0.1
AK,Structure,1999,19,4.2,0.1
AK,Structure,2000,23,3.4000000000000012,0.1
AK,Structure,2001,13,4.4,0.1
AK,Structure,2002,15,4.0,0.1
AK,Structure,2003,17,1.9000000000000004,0.1
AK,Structure,2004,20,4.0,0.1
AK,Structure,2005,17,5.699999999999998,0.1
AK,Structure,2006,10,20.200000000000006,0.1
AK,Structure,2007,20,39.3,0.1
AK,Structure,2008,11,1.6000000000000003,0.1
AK,Structure,2009,17,6.599999999999999,0.1
AK,Structure,2010,11,1.9,0.1
AK,Structure,2011,4,55.300000000000004,0.1
AL,Arson,1992,68,844.8000000000001,4.0
AL,Arson,1993,98,1913.9999999999995,3.0
AL,Arson,1994,86,943.4000000000002,4.0
AL,Arson,1995,136,4374.400000000001,2.75
AL,Arson,1996,109,1986.7999999999997,5.0
AL,Arson,1997,1303,14301.600000000022,3.0
AL,Arson,1998,1867,26556.399999999936,3.5
AL,Arson,1999,2338,33961.09999999986,4.0
AL,Arson,2000,2767,49702.89999999975,4.0
AL,Arson,2001,1559,25392.99999999995,5.0
AL,Arson,2002,1330,23600.699999999993,5.0
AL,Arson,2003,909,13502.800000000014,6.0
AL,Arson,2004,1458,30856.169999999936,8.6
AL,Arson,2005,1250,30904.05999999998,8.0
AL,Arson,2006,1713,42195.899999999936,10.0
AL,Arson,2007,1488,27138.829999999954,4.0
AL,Arson,2008,684,9929.120000000004,5.0
AL,Arson,2009,442,10190.910000000003,10.0
AL,Arson,2010,620,14839.810000000003,10.0
AL,Arson,2011,398,15068.550000000007,10.0
AL,Arson,2012,361,10215.19,15.0
AL,Arson,2013,273,11306.640000000003,17.0
AL,Arson,2014,322,10858.970000000007,10.0
AL,Arson,2015,247,6657.94,13.5
AL,Campfire,1992,2,0.2,0.1
AL,Campfire,1993,2,0.6,0.3
AL,Campfire,1994,1006,5995.799999999998,2.0
AL,Campfire,1995,1235,6918.2999999999965,2.0
AL,Campfire,1996,1230,10444.200000000019,2.5
AL,Campfire,1997,26,240.7,4.3
AL,Campfire,1998,35,217.99999999999997,2.5
AL,Campfire,1999,46,370.6,3.0
AL,Campfire,2000,48,665.3,4.0
AL,Campfire,2001,33,344.6,6.0
AL,Campfire,2002,20,184.8,1.75
AL,Campfire,2003,11,86.9,6.0
AL,Campfire,2004,11,152.2,4.0
AL,Campfire,2005,20,692.5,16.95
AL,Campfire,2006,19,402.6,8.6
AL,Campfire,2007,38,478.90000000000003,3.75
AL,Campfire,2008,14,104.5,1.75
AL,Campfire,2009,10,363.35,8.5
AL,Campfire,2010,40,744.85,3.0
AL,Campfire,2011,17,1426.05,2.0
AL,Campfire,2012,19,418.35,5.0
AL,Campfire,2013,23,1062.2200000000003,5.0
AL,Campfire,2014,13,223.4,12.0
AL,Campfire,2015,13,183.4,7.5
AL,Children,1994,57,174.39999999999998,1.3
AL,Children,1995,80,525.3000000000001,1.0
AL,Children,1996,108,439.1,1.5
AL,Children,1997,55,307.30000000000007,0.5
AL,Children,1998,64,373.6,0.9
AL,Children,1999,60,170.69999999999996,1.0
AL,Children,2000,130,462.60000000000014,1.5
AL,Children,2001,60,750.4000000000001,2.0
AL,Children,2002,56,146.7,1.0
AL,Children,2003,29,138.35,2.0
AL,Children,2004,62,454.1500000000001,1.75
AL,Children,2005,30,174.35000000000002,2.0
AL,Children,2006,71,1746.6999999999998,1.0
AL,Children,2007,43,177.44999999999996,1.5
AL,Children,2008,26,167.5,1.0
AL,Children,2009,14,85.69999999999999,2.0
AL,Children,2010,16,118.67999999999999,3.75
AL,Children,2011,20,60.8,1.0
AL,Children,2012,10,77.0,3.5
AL,Children,2013,8,58.35,5.0
AL,Children,2014,10,39.55,2.0
AL,Children,2015,13,98.85,1.0
AL,Debris Burning,1992,8,68.7,5.0
AL,Debris Burning,1993,4,28.4,6.449999999999999
AL,Debris Burning,1994,1846,23658.39999999999,3.5
AL,Debris Burning,1995,2146,22698.499999999975,3.0
AL,Debris Burning,1996,1998,27454.299999999977,3.5
AL,Debris Burning,1997,824,4996.599999999997,2.0
AL,Debris Burning,1998,1022,5504.500000000005,2.0
AL,Debris Burning,1999,1251,9890.000000000016,2.0
AL,Debris Burning,2000,1846,15144.000000000051,2.0
AL,Debris Burning,2001,1077,7348.500000000005,2.0
AL,Debris Burning,2002,1012,9139.90000000001,3.0
AL,Debris Burning,2003,599,4219.099999999996,3.0
AL,Debris Burning,2004,1061,11179.840000000015,3.0
AL,Debris Burning,2005,862,8255.530000000017,3.0
AL,Debris Burning,2006,1277,14982.800000000016,3.5
AL,Debris Burning,2007,1339,15586.040000000028,2.5
AL,Debris Burning,2008,771,5930.760000000004,3.0
AL,Debris Burning,2009,541,9669.87,5.0
AL,Debris Burning,2010,1173,12193.18000000001,3.0
AL,Debris Burning,2011,668,9021.350000000002,3.0
AL,Debris Burning,2012,2,74.0,37.0
AL,Debris Burning,2013,5,83.8,15.0
AL,Debris Burning,2014,1,4.0,4.0
AL,Debris Burning,2015,452,4156.839999999999,3.0
AL,Equipment Use,1993,3,24.1,6.0
AL,Equipment Use,1994,33,395.80000000000007,5.0
AL,Equipment Use,1995,47,343.5,2.5
AL,Equipment Use,1996,30,307.7,3.75
AL,Equipment Use,1997,160,510.70000000000033,1.0
AL,Equipment Use,1998,193,722.1000000000008,0.5
AL,Equipment Use,1999,291,2657.499999999994,1.0
AL,Equipment Use,2000,365,2862.3999999999974,1.5
AL,Equipment Use,2001,192,655.5000000000011,1.0
AL,Equipment Use,2002,167,1214.0999999999995,1.5
AL,Equipment Use,2003,113,388.3500000000003,0.5
AL,Equipment Use,2004,134,823.3500000000003,1.0
AL,Equipment Use,2005,115,843.5000000000007,1.2
AL,Equipment Use,2006,245,4420.539999999998,3.0
AL,Equipment Use,2007,228,1594.619999999999,2.15
AL,Equipment Use,2008,138,1331.82,2.5
AL,Equipment Use,2009,75,716.6600000000002,1.0
AL,Equipment Use,2010,188,1827.4799999999989,3.85
AL,Equipment Use,2011,94,2144.449999999999,2.25
AL,Equipment Use,2012,70,670.4200000000001,3.5
AL,Equipment Use,2013,73,703.8800000000005,0.5
AL,Equipment Use,2014,77,770.4100000000005,2.0
AL,Equipment Use,2015,113,802.1200000000002,1.02
AL,Fireworks,1992,1,32.0,32.0
AL,Fireworks,1993,1,1.0,1.0
AL,Fireworks,2009,8,36.370000000000005,1.25
AL,Fireworks,2010,13,141.7,5.0
AL,Fireworks,2011,8,478.5,5.5
AL,Fireworks,2012,11,56.5,3.0
AL,Fireworks,2013,3,47.0,18.0
AL,Fireworks,2014,8,57.6,3.0
AL,Fireworks,2015,4,37.1,3.0
AL,Lightning,1992,2,45.0,22.5
AL,Lightning,1993,9,187.2,3.0
AL,Lightning,1994,14,398.7000000000001,7.0
AL,Lightning,1995,64,823.8000000000002,5.5
AL,Lightning,1996,37,1616.8,5.0
AL,Lightning,1997,10,78.7,6.75
AL,Lightning,1998,50,404.7,3.0
AL,Lightning,1999,63,862.5000000000001,3.0
AL,Lightning,2000,265,10769.800000000005,7.0
AL,Lightning,2001,35,1282.6,12.0
AL,Lightning,2002,66,1396.8999999999996,3.0
AL,Lightning,2003,2,7.1,3.55
AL,Lightning,2004,10,155.4,11.0
AL,Lightning,2005,10,75.85,4.55
AL,Lightning,2006,160,7296.3,18.5
AL,Lightning,2007,192,5569.57,4.5
AL,Lightning,2008,40,913.1600000000001,3.0
AL,Lightning,2009,18,787.8,18.5
AL,Lightning,2010,35,531.1500000000001,12.5
AL,Lightning,2011,107,5041.11,6.0
AL,Lightning,2012,62,3720.2,16.0
AL,Lightning,2013,16,361.63,1.75
AL,Lightning,2014,26,879.95,13.5
AL,Lightning,2015,27,2848.1,20.0
AL,Miscellaneous,1992,10,257.4,1.5
AL,Miscellaneous,1993,15,158.0,5.0
AL,Miscellaneous,1994,147,1120.0999999999997,2.0
AL,Miscellaneous,1995,202,1492.8000000000004,1.45
AL,Miscellaneous,1996,226,2521.4999999999977,1.0
AL,Miscellaneous,1997,116,564.2,1.0
AL,Miscellaneous,1998,203,972.6000000000008,1.3
AL,Miscellaneous,1999,229,3343.199999999996,2.0
AL,Miscellaneous,2000,576,7235.700000000011,2.0
AL,Miscellaneous,2001,228,2618.199999999997,2.3
AL,Miscellaneous,2002,194,2208.9999999999986,3.0
AL,Miscellaneous,2003,96,1913.8199999999995,2.0
AL,Miscellaneous,2004,242,2624.829999999999,2.0
AL,Miscellaneous,2005,172,1618.729999999999,2.0
AL,Miscellaneous,2006,335,6735.150000000006,5.0
AL,Miscellaneous,2007,374,3134.579999999997,2.0
AL,Miscellaneous,2008,264,2252.3299999999986,2.0
AL,Miscellaneous,2009,192,2271.75,5.0
AL,Miscellaneous,2010,666,10351.57000000002,5.0
AL,Miscellaneous,2011,621,19264.569999999992,5.0
AL,Miscellaneous,2012,1174,13801.95,2.0
AL,Miscellaneous,2013,1197,15723.190000000104,2.0
AL,Miscellaneous,2014,1874,22378.224999999715,1.775
AL,Miscellaneous,2015,1150,13433.96000000013,1.0
AL,Missing/Undefined,1994,1,0.2,0.2
AL,Missing/Undefined,1995,1,1.0,1.0
AL,Missing/Undefined,2002,2,232.5,116.25
AL,Missing/Undefined,2003,2,10.0,5.0
AL,Missing/Undefined,2004,6,110.0,6.0
AL,Missing/Undefined,2005,3,35.5,8.0
AL,Missing/Undefined,2006,14,733.0,3.5
AL,Missing/Undefined,2007,15,2185.5,138.0
AL,Missing/Undefined,2008,10,2326.0,167.5
AL,Missing/Undefined,2009,5,12.299999999999999,1.0
AL,Missing/Undefined,2010,1,142.0,142.0
AL,Missing/Undefined,2011,3,770.0,85.0
AL,Missing/Undefined,2012,3,5.0,1.0
AL,Missing/Undefined,2013,2,10.0,5.0
AL,Missing/Undefined,2014,5,2102.1,42.0
AL,Missing/Undefined,2015,2,2021.0,1010.5
AL,Powerline,2009,26,319.78,3.5
AL,Powerline,2010,65,449.7800000000001,2.0
AL,Powerline,2011,42,296.40000000000003,2.0
AL,Powerline,2012,1,0.1,0.1
AL,Powerline,2013,44,423.84999999999997,4.0
AL,Powerline,2014,42,427.3000000000001,3.0
AL,Powerline,2015,35,311.2,2.0
AL,Railroad,1992,1,5.0,5.0
AL,Railroad,1993,2,20.0,10.0
AL,Railroad,1994,161,1165.2000000000005,1.0
AL,Railroad,1995,180,965.1000000000001,1.0
AL,Railroad,1996,170,1386.8999999999996,1.0
AL,Railroad,1997,43,820.5,3.0
AL,Railroad,1998,33,445.30000000000007,5.0
AL,Railroad,1999,95,804.3000000000003,2.0
AL,Railroad,2000,81,697.1000000000003,3.0
AL,Railroad,2001,28,357.30000000000007,1.75
AL,Railroad,2002,24,194.4,5.0
AL,Railroad,2003,27,256.15,4.0
AL,Railroad,2004,19,263.1,8.0
AL,Railroad,2005,37,280.45,1.0
AL,Railroad,2006,47,667.3000000000001,5.0
AL,Railroad,2007,61,411.2,2.0
AL,Railroad,2008,35,248.1,3.0
AL,Railroad,2009,18,104.39999999999999,0.75
AL,Railroad,2010,22,346.75,4.0
AL,Railroad,2011,26,311.9,4.5
AL,Smoking,1992,1,0.1,0.1
AL,Smoking,1993,3,3.5,1.0
AL,Smoking,1994,101,812.4,2.0
AL,Smoking,1995,139,753.9000000000003,1.0
AL,Smoking,1996,140,1525.9,2.0
AL,Smoking,1997,54,235.09999999999994,1.5
AL,Smoking,1998,99,363.40000000000003,1.0
AL,Smoking,1999,128,488.30000000000007,0.75
AL,Smoking,2000,186,727.6000000000005,1.5
AL,Smoking,2001,97,345.00000000000017,2.0
AL,Smoking,2002,55,377.00000000000006,2.0
AL,Smoking,2003,36,249.89999999999995,0.95
AL,Smoking,2004,51,267.79999999999995,1.5
AL,Smoking,2005,48,327.5,2.0
AL,Smoking,2006,66,368.8299999999999,1.65
AL,Smoking,2007,55,508.50000000000006,2.0
AL,Smoking,2008,30,93.0,1.75
AL,Smoking,2009,12,292.09999999999997,1.0
AL,Smoking,2010,32,220.14999999999998,4.35
AL,Smoking,2011,14,102.7,2.0
AL,Smoking,2012,14,42.25,1.5
AL,Smoking,2013,12,92.8,5.5
AL,Smoking,2014,10,47.0,2.5
AL,Smoking,2015,5,163.2,18.0
AL,Structure,2009,11,76.75,2.0
AL,Structure,2010,42,171.36999999999998,1.0
AL,Structure,2011,24,110.79999999999998,0.75
AL,Structure,2012,20,75.5,2.0
AL,Structure,2013,14,62.050000000000004,1.5
AL,Structure,2014,30,173.0,1.0
AL,Structure,2015,13,119.99999999999999,1.0
AR,Arson,1992,78,1062.7000000000003,4.0
AR,Arson,1993,114,1438.200000000001,1.95
AR,Arson,1994,110,1636.2999999999993,2.25
AR,Arson,1995,164,4454.599999999998,3.0
AR,Arson,1996,121,2365.0,3.0
AR,Arson,1997,490,7156.3,5.0
AR,Arson,1998,426,5900.200000000001,3.0
AR,Arson,1999,824,12248.5,3.0
AR,Arson,2000,992,13838.1,3.0
AR,Arson,2001,467,6482.4,4.0
AR,Arson,2002,405,7546.1,3.0
AR,Arson,2003,542,11476.850000000004,5.0
AR,Arson,2004,525,13651.449999999999,5.0
AR,Arson,2005,878,20090.23,5.0
AR,Arson,2006,922,25336.05,5.0
AR,Arson,2007,489,12643.0,6.0
AR,Arson,2008,275,4792.99,3.0
AR,Arson,2009,389,9747.65,9.0
AR,Arson,2010,646,13988.85,5.0
AR,Arson,2011,595,14245.550000000001,4.0
AR,Arson,2012,568,10916.48,3.8
AR,Arson,2013,23,1394.9499999999998,0.44
AR,Arson,2014,305,6899.199999999999,5.0
AR,Arson,2015,29,3889.0199999999995,3.0
AR,Campfire,1992,6,25.900000000000002,4.15
AR,Campfire,1993,4,25.7,5.25
AR,Campfire,1994,7,62.9,0.8
AR,Campfire,1995,5,12.6,2.0
AR,Campfire,1996,6,160.79999999999998,20.0
AR,Campfire,1997,17,261.1,5.0
AR,Campfire,1998,14,83.80000000000001,1.0
AR,Campfire,1999,51,539.8,3.0
AR,Campfire,2000,17,201.0,3.0
AR,Campfire,2001,26,221.70000000000002,1.0
AR,Campfire,2002,13,99.7,2.0
AR,Campfire,2003,20,149.2,3.5
AR,Campfire,2004,15,200.91,5.0
AR,Campfire,2005,39,697.38,3.0
AR,Campfire,2006,34,918.6,3.0
AR,Campfire,2007,18,192.2,4.0
AR,Campfire,2008,8,14.85,1.75
AR,Campfire,2009,11,111.2,8.0
AR,Campfire,2010,21,132.89999999999998,2.0
AR,Campfire,2011,20,175.99999999999997,5.5
AR,Campfire,2012,25,506.4000000000001,2.0
AR,Campfire,2013,7,85.11,0.1
AR,Campfire,2014,30,314.61,3.0
AR,Campfire,2015,22,59.35,1.0
AR,Children,1992,1,15.0,15.0
AR,Children,1994,2,6.0,3.0
AR,Children,1995,1,20.0,20.0
AR,Children,1997,10,55.4,1.0
AR,Children,1998,27,109.0,1.0
AR,Children,1999,30,48.0,1.0
AR,Children,2000,24,170.5,1.0
AR,Children,2001,22,73.0,1.0
AR,Children,2002,15,163.0,2.0
AR,Children,2003,17,64.1,2.0
AR,Children,2004,14,84.0,3.0
AR,Children,2005,37,193.0,1.0
AR,Children,2006,40,296.0,2.0
AR,Children,2007,9,121.0,3.0
AR,Children,2008,9,33.0,2.0
AR,Children,2009,11,50.0,2.0
AR,Children,2010,23,109.0,2.0
AR,Children,2011,31,108.0,2.0
AR,Children,2012,27,329.0,2.0
AR,Children,2014,15,380.0,2.0
AR,Children,2015,14,348.0,3.0
AR,Debris Burning,1992,16,204.89999999999998,5.0
AR,Debris Burning,1993,11,86.89999999999999,4.0
AR,Debris Burning,1994,16,182.5,6.5
AR,Debris Burning,1995,16,267.6,2.5
AR,Debris Burning,1996,34,838.5,4.5
AR,Debris Burning,1997,302,2563.5,3.0
AR,Debris Burning,1998,275,2970.4,3.0
AR,Debris Burning,1999,604,4367.6,2.0
AR,Debris Burning,2000,520,5425.099999999999,3.0
AR,Debris Burning,2001,426,5249.5,3.0
AR,Debris Burning,2002,306,2690.8,3.0
AR,Debris Burning,2003,624,6580.3,3.0
AR,Debris Burning,2004,531,6817.9000000000015,4.0
AR,Debris Burning,2005,712,6569.9,3.0
AR,Debris Burning,2006,827,10932.8,3.0
AR,Debris Burning,2007,437,5221.92,3.0
AR,Debris Burning,2008,318,3188.5,2.0
AR,Debris Burning,2009,466,6233.7,5.0
AR,Debris Burning,2010,877,10244.31,3.0
AR,Debris Burning,2011,745,11368.650000000001,3.0
AR,Debris Burning,2012,582,7030.1,3.0
AR,Debris Burning,2013,9,70.19,3.0
AR,Debris Burning,2014,655,7757.5,4.0
AR,Debris Burning,2015,827,11283.220000000001,4.0
AR,Equipment Use,1992,5,2.8000000000000003,0.1
AR,Equipment Use,1993,1,0.1,0.1
AR,Equipment Use,1994,3,24.6,9.5
AR,Equipment Use,1995,2,0.7,0.35
AR,Equipment Use,1996,4,260.1,3.5
AR,Equipment Use,1997,70,417.3,1.5
AR,Equipment Use,1998,87,666.2,2.0
AR,Equipment Use,1999,174,1608.9,2.0
AR,Equipment Use,2000,181,1444.5,2.0
AR,Equipment Use,2001,70,350.0,2.0
AR,Equipment Use,2002,52,374.9,2.0
AR,Equipment Use,2003,93,1084.6,2.0
AR,Equipment Use,2004,89,440.81,2.0
AR,Equipment Use,2005,170,2256.5499999999997,3.0
AR,Equipment Use,2006,169,2426.9,2.0
AR,Equipment Use,2007,106,858.1,2.0
AR,Equipment Use,2008,65,413.2,2.0
AR,Equipment Use,2009,57,328.8,2.0
AR,Equipment Use,2010,188,2099.71,2.0
AR,Equipment Use,2011,198,2788.09,3.0
AR,Equipment Use,2012,233,3765.8,3.0
AR,Equipment Use,2013,11,30.480000000000004,0.85
AR,Equipment Use,2014,72,929.1,3.0
AR,Equipment Use,2015,139,1111.49,2.0
AR,Fireworks,2000,2,16.0,8.0
AR,Fireworks,2006,2,0.2,0.1
AR,Fireworks,2012,3,5.6,0.5
AR,Fireworks,2013,1,0.3,0.3
AR,Fireworks,2015,1,0.2,0.2
AR,Lightning,1992,8,66.8,3.75
AR,Lightning,1993,6,57.1,0.75
AR,Lightning,1994,12,62.2,1.5
AR,Lightning,1995,13,216.3,1.0
AR,Lightning,1996,24,177.29999999999998,2.5
AR,Lightning,1997,38,299.5,5.0
AR,Lightning,1998,100,1601.7,3.5
AR,Lightning,1999,120,967.5,2.0
AR,Lightning,2000,185,2851.0,3.0
AR,Lightning,2001,86,910.9,5.0
AR,Lightning,2002,33,448.3,5.0
AR,Lightning,2003,47,505.45,2.0
AR,Lightning,2004,11,898.1,7.0
AR,Lightning,2005,134,2639.90001,4.0
AR,Lightning,2006,214,21361.11,5.0
AR,Lightning,2007,46,4370.2,4.95
AR,Lightning,2008,69,1233.25,9.0
AR,Lightning,2009,18,160.5,3.0
AR,Lightning,2010,100,1975.1,3.0
AR,Lightning,2011,375,9841.53,4.0
AR,Lightning,2012,396,9626.660000000002,3.0
AR,Lightning,2013,11,497.20000000000005,14.0
AR,Lightning,2014,18,776.3000000000001,2.0
AR,Lightning,2015,23,181.7,3.3
AR,Miscellaneous,1992,10,68.30000000000001,3.5
AR,Miscellaneous,1993,12,46.699999999999996,2.65
AR,Miscellaneous,1994,14,105.79999999999998,0.65
AR,Miscellaneous,1995,25,192.79999999999998,3.0
AR,Miscellaneous,1996,28,1379.1,3.0
AR,Miscellaneous,1997,79,562.4,2.0
AR,Miscellaneous,1998,166,1268.8,2.0
AR,Miscellaneous,1999,323,3646.7,2.0
AR,Miscellaneous,2000,328,4279.0,3.0
AR,Miscellaneous,2001,122,865.4,2.0
AR,Miscellaneous,2002,141,1974.9,3.0
AR,Miscellaneous,2003,243,5527.27,2.0
AR,Miscellaneous,2004,144,1368.6,3.0
AR,Miscellaneous,2005,257,4368.530000000001,2.0
AR,Miscellaneous,2006,301,5930.150000000001,3.0
AR,Miscellaneous,2007,148,1518.6000000000004,2.0
AR,Miscellaneous,2008,109,833.54,2.0
AR,Miscellaneous,2009,108,1070.69,2.0
AR,Miscellaneous,2010,298,5854.9400000000005,2.5
AR,Miscellaneous,2011,508,7181.670000000016,1.0
AR,Miscellaneous,2012,441,5923.55,2.0
AR,Miscellaneous,2013,14,502.56000000000006,1.25
AR,Miscellaneous,2014,171,2299.3,2.0
AR,Miscellaneous,2015,198,1445.4299999999998,2.0
AR,Missing/Undefined,2003,2,141.0,70.5
AR,Missing/Undefined,2004,1,3.0,3.0
AR,Missing/Undefined,2005,2,3085.0,1542.5
AR,Missing/Undefined,2006,3,49.7,9.0
AR,Missing/Undefined,2007,2,30.8,15.4
AR,Missing/Undefined,2008,13,399.1,1.0
AR,Missing/Undefined,2009,1,15.0,15.0
AR,Missing/Undefined,2010,4,49.2,4.5
AR,Missing/Undefined,2011,8,1392.7,28.5
AR,Missing/Undefined,2012,19,316.5,5.0
AR,Missing/Undefined,2013,769,10717.7,3.0
AR,Missing/Undefined,2014,11,1470.6,9.0
AR,Missing/Undefined,2015,16,319.9,1.0
AR,Powerline,1996,2,0.30000000000000004,0.15000000000000002
AR,Powerline,2011,1,0.5,0.5
AR,Powerline,2013,2,0.2,0.1
AR,Powerline,2014,3,9.0,2.0
AR,Railroad,1995,1,0.5,0.5
AR,Railroad,1996,1,0.5,0.5
AR,Railroad,1997,14,27.8,1.0
AR,Railroad,1998,23,157.0,1.0
AR,Railroad,1999,20,72.0,1.0
AR,Railroad,2000,17,37.0,1.0
AR,Railroad,2001,31,143.0,2.0
AR,Railroad,2002,23,222.0,2.0
AR,Railroad,2003,53,178.0,2.0
AR,Railroad,2004,19,35.0,1.0
AR,Railroad,2005,39,298.0,2.0
AR,Railroad,2006,28,420.0,2.0
AR,Railroad,2007,29,225.1,2.0
AR,Railroad,2008,10,277.0,5.5
AR,Railroad,2009,10,49.2,4.0
AR,Railroad,2010,16,36.5,1.0
AR,Railroad,2011,16,304.0,5.0
AR,Railroad,2012,11,49.0,2.0
AR,Railroad,2014,1,3.0,3.0
AR,Railroad,2015,5,5.0,1.0
AR,Smoking,1992,4,32.1,3.5
AR,Smoking,1993,3,105.5,3.1
AR,Smoking,1994,3,223.6,3.5
AR,Smoking,1995,13,25.300000000000008,0.5
AR,Smoking,1996,4,105.19999999999999,2.55
AR,Smoking,1997,20,99.1,1.0
AR,Smoking,1998,38,266.0,1.0
AR,Smoking,1999,78,533.3,2.0
AR,Smoking,2000,97,790.3000000000001,2.0
AR,Smoking,2001,16,155.9,5.0
AR,Smoking,2002,13,129.3,2.0
AR,Smoking,2003,23,279.4,3.0
AR,Smoking,2004,15,146.7,3.0
AR,Smoking,2005,28,234.8,2.0
AR,Smoking,2006,31,268.3,4.0
AR,Smoking,2007,17,503.5,2.0
AR,Smoking,2008,7,14.0,1.0
AR,Smoking,2009,5,9.0,2.0
AR,Smoking,2010,47,264.2,2.0
AR,Smoking,2011,49,493.0,2.0
AR,Smoking,2012,45,377.0,2.0
AR,Smoking,2014,14,203.0,3.0
AR,Smoking,2015,15,89.1,1.0
AR,Structure,2012,1,2.4,2.4
AZ,Arson,1992,338,2535.4999999999945,1.0
AZ,Arson,1993,459,19920.500000000007,1.0
AZ,Arson,1994,306,10259.750000000002,0.9
AZ,Arson,1995,420,12594.200000000013,1.0
AZ,Arson,1996,154,5879.000000000008,0.4
AZ,Arson,1997,171,1391.8000000000002,0.3
AZ,Arson,1998,442,2043.3999999999983,0.5
AZ,Arson,1999,162,6574.600000000007,0.4
AZ,Arson,2000,185,909.450000000002,0.2
AZ,Arson,2001,254,1567.4500000000007,0.5
AZ,Arson,2002,242,476237.69999999943,0.2
AZ,Arson,2003,117,1632.5999999999997,0.2
AZ,Arson,2004,154,411.9,0.5
AZ,Arson,2005,556,3396.5499999999984,0.5
AZ,Arson,2006,191,4782.4000000000215,0.3
AZ,Arson,2007,194,3856.7999999999956,0.2
AZ,Arson,2008,133,169.28000000000003,0.3
AZ,Arson,2009,183,2869.969999999996,0.3
AZ,Arson,2010,60,589.6500000000002,0.2
AZ,Arson,2011,92,1143.1699999999983,0.225
AZ,Arson,2012,166,1085.8899999999976,0.2
AZ,Arson,2013,112,1155.9199999999967,0.2
AZ,Arson,2014,145,9115.370000000024,0.2
AZ,Arson,2015,105,463.85000000000093,0.2
AZ,Campfire,1992,298,1634.8000000000013,0.1
AZ,Campfire,1993,517,3142.999999999986,0.1
AZ,Campfire,1994,417,3595.4499999999916,0.1
AZ,Campfire,1995,463,2296.099999999985,0.1
AZ,Campfire,1996,316,59899.54999999983,0.1
AZ,Campfire,1997,309,234.699999999999,0.1
AZ,Campfire,1998,305,341.19999999999993,0.1
AZ,Campfire,1999,359,2763.5499999999884,0.1
AZ,Campfire,2000,248,10430.000000000018,0.1
AZ,Campfire,2001,366,1598.249999999989,0.1
AZ,Campfire,2002,227,46484.84999999995,0.1
AZ,Campfire,2003,201,16674.84999999997,0.1
AZ,Campfire,2004,188,21534.90999999988,0.1
AZ,Campfire,2005,243,92693.0800000001,0.1
AZ,Campfire,2006,166,7223.379999999998,0.1
AZ,Campfire,2007,182,7063.630000000015,0.1
AZ,Campfire,2008,215,18461.59999999989,0.1
AZ,Campfire,2009,263,20562.539999999815,0.1
AZ,Campfire,2010,183,19129.969999999892,0.1
AZ,Campfire,2011,136,538397.7699999979,0.1
AZ,Campfire,2012,135,24952.159999999934,0.1
AZ,Campfire,2013,142,12310.050000000025,0.1
AZ,Campfire,2014,123,799.6400000000011,0.1
AZ,Campfire,2015,88,143.39999999999995,0.1
AZ,Children,1992,88,1116.6,0.45
AZ,Children,1993,216,1646.3000000000006,1.0
AZ,Children,1994,154,534.8500000000001,0.5
AZ,Children,1995,207,4417.450000000002,0.5
AZ,Children,1996,147,568.4500000000015,0.2
AZ,Children,1997,135,73.7,0.2
AZ,Children,1998,297,442.30000000000047,0.5
AZ,Children,1999,130,523.6500000000008,0.3
AZ,Children,2000,106,97.6999999999998,0.2
AZ,Children,2001,92,85.00000000000003,0.3
AZ,Children,2002,95,111.14999999999993,0.3
AZ,Children,2003,68,87.10000000000001,0.1
AZ,Children,2004,122,146.59999999999997,0.2
AZ,Children,2005,179,858.0500000000004,0.3
AZ,Children,2006,88,1761.9499999999975,0.3
AZ,Children,2007,53,571.7000000000002,0.2
AZ,Children,2008,109,117.94999999999993,0.3
AZ,Children,2009,101,844.7100000000002,0.3
AZ,Children,2010,46,55.180000000000014,0.2
AZ,Children,2011,33,67.7,0.2
AZ,Children,2012,35,58.45,0.1
AZ,Children,2013,19,1216.4199999999998,0.5
AZ,Children,2014,12,30.060000000000006,0.88
AZ,Children,2015,19,6.199999999999999,0.1
AZ,Debris Burning,1992,291,1269.900000000001,0.5
AZ,Debris Burning,1993,868,13576.650000000043,1.0
AZ,Debris Burning,1994,289,4322.950000000004,0.5
AZ,Debris Burning,1995,365,5111.979999999999,0.7
AZ,Debris Burning,1996,262,1456.3499999999995,0.5
AZ,Debris Burning,1997,133,1320.000000000001,0.2
AZ,Debris Burning,1998,179,837.4000000000017,0.2
AZ,Debris Burning,1999,178,1458.9500000000005,0.2
AZ,Debris Burning,2000,192,1261.9999999999986,0.25
AZ,Debris Burning,2001,164,937.8100000000002,0.2
AZ,Debris Burning,2002,200,697.7500000000001,0.2
AZ,Debris Burning,2003,136,2158.6499999999996,0.1
AZ,Debris Burning,2004,108,6893.949999999999,0.15000000000000002
AZ,Debris Burning,2005,191,2123.1599999999953,0.3
AZ,Debris Burning,2006,129,914.9000000000005,0.25
AZ,Debris Burning,2007,87,5210.4600000000055,0.3
AZ,Debris Burning,2008,85,825.7100000000002,0.3
AZ,Debris Burning,2009,95,753.8400000000007,0.2
AZ,Debris Burning,2010,169,384.6500000000012,0.2
AZ,Debris Burning,2011,106,1416.530000000001,0.5
AZ,Debris Burning,2012,94,1657.56,0.2
AZ,Debris Burning,2013,40,216.43999999999997,0.25
AZ,Debris Burning,2014,67,290.31,0.2
AZ,Debris Burning,2015,30,145.5999999999999,0.2
AZ,Equipment Use,1992,112,3761.969999999999,0.3
AZ,Equipment Use,1993,152,10718.16,0.5
AZ,Equipment Use,1994,170,3930.049999999998,0.5
AZ,Equipment Use,1995,166,2385.299999999997,0.5
AZ,Equipment Use,1996,129,646.8000000000005,0.25
AZ,Equipment Use,1997,55,786.6000000000008,0.1
AZ,Equipment Use,1998,52,190.09999999999988,0.1
AZ,Equipment Use,1999,94,138.6999999999998,0.2
AZ,Equipment Use,2000,115,189.79999999999978,0.25
AZ,Equipment Use,2001,129,1124.3299999999986,0.25
AZ,Equipment Use,2002,136,11982.130000000003,0.275
AZ,Equipment Use,2003,99,1000.2000000000012,0.25
AZ,Equipment Use,2004,110,211.42999999999978,0.2
AZ,Equipment Use,2005,96,34229.79999999998,0.5
AZ,Equipment Use,2006,89,2705.4499999999966,0.1
AZ,Equipment Use,2007,89,1111.65,0.2
AZ,Equipment Use,2008,122,4499.750000000006,0.3
AZ,Equipment Use,2009,120,5484.110000000018,0.15000000000000002
AZ,Equipment Use,2010,84,1140.3499999999997,0.25
AZ,Equipment Use,2011,66,7022.88000000001,0.3
AZ,Equipment Use,2012,82,18730.97999999999,0.275
AZ,Equipment Use,2013,53,54.350000000000044,0.2
AZ,Equipment Use,2014,86,584.3300000000005,0.1
AZ,Equipment Use,2015,67,381.7000000000007,0.1
AZ,Fireworks,1992,9,1436.8999999999999,1.0
AZ,Fireworks,1993,17,60.300000000000004,1.0
AZ,Fireworks,1994,20,15.299999999999997,0.3
AZ,Fireworks,1995,10,56.400000000000006,0.5
AZ,Fireworks,1996,2,1.6,0.8
AZ,Fireworks,1997,13,16.3,0.2
AZ,Fireworks,1998,29,38.60000000000002,0.2
AZ,Fireworks,1999,13,8.8,0.4
AZ,Fireworks,2000,8,1.2000000000000002,0.1
AZ,Fireworks,2001,16,18.3,0.5
AZ,Fireworks,2002,5,2.5,0.2
AZ,Fireworks,2003,11,2.7,0.2
AZ,Fireworks,2004,2,0.4,0.2
AZ,Fireworks,2005,20,65.10000000000002,0.25
AZ,Fireworks,2006,12,4.1,0.1
AZ,Fireworks,2007,10,4.8999999999999995,0.2
AZ,Fireworks,2008,4,1.9000000000000001,0.4
AZ,Fireworks,2009,6,412.7000000000001,0.1
AZ,Fireworks,2010,6,0.9999999999999999,0.15000000000000002
AZ,Fireworks,2011,8,2.7,0.2
AZ,Fireworks,2012,10,15.4,0.3
AZ,Fireworks,2013,2,1.0,0.5
AZ,Fireworks,2014,4,0.6499999999999999,0.15000000000000002
AZ,Fireworks,2015,3,26.9,1.6
AZ,Lightning,1992,1185,8091.099999999967,0.1
AZ,Lightning,1993,1025,86522.35000000003,0.1
AZ,Lightning,1994,2051,176481.4000000043,0.1
AZ,Lightning,1995,1426,169882.64999999997,0.1
AZ,Lightning,1996,1995,98443.81000000337,0.1
AZ,Lightning,1997,1186,7864.900000000012,0.1
AZ,Lightning,1998,836,12829.700000000012,0.1
AZ,Lightning,1999,1073,53389.25,0.1
AZ,Lightning,2000,2348,44098.29999999902,0.1
AZ,Lightning,2001,1446,27255.10000000003,0.1
AZ,Lightning,2002,1212,33823.49999999963,0.1
AZ,Lightning,2003,1678,90142.37999999992,0.1
AZ,Lightning,2004,1526,184891.62000000506,0.1
AZ,Lightning,2005,1190,666335.3699999979,0.1
AZ,Lightning,2006,1824,146851.41000000373,0.1
AZ,Lightning,2007,1145,91726.43000000044,0.1
AZ,Lightning,2008,695,73206.55000000006,0.1
AZ,Lightning,2009,928,139233.6800000007,0.2
AZ,Lightning,2010,583,51693.979999999705,0.1
AZ,Lightning,2011,831,106507.04000000026,0.1
AZ,Lightning,2012,756,121997.21000000049,0.1
AZ,Lightning,2013,692,57037.21000000005,0.1
AZ,Lightning,2014,530,160407.0200000001,0.1
AZ,Lightning,2015,615,146072.5900000004,0.1
AZ,Miscellaneous,1992,1014,21858.03000000002,0.5
AZ,Miscellaneous,1993,839,41279.339999999975,1.0
AZ,Miscellaneous,1994,700,15206.440000000017,1.0
AZ,Miscellaneous,1995,928,46655.64999999979,1.0
AZ,Miscellaneous,1996,398,18957.30499999996,0.25
AZ,Miscellaneous,1997,174,1598.500000000001,0.1
AZ,Miscellaneous,1998,445,6985.899999999985,0.3
AZ,Miscellaneous,1999,588,7410.150000000025,0.25
AZ,Miscellaneous,2000,535,21584.79999999974,0.25
AZ,Miscellaneous,2001,598,3080.8499999999926,0.3
AZ,Miscellaneous,2002,604,42080.4099999997,0.25
AZ,Miscellaneous,2003,520,88224.06000000068,0.25
AZ,Miscellaneous,2004,385,6325.800000000022,0.3
AZ,Miscellaneous,2005,634,65352.610000000015,0.5
AZ,Miscellaneous,2006,561,8135.140000000065,0.2
AZ,Miscellaneous,2007,580,5000.600000000014,0.2
AZ,Miscellaneous,2008,355,14911.020000000037,0.25
AZ,Miscellaneous,2009,564,19963.069999999818,0.3
AZ,Miscellaneous,2010,410,14659.360000000039,0.25
AZ,Miscellaneous,2011,267,372986.3999999983,0.5
AZ,Miscellaneous,2012,411,56393.649999999776,0.25
AZ,Miscellaneous,2013,536,28934.21999999987,0.2
AZ,Miscellaneous,2014,573,28817.843999999495,0.1
AZ,Miscellaneous,2015,300,5490.269999999992,0.1
AZ,Missing/Undefined,1992,4,10.7,0.3
AZ,Missing/Undefined,1993,157,15523.650000000001,3.0
AZ,Missing/Undefined,1994,161,8604.524999999998,2.0
AZ,Missing/Undefined,1995,199,12030.050000000007,2.0
AZ,Missing/Undefined,1996,104,754.8000000000004,0.5
AZ,Missing/Undefined,1998,1,2532.0,2532.0
AZ,Missing/Undefined,1999,3,1101.1,1.0
AZ,Missing/Undefined,2000,8,6.8,0.5
AZ,Missing/Undefined,2001,3,20.2,0.1
AZ,Missing/Undefined,2002,7,16369.8,0.1
AZ,Missing/Undefined,2003,3,2.1,1.0
AZ,Missing/Undefined,2004,182,1199.9000000000008,0.25
AZ,Missing/Undefined,2005,505,32030.549989999898,1.0
AZ,Missing/Undefined,2006,206,2845.449999999998,0.5
AZ,Missing/Undefined,2007,67,443.85000000000065,0.3
AZ,Missing/Undefined,2008,148,1572.1999999999962,0.3
AZ,Missing/Undefined,2009,31,31396.599999999995,0.2
AZ,Missing/Undefined,2010,39,54.59999999999999,0.3
AZ,Missing/Undefined,2011,357,9878.120000000024,0.25
AZ,Missing/Undefined,2012,42,3881.2999999999997,0.7
AZ,Missing/Undefined,2013,48,2237.5,0.1
AZ,Missing/Undefined,2014,1269,3120.1999999998966,0.1
AZ,Missing/Undefined,2015,2581,3058.659999999914,0.1
AZ,Powerline,1992,1,0.1,0.1
AZ,Powerline,1993,3,40.2,0.1
AZ,Powerline,1995,6,488.1,3.5
AZ,Powerline,1996,2,301.0,150.5
AZ,Powerline,1997,2,0.4,0.2
AZ,Powerline,1998,2,1.1,0.55
AZ,Powerline,1999,2,0.2,0.1
AZ,Powerline,2000,8,9.5,0.35
AZ,Powerline,2001,2,0.6000000000000001,0.30000000000000004
AZ,Powerline,2002,6,12.399999999999999,0.15000000000000002
AZ,Powerline,2004,1,0.1,0.1
AZ,Powerline,2005,2,0.2,0.1
AZ,Powerline,2006,1,2.0,2.0
AZ,Powerline,2007,3,0.30000000000000004,0.1
AZ,Powerline,2008,1,0.1,0.1
AZ,Powerline,2009,4,486.8,8.35
AZ,Powerline,2010,3,1.2,0.1
AZ,Powerline,2012,4,4.4,0.15000000000000002
AZ,Powerline,2013,3,0.8,0.2
AZ,Powerline,2014,3,6.75,0.5
AZ,Powerline,2015,2,21.200000000000003,10.600000000000001
AZ,Railroad,1992,17,338.65,5.0
AZ,Railroad,1993,95,7644.259999999999,4.0
AZ,Railroad,1994,57,779.6600000000001,0.5
AZ,Railroad,1995,40,1858.1999999999998,2.5
AZ,Railroad,1996,27,69.0,0.5
AZ,Railroad,1997,5,18.0,1.5
AZ,Railroad,1998,12,465.20000000000005,0.5
AZ,Railroad,1999,17,33.9,0.5
AZ,Railroad,2000,7,2.1,0.1
AZ,Railroad,2001,5,5.1,1.0
AZ,Railroad,2002,18,11.499999999999998,0.45
AZ,Railroad,2003,9,18.25,0.25
AZ,Railroad,2004,6,5.5,0.25
AZ,Railroad,2005,14,5192.650000000001,0.7
AZ,Railroad,2006,12,45.300000000000004,0.1
AZ,Railroad,2007,4,5.85,1.125
AZ,Railroad,2008,12,5.57,0.25
AZ,Railroad,2009,1,0.1,0.1
AZ,Railroad,2010,12,6.78,0.1
AZ,Railroad,2011,3,109.0,2.0
AZ,Railroad,2012,2,29.0,14.5
AZ,Railroad,2013,1,0.1,0.1
AZ,Railroad,2014,4,0.6,0.1
AZ,Railroad,2015,1,1.4,1.4
AZ,Smoking,1992,136,539.3000000000003,0.3
AZ,Smoking,1993,290,5492.110000000008,0.4
AZ,Smoking,1994,191,466.16000000000037,0.3
AZ,Smoking,1995,272,4376.7499999999945,0.5
AZ,Smoking,1996,225,422.9000000000011,0.25
AZ,Smoking,1997,65,51.200000000000024,0.2
AZ,Smoking,1998,79,671.9000000000005,0.4
AZ,Smoking,1999,115,393.65000000000055,0.2
AZ,Smoking,2000,98,14318.550000000003,0.25
AZ,Smoking,2001,109,123.54999999999987,0.2
AZ,Smoking,2002,159,1913.2499999999986,0.2
AZ,Smoking,2003,74,67.93,0.15000000000000002
AZ,Smoking,2004,57,8007.220000000008,0.1
AZ,Smoking,2005,53,586.3700000000002,0.3
AZ,Smoking,2006,38,6262.0000000000055,0.1
AZ,Smoking,2007,28,192.05999999999995,0.35
AZ,Smoking,2008,19,143.75,0.3
AZ,Smoking,2009,34,56.76000000000002,0.28
AZ,Smoking,2010,21,6.899999999999997,0.1
AZ,Smoking,2011,9,237.2,1.5
AZ,Smoking,2012,19,11.799999999999999,0.2
AZ,Smoking,2013,16,88.57,0.35
AZ,Smoking,2014,9,2.1900000000000004,0.1
AZ,Smoking,2015,6,2.2,0.1
AZ,Structure,1992,1,0.1,0.1
AZ,Structure,1993,1,0.2,0.2
AZ,Structure,1994,3,3.2,0.1
AZ,Structure,1997,2,0.7999999999999999,0.39999999999999997
AZ,Structure,1999,2,2.5,1.25
AZ,Structure,2000,1,0.1,0.1
AZ,Structure,2001,2,0.2,0.1
AZ,Structure,2002,7,12.5,0.5
AZ,Structure,2004,2,0.4,0.2
AZ,Structure,2005,7,3.7,0.3
AZ,Structure,2006,2,0.5,0.25
AZ,Structure,2007,1,0.5,0.5
AZ,Structure,2009,3,0.4,0.1
AZ,Structure,2010,1,0.2,0.2
AZ,Structure,2011,4,0.6,0.15000000000000002
AZ,Structure,2012,4,0.7999999999999999,0.2
AZ,Structure,2013,1,0.3,0.3
AZ,Structure,2014,3,1.2,0.1
AZ,Structure,2015,2,0.30000000000000004,0.15000000000000002
CA,Arson,1992,1155,91020.10000000188,0.4
CA,Arson,1993,1077,62182.99999999971,0.5
CA,Arson,1994,768,116851.5000000009,0.5
CA,Arson,1995,997,42011.29999999966,0.3
CA,Arson,1996,948,197341.70000000144,0.5
CA,Arson,1997,763,61385.79999999979,0.4
CA,Arson,1998,837,23072.39999999989,0.3
CA,Arson,1999,1068,64356.19999999958,0.3
CA,Arson,2000,828,18954.999999999894,0.3
CA,Arson,2001,952,19088.299999999886,0.3
CA,Arson,2002,936,57806.39999999947,0.3
CA,Arson,2003,865,228613.70000000196,0.3
CA,Arson,2004,809,50500.81999999974,0.3
CA,Arson,2005,787,15200.210000000021,0.4
CA,Arson,2006,928,48087.7099999996,0.3
CA,Arson,2007,1169,7851.640000000034,0.3
CA,Arson,2008,680,30158.03000000003,0.5
CA,Arson,2009,518,172462.44000000088,0.5
CA,Arson,2010,390,3856.6699999999933,0.3
CA,Arson,2011,696,18281.03999999982,0.25
CA,Arson,2012,587,32655.989999999747,0.25
CA,Arson,2013,689,25318.00999999964,0.25
CA,Arson,2014,535,1118.2500000000016,0.1
CA,Arson,2015,653,7895.600000000007,0.1
CA,Campfire,1992,433,14514.400000000016,0.1
CA,Campfire,1993,447,15544.500000000104,0.1
CA,Campfire,1994,452,5522.200000000056,0.1
CA,Campfire,1995,412,20091.099999999908,0.1
CA,Campfire,1996,781,27043.499999999935,0.1
CA,Campfire,1997,590,9021.700000000072,0.1
CA,Campfire,1998,391,1790.6999999999887,0.1
CA,Campfire,1999,544,3178.1999999999944,0.1
CA,Campfire,2000,487,6404.300000000024,0.1
CA,Campfire,2001,518,19834.399999999918,0.1
CA,Campfire,2002,405,178453.00000000093,0.1
CA,Campfire,2003,320,288008.089999998,0.1
CA,Campfire,2004,382,2657.7399999999916,0.1
CA,Campfire,2005,318,6892.000000000001,0.1
CA,Campfire,2006,324,19252.339999999793,0.1
CA,Campfire,2007,347,155821.16000000003,0.1
CA,Campfire,2008,353,84117.29000000117,0.1
CA,Campfire,2009,300,2443.909999999996,0.1
CA,Campfire,2010,245,459.4700000000027,0.1
CA,Campfire,2011,253,3861.639999999993,0.1
CA,Campfire,2012,337,81259.42000000073,0.1
CA,Campfire,2013,300,9007.820000000034,0.1
CA,Campfire,2014,351,16800.03999999987,0.1
CA,Campfire,2015,226,131.1099999999992,0.1
CA,Children,1992,549,5270.3000000000275,0.1
CA,Children,1993,437,1165.499999999997,0.2
CA,Children,1994,412,4918.700000000059,0.1
CA,Children,1995,413,5796.800000000056,0.2
CA,Children,1996,419,2880.199999999987,0.3
CA,Children,1997,349,828.2000000000031,0.2
CA,Children,1998,279,733.0000000000028,0.1
CA,Children,1999,311,589.1000000000016,0.1
CA,Children,2000,272,647.6000000000015,0.1
CA,Children,2001,270,1012.2000000000023,0.1
CA,Children,2002,212,2855.1999999999916,0.1
CA,Children,2003,157,924.1500000000017,0.2
CA,Children,2004,160,205.99999999999991,0.2
CA,Children,2005,118,156.75999999999968,0.2
CA,Children,2006,196,30499.79,0.2
CA,Children,2007,595,39377.779999999526,0.1
CA,Children,2008,271,398.7200000000008,1.0
CA,Children,2009,215,18336.079999999904,0.4
CA,Children,2010,180,2242.2799999999993,0.3
CA,Children,2011,427,852.5400000000005,0.25
CA,Children,2012,221,293.9099999999999,0.25
CA,Children,2013,219,510.8900000000008,0.1
CA,Children,2014,133,629.7000000000003,0.1
CA,Children,2015,115,78.83000000000007,0.1
CA,Debris Burning,1992,688,7531.700000000048,0.5
CA,Debris Burning,1993,665,8656.400000000038,0.5
CA,Debris Burning,1994,705,15338.200000000053,0.5
CA,Debris Burning,1995,561,11663.500000000035,0.5
CA,Debris Burning,1996,632,21546.499999999818,0.5
CA,Debris Burning,1997,733,28240.599999999722,0.5
CA,Debris Burning,1998,342,6515.800000000019,0.5
CA,Debris Burning,1999,556,18801.19999999985,0.5
CA,Debris Burning,2000,488,16635.799999999967,0.5
CA,Debris Burning,2001,427,4331.300000000004,0.5
CA,Debris Burning,2002,499,15499.600000000048,0.5
CA,Debris Burning,2003,347,15233.459999999995,0.2
CA,Debris Burning,2004,470,10412.640000000027,0.3
CA,Debris Burning,2005,358,7293.08000000003,0.5
CA,Debris Burning,2006,446,170062.35000000062,0.3
CA,Debris Burning,2007,770,3606.3599999999888,1.0
CA,Debris Burning,2008,682,4947.44,1.0
CA,Debris Burning,2009,598,11257.740000000053,0.3
CA,Debris Burning,2010,479,1331.4699999999953,0.3
CA,Debris Burning,2011,763,3692.1500000000055,0.25
CA,Debris Burning,2012,731,1848.1699999999948,0.5
CA,Debris Burning,2013,895,9307.001000000115,0.25
CA,Debris Burning,2014,699,1589.9399999999935,0.2
CA,Debris Burning,2015,784,2232.879999999992,0.1
CA,Equipment Use,1992,2323,58726.29999999888,0.5
CA,Equipment Use,1993,2177,46553.99999999923,0.5
CA,Equipment Use,1994,2091,49957.39999999923,0.5
CA,Equipment Use,1995,1976,54050.59999999916,0.5
CA,Equipment Use,1996,2335,202230.20000000313,0.5
CA,Equipment Use,1997,2027,33833.7999999992,0.5
CA,Equipment Use,1998,1796,55702.29999999932,0.3
CA,Equipment Use,1999,1978,64329.19999999884,0.3
CA,Equipment Use,2000,1745,34455.39999999974,0.3
CA,Equipment Use,2001,2076,31718.499999999483,0.3
CA,Equipment Use,2002,1966,36416.09999999951,0.3
CA,Equipment Use,2003,2038,108089.77000000341,0.5
CA,Equipment Use,2004,2211,81770.40000000192,0.3
CA,Equipment Use,2005,2052,43469.40999999958,0.5
CA,Equipment Use,2006,2061,76361.6300000007,0.5
CA,Equipment Use,2007,1664,363026.3299999859,0.5
CA,Equipment Use,2008,1191,26918.839999999735,1.0
CA,Equipment Use,2009,1065,21186.16999999979,0.8
CA,Equipment Use,2010,887,24097.75999999983,0.8
CA,Equipment Use,2011,1188,25067.599999999675,0.5
CA,Equipment Use,2012,738,31611.869999999843,0.25
CA,Equipment Use,2013,738,36039.469999999856,0.5
CA,Equipment Use,2014,548,7790.120000000022,0.2
CA,Equipment Use,2015,536,47823.53999999998,0.25
CA,Fireworks,1992,13,10.8,0.1
CA,Fireworks,1993,15,4560.9,4.0
CA,Fireworks,1994,23,144.0,0.3
CA,Fireworks,1995,12,48.30000000000001,0.15000000000000002
CA,Fireworks,1996,27,69.29999999999998,0.1
CA,Fireworks,1997,5,10.6,0.2
CA,Fireworks,1998,9,285.5,1.0
CA,Fireworks,1999,8,23.900000000000002,0.5
CA,Fireworks,2000,4,20.900000000000002,0.4
CA,Fireworks,2001,3,281.0,2.0
CA,Fireworks,2002,4,2.7,0.2
CA,Fireworks,2003,9,10.9,1.1
CA,Fireworks,2004,6,100.6,0.2
CA,Fireworks,2005,11,674.7,1.0
CA,Fireworks,2006,6,17.799999999999997,0.3
CA,Fireworks,2007,3,1.0,0.3
CA,Fireworks,2008,4,29.6,4.75
CA,Fireworks,2009,9,102.69999999999999,0.1
CA,Fireworks,2010,3,5.199999999999999,0.1
CA,Fireworks,2011,7,9.1,0.5
CA,Fireworks,2012,6,388.1,0.3
CA,Fireworks,2013,3,3.1,1.0
CA,Fireworks,2014,19,13.999999999999996,0.1
CA,Fireworks,2015,10,5.6,0.2
CA,Lightning,1992,2696,26749.499999999858,0.1
CA,Lightning,1993,705,29723.099999999857,0.1
CA,Lightning,1994,1502,143987.10000000388,0.1
CA,Lightning,1995,549,15107.50000000002,0.1
CA,Lightning,1996,1414,120921.60000000036,0.1
CA,Lightning,1997,1100,16448.10000000012,0.1
CA,Lightning,1998,1041,20675.200000000066,0.1
CA,Lightning,1999,1605,425208.79999998497,0.1
CA,Lightning,2000,889,9133.500000000045,0.1
CA,Lightning,2001,1486,150953.9000000009,0.1
CA,Lightning,2002,647,32287.499999999924,0.1
CA,Lightning,2003,1950,176510.18000000136,0.1
CA,Lightning,2004,1087,21185.29999999995,0.1
CA,Lightning,2005,695,99080.4800000009,0.1
CA,Lightning,2006,1399,320461.74000000075,0.2
CA,Lightning,2007,868,74578.08999999973,0.1
CA,Lightning,2008,1102,1052413.0299999951,1.0
CA,Lightning,2009,957,53566.56999999975,0.1
CA,Lightning,2010,616,34010.62999999998,0.1
CA,Lightning,2011,586,85839.50999999985,0.1
CA,Lightning,2012,670,536670.5299999996,0.1
CA,Lightning,2013,1082,42402.75999999922,0.1
CA,Lightning,2014,895,270044.2200000005,0.1
CA,Lightning,2015,1459,458305.7599999908,0.1
CA,Miscellaneous,1992,2427,83481.60000000286,0.3
CA,Miscellaneous,1993,2310,75914.50000000128,0.3
CA,Miscellaneous,1994,2225,56373.79999999898,0.3
CA,Miscellaneous,1995,1967,30366.79999999934,0.3
CA,Miscellaneous,1996,2186,72717.20000000049,0.3
CA,Miscellaneous,1997,1985,120543.20000000355,0.2
CA,Miscellaneous,1998,1750,43866.29999999917,0.2
CA,Miscellaneous,1999,2356,217915.60000000446,0.2
CA,Miscellaneous,2000,1892,107433.80000000431,0.2
CA,Miscellaneous,2001,2056,97530.20000000202,0.2
CA,Miscellaneous,2002,2092,139992.70000000103,0.2
CA,Miscellaneous,2003,1946,76275.50000000186,0.2
CA,Miscellaneous,2004,1995,112649.32000000062,0.2
CA,Miscellaneous,2005,2084,66016.76999999942,0.2
CA,Miscellaneous,2006,2646,142256.23000000542,0.3
CA,Miscellaneous,2007,4308,347481.24999996106,0.3
CA,Miscellaneous,2008,3231,188026.17000000188,1.0
CA,Miscellaneous,2009,2096,156265.62000000276,0.5
CA,Miscellaneous,2010,1870,42621.70999999992,0.5
CA,Miscellaneous,2011,1586,25750.159999999498,0.25
CA,Miscellaneous,2012,1671,57954.26999999946,0.25
CA,Miscellaneous,2013,1989,379996.80099998706,0.25
CA,Miscellaneous,2014,1522,89009.63999999981,0.2
CA,Miscellaneous,2015,1753,81666.0099999997,0.15
CA,Missing/Undefined,1992,1,0.1,0.1
CA,Missing/Undefined,1993,2,0.8,0.4
CA,Missing/Undefined,1995,3,85.2,0.1
CA,Missing/Undefined,1996,7,23.500000000000004,0.1
CA,Missing/Undefined,1997,1,0.1,0.1
CA,Missing/Undefined,1998,11,151.6,1.0
CA,Missing/Undefined,1999,63,5570.9,0.1
CA,Missing/Undefined,2000,7,2628.1,475.0
CA,Missing/Undefined,2001,44,12705.8,0.1
CA,Missing/Undefined,2002,22,48306.2,805.5
CA,Missing/Undefined,2003,22,135500.0,222.5
CA,Missing/Undefined,2004,41,18459.8,35.0
CA,Missing/Undefined,2005,30,13207.8,70.25
CA,Missing/Undefined,2006,19,4405.8,10.5
CA,Missing/Undefined,2007,63,52342.4,2.0
CA,Missing/Undefined,2008,50,20664.8,1.0
CA,Missing/Undefined,2009,981,16752.570000000025,0.5
CA,Missing/Undefined,2010,913,11905.18000000007,0.5
CA,Missing/Undefined,2011,2597,23659.329999999503,0.25
CA,Missing/Undefined,2012,1941,18446.30000000009,0.3
CA,Missing/Undefined,2013,2515,77691.00000000097,0.25
CA,Missing/Undefined,2014,1585,153280.01000000015,0.2
CA,Missing/Undefined,2015,1687,179934.9099999998,0.12
CA,Powerline,1992,32,1693.7999999999997,0.3
CA,Powerline,1993,26,31850.0,1.5
CA,Powerline,1994,18,4445.700000000001,1.2
CA,Powerline,1995,35,15068.400000000003,2.0
CA,Powerline,1996,29,54981.39999999999,6.0
CA,Powerline,1997,26,52211.4,2.0
CA,Powerline,1998,119,5372.499999999998,1.0
CA,Powerline,1999,113,2617.899999999998,0.5
CA,Powerline,2000,74,286.4,0.5
CA,Powerline,2001,54,938.7000000000002,0.3
CA,Powerline,2002,50,1342.699999999998,0.2
CA,Powerline,2003,40,946.4000000000001,0.2
CA,Powerline,2004,38,474.0000000000001,0.25
CA,Powerline,2005,35,144.89999999999995,0.2
CA,Powerline,2006,41,217.3999999999999,0.3
CA,Powerline,2007,25,272.6,1.0
CA,Powerline,2008,7,15162.800000000001,1.5
CA,Powerline,2009,60,2452.85,1.0
CA,Powerline,2010,63,136.32,0.5
CA,Powerline,2011,144,2046.7199999999984,1.0
CA,Powerline,2012,73,3005.4200000000014,1.0
CA,Powerline,2013,36,183.77999999999997,0.5
CA,Powerline,2014,47,4786.680000000002,0.1
CA,Powerline,2015,13,881.0600000000001,0.1
CA,Railroad,1992,36,51.300000000000026,0.2
CA,Railroad,1993,32,152.29999999999995,0.25
CA,Railroad,1994,63,1267.4999999999998,0.3
CA,Railroad,1995,105,60.800000000000125,0.1
CA,Railroad,1996,50,1305.7000000000003,1.0
CA,Railroad,1997,46,487.30000000000007,1.0
CA,Railroad,1998,34,281.6,0.5
CA,Railroad,1999,40,740.4000000000001,0.6
CA,Railroad,2000,60,55567.89999999997,0.2
CA,Railroad,2001,26,1041.4999999999998,0.5
CA,Railroad,2002,30,57.099999999999994,0.3
CA,Railroad,2003,29,174.64999999999998,0.5
CA,Railroad,2004,20,280.40000000000003,1.0
CA,Railroad,2005,28,962.3,0.75
CA,Railroad,2006,21,201.4,2.0
CA,Railroad,2007,23,251.56999999999996,0.3
CA,Railroad,2008,18,6172.300000000003,1.0
CA,Railroad,2009,8,7.21,0.25
CA,Railroad,2010,17,33.400000000000006,0.3
CA,Railroad,2011,8,2621.8,2.15
CA,Railroad,2012,12,5.85,0.15000000000000002
CA,Railroad,2013,4,16.35,0.625
CA,Railroad,2014,7,1514.25,45.0
CA,Railroad,2015,3,0.30000000000000004,0.1
CA,Smoking,1992,472,7319.000000000065,0.1
CA,Smoking,1993,374,45188.39999999974,0.1
CA,Smoking,1994,391,9136.40000000005,0.1
CA,Smoking,1995,343,21716.299999999876,0.2
CA,Smoking,1996,341,6047.400000000045,0.1
CA,Smoking,1997,301,1550.0999999999958,0.1
CA,Smoking,1998,252,1565.7999999999906,0.1
CA,Smoking,1999,263,787.7000000000033,0.1
CA,Smoking,2000,231,507.3000000000008,0.1
CA,Smoking,2001,268,10740.30000000003,0.1
CA,Smoking,2002,264,1922.5999999999945,0.1
CA,Smoking,2003,187,1670.949999999996,0.1
CA,Smoking,2004,194,932.7500000000005,0.1
CA,Smoking,2005,157,453.5599999999999,0.1
CA,Smoking,2006,180,885.1500000000005,0.1
CA,Smoking,2007,316,681.4400000000012,0.1
CA,Smoking,2008,150,1017.7800000000007,0.9
CA,Smoking,2009,128,512.1800000000001,0.5
CA,Smoking,2010,111,245.84999999999982,0.25
CA,Smoking,2011,301,259.3300000000001,0.11
CA,Smoking,2012,211,460.76000000000107,0.12
CA,Smoking,2013,245,931.7100000000012,0.12
CA,Smoking,2014,133,294.1799999999998,0.1
CA,Smoking,2015,123,407.8099999999999,0.1
CA,Structure,1992,8,70.89999999999999,0.1
CA,Structure,1993,3,1.9000000000000001,0.3
CA,Structure,1994,4,2.2,0.3
CA,Structure,1995,8,2.1,0.1
CA,Structure,1996,4,2.3,0.1
CA,Structure,1997,4,5.3999999999999995,0.15000000000000002
CA,Structure,1998,3,0.4,0.1
CA,Structure,1999,5,4.299999999999999,0.1
CA,Structure,2001,2,0.6,0.3
CA,Structure,2002,6,0.9,0.1
CA,Structure,2003,3,7.3,0.2
CA,Structure,2004,5,1466.2,1.0
CA,Structure,2005,5,5162.900000000001,0.5
CA,Structure,2006,4,2.6,0.75
CA,Structure,2008,5,126.8,0.1
CA,Structure,2009,5,4.0,0.5
CA,Structure,2010,2,1.1,0.55
CA,Structure,2011,6,346.0,0.25
CA,Structure,2012,10,166.04999999999998,0.175
CA,Structure,2013,8,1.5999999999999999,0.1
CA,Structure,2014,20,7.749999999999999,0.275
CA,Structure,2015,3,69365.2,2.0
CO,Arson,1992,84,1394.999999999999,0.1
CO,Arson,1993,87,293.3000000000004,0.1
CO,Arson,1994,119,116.39999999999995,0.2
CO,Arson,1995,68,613.0000000000007,0.25
CO,Arson,1996,10,34.7,1.55
CO,Arson,1997,17,114.90000000000002,0.2
CO,Arson,1998,7,257.79999999999995,0.4
CO,Arson,1999,13,400.5,0.5
CO,Arson,2000,13,32.9,1.0
CO,Arson,2001,4,0.6000000000000001,0.1
CO,Arson,2002,20,35.5,0.5
CO,Arson,2003,21,22.3,0.1
CO,Arson,2004,12,70.05,0.1
CO,Arson,2005,14,48.15,0.875
CO,Arson,2006,22,165.00000000000003,0.4
CO,Arson,2007,3,0.30000000000000004,0.1
CO,Arson,2008,5,1.4000000000000001,0.1
CO,Arson,2009,6,7.1,0.2
CO,Arson,2010,204,839.7000000000031,0.1
CO,Arson,2011,21,581.1500000000002,0.1
CO,Arson,2012,37,12915.3,0.25
CO,Arson,2013,41,48.800000000000004,0.1
CO,Arson,2014,8,3.1000000000000005,0.1
CO,Arson,2015,8,644.3000000000001,0.1
CO,Campfire,1992,156,576.5000000000006,0.1
CO,Campfire,1993,237,864.1000000000001,0.1
CO,Campfire,1994,295,6906.600000000031,0.1
CO,Campfire,1995,216,2117.299999999997,0.1
CO,Campfire,1996,128,21624.79999999996,0.1
CO,Campfire,1997,76,80.39999999999999,0.1
CO,Campfire,1998,96,1148.3999999999978,0.1
CO,Campfire,1999,79,102.40000000000003,0.1
CO,Campfire,2000,71,10912.400000000018,0.1
CO,Campfire,2001,78,17.0,0.1
CO,Campfire,2002,54,261.00000000000017,0.1
CO,Campfire,2003,131,16.199999999999964,0.1
CO,Campfire,2004,83,53.31000000000001,0.1
CO,Campfire,2005,73,85.05999999999997,0.1
CO,Campfire,2006,88,28.990000000000023,0.1
CO,Campfire,2007,91,62.65000000000002,0.1
CO,Campfire,2008,102,34.23000000000001,0.1
CO,Campfire,2009,107,94.45999999999954,0.1
CO,Campfire,2010,185,53.27000000000012,0.1
CO,Campfire,2011,136,291.9100000000015,0.1
CO,Campfire,2012,117,219.52999999999963,0.1
CO,Campfire,2013,122,289.6100000000003,0.1
CO,Campfire,2014,91,10.009999999999987,0.1
CO,Campfire,2015,141,75.29999999999995,0.1
CO,Children,1992,21,20.400000000000002,0.2
CO,Children,1993,28,21.8,0.2
CO,Children,1994,53,36.50000000000003,0.1
CO,Children,1995,33,290.4000000000001,0.5
CO,Children,1996,5,5.5,0.3
CO,Children,1997,3,226.0,0.1
CO,Children,1998,10,109.39999999999999,0.25
CO,Children,1999,2,0.6,0.3
CO,Children,2000,5,30.1,1.0
CO,Children,2001,5,4.3999999999999995,0.2
CO,Children,2002,5,1.6,0.2
CO,Children,2003,1,1232.0,1232.0
CO,Children,2004,2,0.2,0.1
CO,Children,2007,2,0.7,0.35
CO,Children,2008,1,74.0,74.0
CO,Children,2009,2,2.2,1.1
CO,Children,2010,11,1.5000000000000002,0.1
CO,Children,2011,2,0.6,0.3
CO,Children,2013,12,31.15000000000001,0.1
CO,Children,2014,1,0.1,0.1
CO,Children,2015,4,0.4,0.1
CO,Debris Burning,1992,45,547.6000000000004,0.3
CO,Debris Burning,1993,42,4550.000000000005,0.5
CO,Debris Burning,1994,59,1172.7999999999984,0.3
CO,Debris Burning,1995,103,3061.699999999998,0.5
CO,Debris Burning,1996,49,1409.1,1.5
CO,Debris Burning,1997,24,34.9,0.30000000000000004
CO,Debris Burning,1998,44,782.1000000000001,3.5
CO,Debris Burning,1999,44,3396.2999999999997,5.6
CO,Debris Burning,2000,38,4269.4,1.75
CO,Debris Burning,2001,11,2905.0,3.0
CO,Debris Burning,2002,14,2265.7,1.35
CO,Debris Burning,2003,14,683.8000000000001,1.25
CO,Debris Burning,2004,7,8956.2,2.0
CO,Debris Burning,2005,3,6.7,0.1
CO,Debris Burning,2006,10,2490.9,3.55
CO,Debris Burning,2007,4,5.21,0.1
CO,Debris Burning,2008,33,1496.5999999999992,1.0
CO,Debris Burning,2009,15,2010.0,2.0
CO,Debris Burning,2010,12,6877.750000000002,0.175
CO,Debris Burning,2011,3,2939.2,0.1
CO,Debris Burning,2012,13,86.69999999999999,1.25
CO,Debris Burning,2013,103,347.4500000000002,0.1
CO,Debris Burning,2014,8,53.8,0.5
CO,Debris Burning,2015,10,238.85,0.1
CO,Equipment Use,1992,19,4.4,0.1
CO,Equipment Use,1993,35,140.19999999999993,0.5
CO,Equipment Use,1994,41,194.1999999999999,0.1
CO,Equipment Use,1995,44,2338.399999999999,0.4
CO,Equipment Use,1996,11,366.4,5.0
CO,Equipment Use,1997,11,4.1,0.1
CO,Equipment Use,1998,12,119.19999999999999,1.75
CO,Equipment Use,1999,15,497.2000000000001,0.5
CO,Equipment Use,2000,10,2052.9,0.1
CO,Equipment Use,2001,9,1277.3999999999999,0.3
CO,Equipment Use,2002,13,4509.000000000002,0.2
CO,Equipment Use,2003,2,1.6,0.8
CO,Equipment Use,2004,8,26.900000000000002,0.5
CO,Equipment Use,2005,16,782.3000000000002,0.15000000000000002
CO,Equipment Use,2006,17,1441.41,2.5
CO,Equipment Use,2007,9,25.5,0.5
CO,Equipment Use,2008,29,741.4600000000003,0.2
CO,Equipment Use,2009,14,115.75,0.2
CO,Equipment Use,2010,11,104.09999999999998,0.1
CO,Equipment Use,2011,13,2469.7999999999993,1.0
CO,Equipment Use,2012,19,1520.0999999999997,0.3
CO,Equipment Use,2013,165,1600.6099999999965,0.1
CO,Equipment Use,2014,13,19642.369999999995,1.0
CO,Equipment Use,2015,11,481.4000000000002,0.1
CO,Fireworks,1992,2,130.1,65.05
CO,Fireworks,1993,3,1.8,0.2
CO,Fireworks,1995,16,13.9,0.45
CO,Fireworks,1996,1,204.0,204.0
CO,Fireworks,1997,8,225.5,0.55
CO,Fireworks,1998,19,27.700000000000003,0.3
CO,Fireworks,1999,13,4.9,0.2
CO,Fireworks,2000,6,8.6,0.75
CO,Fireworks,2001,1,0.1,0.1
CO,Fireworks,2002,1,0.1,0.1
CO,Fireworks,2003,1,0.1,0.1
CO,Fireworks,2005,69,155.89999999999998,0.2
CO,Fireworks,2006,1,13.0,13.0
CO,Fireworks,2007,5,12.0,0.1
CO,Fireworks,2008,3,8.299999999999999,0.1
CO,Fireworks,2010,42,32.9,0.1
CO,Fireworks,2011,2,0.2,0.1
CO,Fireworks,2012,2,5.2,2.6
CO,Fireworks,2013,42,188.17999999999986,0.1
CO,Fireworks,2014,5,4.75,0.1
CO,Fireworks,2015,2,47.8,23.9
CO,Lightning,1992,787,2755.499999999978,0.1
CO,Lightning,1993,564,3398.099999999977,0.1
CO,Lightning,1994,1592,60100.2999999992,0.1
CO,Lightning,1995,715,7080.499999999968,0.1
CO,Lightning,1996,1121,45433.999999999636,0.1
CO,Lightning,1997,538,5289.900000000055,0.1
CO,Lightning,1998,515,4180.699999999986,0.1
CO,Lightning,1999,519,13972.400000000021,0.1
CO,Lightning,2000,1383,80277.89999999951,0.1
CO,Lightning,2001,1080,16308.600000000126,0.1
CO,Lightning,2002,994,209414.850000003,0.1
CO,Lightning,2003,1379,19042.100000000155,0.1
CO,Lightning,2004,901,22623.25999999989,0.1
CO,Lightning,2005,745,26277.419999999383,0.1
CO,Lightning,2006,1066,29409.35000000013,0.1
CO,Lightning,2007,850,10555.190000000059,0.1
CO,Lightning,2008,617,88584.2600000009,0.1
CO,Lightning,2009,738,25242.949999999666,0.1
CO,Lightning,2010,673,25581.76999999997,0.1
CO,Lightning,2011,643,77041.1899999999,0.1
CO,Lightning,2012,746,142156.83000000275,0.1
CO,Lightning,2013,1007,135176.08000000325,0.1
CO,Lightning,2014,425,2387.249999999983,0.1
CO,Lightning,2015,347,4145.399999999986,0.1
CO,Miscellaneous,1992,34,163.99999999999997,0.5
CO,Miscellaneous,1993,52,25122.699999999997,1.2
CO,Miscellaneous,1994,32,461.5,0.3
CO,Miscellaneous,1995,28,1588.7999999999995,0.5
CO,Miscellaneous,1996,29,571.2000000000002,0.2
CO,Miscellaneous,1997,12,5.199999999999999,0.1
CO,Miscellaneous,1998,21,507.30000000000007,0.3
CO,Miscellaneous,1999,33,1647.7,0.1
CO,Miscellaneous,2000,38,387.6000000000001,0.3
CO,Miscellaneous,2001,40,276.40000000000015,0.1
CO,Miscellaneous,2002,74,241142.40000000014,0.5
CO,Miscellaneous,2003,45,3978.7,0.2
CO,Miscellaneous,2004,25,15.809999999999997,0.1
CO,Miscellaneous,2005,49,1370.9499999999998,0.25
CO,Miscellaneous,2006,80,3501.209999999996,0.1
CO,Miscellaneous,2007,73,619.7,0.1
CO,Miscellaneous,2008,82,681.6800000000005,0.2
CO,Miscellaneous,2009,43,331.59999999999997,0.1
CO,Miscellaneous,2010,1388,15930.670000000318,0.1
CO,Miscellaneous,2011,90,5999.370000000007,0.5
CO,Miscellaneous,2012,113,38302.279999999955,0.25
CO,Miscellaneous,2013,2210,22353.000000000033,0.1
CO,Miscellaneous,2014,34,47.63000000000002,0.1
CO,Miscellaneous,2015,35,1298.0999999999995,0.25
CO,Missing/Undefined,1992,121,1026.7,0.1
CO,Missing/Undefined,1993,139,659.4000000000002,0.1
CO,Missing/Undefined,1994,233,962.9000000000015,0.1
CO,Missing/Undefined,1995,192,2472.4999999999973,0.1
CO,Missing/Undefined,1996,5,0.6000000000000001,0.1
CO,Missing/Undefined,1999,11,238.2,3.0
CO,Missing/Undefined,2000,19,94.99999999999997,2.5
CO,Missing/Undefined,2001,10,2042.9,1.25
CO,Missing/Undefined,2002,13,9926.5,20.0
CO,Missing/Undefined,2003,815,20417.81000000014,0.1
CO,Missing/Undefined,2004,268,2049.1499999999965,0.1
CO,Missing/Undefined,2005,899,10641.960000000076,0.1
CO,Missing/Undefined,2006,20,8014.2,5.0
CO,Missing/Undefined,2007,27,2420.6999999999994,1.0
CO,Missing/Undefined,2008,114,20387.85,1.0
CO,Missing/Undefined,2009,24,9902.1,5.55
CO,Missing/Undefined,2010,68,1817.0000000000005,0.3
CO,Missing/Undefined,2011,40,37807.2,0.4
CO,Missing/Undefined,2012,48,74827.7,3.0
CO,Missing/Undefined,2013,8,1931.6,0.3
CO,Missing/Undefined,2014,12,2541.8,0.75
CO,Missing/Undefined,2015,27,15868.0,5.0
CO,Powerline,1992,1,0.1,0.1
CO,Powerline,1993,1,0.1,0.1
CO,Powerline,1994,1,0.5,0.5
CO,Powerline,1995,1,0.5,0.5
CO,Powerline,1996,2,13.0,6.5
CO,Powerline,1998,1,11.0,11.0
CO,Powerline,1999,2,8.2,4.1
CO,Powerline,2000,3,6606.1,6.0
CO,Powerline,2001,6,16.600000000000005,0.2
CO,Powerline,2002,4,678.2,1.05
CO,Powerline,2003,2,48.4,24.2
CO,Powerline,2004,1,0.1,0.1
CO,Powerline,2005,3,25.4,4.5
CO,Powerline,2006,3,822.0,271.0
CO,Powerline,2007,3,313.2,6.0
CO,Powerline,2008,1,1.3,1.3
CO,Powerline,2009,1,17.6,17.6
CO,Powerline,2010,1,0.1,0.1
CO,Powerline,2011,1,69.1,69.1
CO,Powerline,2012,1,0.4,0.4
CO,Powerline,2013,1,0.1,0.1
CO,Powerline,2014,3,3.2,0.1
CO,Powerline,2015,2,1.0,0.5
CO,Railroad,1992,8,468.0,9.5
CO,Railroad,1993,7,86.5,0.5
CO,Railroad,1994,12,299.40000000000003,2.0
CO,Railroad,1995,27,54.499999999999986,0.5
CO,Railroad,1996,6,66.8,7.25
CO,Railroad,1997,5,2.1,0.1
CO,Railroad,1998,2,10.1,5.05
CO,Railroad,1999,4,18.6,3.25
CO,Railroad,2000,2,107.8,53.9
CO,Railroad,2001,5,107.39999999999999,5.0
CO,Railroad,2002,4,576.8,10.25
CO,Railroad,2006,4,1.1,0.25
CO,Railroad,2007,2,0.5,0.25
CO,Railroad,2008,2,1.1,0.55
CO,Railroad,2010,7,632.6,0.3
CO,Railroad,2012,7,1229.05,2.0
CO,Railroad,2013,4,4.199999999999999,0.1
CO,Smoking,1992,44,363.60000000000025,0.1
CO,Smoking,1993,49,417.30000000000035,0.2
CO,Smoking,1994,78,509.50000000000034,0.1
CO,Smoking,1995,74,412.19999999999993,0.5
CO,Smoking,1996,36,305.0,0.3
CO,Smoking,1997,27,55.10000000000001,0.3
CO,Smoking,1998,38,1225.5,0.85
CO,Smoking,1999,21,26.9,0.2
CO,Smoking,2000,31,11003.600000000002,2.0
CO,Smoking,2001,17,49.30000000000001,0.2
CO,Smoking,2002,25,7630.1,0.1
CO,Smoking,2003,11,168.89999999999998,0.1
CO,Smoking,2004,3,0.30000000000000004,0.1
CO,Smoking,2005,4,19.7,0.1
CO,Smoking,2006,5,6.6000000000000005,1.3
CO,Smoking,2007,1,10.4,10.4
CO,Smoking,2008,14,3.2500000000000013,0.15000000000000002
CO,Smoking,2009,2,0.2,0.1
CO,Smoking,2010,92,23.700000000000035,0.1
CO,Smoking,2011,6,20.85,0.175
CO,Smoking,2012,3,0.30000000000000004,0.1
CO,Smoking,2013,178,159.34999999999957,0.1
CO,Smoking,2014,3,0.30000000000000004,0.1
CO,Smoking,2015,4,1.8,0.1
CO,Structure,1996,2,5.4,2.7
CO,Structure,1997,1,0.1,0.1
CO,Structure,2008,12,8.2,0.1
CO,Structure,2013,1,0.1,0.1
CT,Arson,1992,69,117.14999999999995,0.2
CT,Arson,1993,32,202.1,1.75
CT,Arson,1994,87,144.9999999999999,0.3
CT,Arson,1995,33,146.85,2.0
CT,Arson,1996,6,2.7,0.15000000000000002
CT,Arson,1997,14,8.8,0.2
CT,Arson,1998,3,13.5,2.0
CT,Arson,1999,80,946.9500000000002,2.0
CT,Arson,2000,32,280.2,1.0
CT,Arson,2001,55,124.55000000000001,0.75
CT,Arson,2002,57,106.19999999999999,0.5
CT,Arson,2003,17,45.800000000000004,0.5
CT,Arson,2004,6,4.549999999999999,0.175
CT,Arson,2005,15,46.80000000000002,0.2
CT,Arson,2006,7,16.6,1.0
CT,Arson,2007,8,14.399999999999999,0.3
CT,Arson,2008,14,62.90000000000001,0.5
CT,Arson,2009,4,22.0,2.25
CT,Arson,2010,25,19.349999999999998,0.25
CT,Arson,2011,1,0.5,0.5
CT,Arson,2012,5,2.3000000000000003,0.1
CT,Arson,2015,6,22.1,3.0
CT,Campfire,1992,35,109.69999999999996,0.2
CT,Campfire,1993,20,62.45,2.0
CT,Campfire,1994,56,171.6999999999999,0.2
CT,Campfire,1995,21,92.2,1.0
CT,Campfire,1996,6,29.1,4.0
CT,Campfire,1997,10,83.4,7.5
CT,Campfire,1998,1,1.0,1.0
CT,Campfire,1999,15,37.46000000000001,2.5
CT,Campfire,2000,5,15.2,1.0
CT,Campfire,2001,12,309.9,1.25
CT,Campfire,2002,2,10.25,5.125
CT,Campfire,2003,5,7.699999999999999,0.5
CT,Campfire,2004,1,0.1,0.1
CT,Campfire,2005,13,17.25,0.75
CT,Campfire,2006,11,6.0,0.5
CT,Campfire,2007,16,21.299999999999997,0.1
CT,Campfire,2008,33,89.09999999999998,0.2
CT,Campfire,2009,41,26.700000000000006,0.2
CT,Campfire,2010,24,155.99999999999997,0.25
CT,Campfire,2011,5,79.89999999999999,0.2
CT,Campfire,2012,59,18.949999999999996,0.1
CT,Campfire,2015,13,12.199999999999998,0.1
CT,Children,1992,28,115.39999999999999,0.1
CT,Children,1993,9,36.2,2.0
CT,Children,1994,62,425.9500000000004,0.1
CT,Children,1995,22,64.5,1.75
CT,Children,1996,5,0.8999999999999999,0.1
CT,Children,1997,14,26.0,0.25
CT,Children,1998,3,7.5,2.0
CT,Children,1999,28,133.45,1.75
CT,Children,2000,3,5.1,1.0
CT,Children,2001,14,23.949999999999996,0.175
CT,Children,2002,5,17.1,3.0
CT,Children,2003,14,38.45000000000001,0.375
CT,Children,2004,7,5.05,0.25
CT,Children,2005,8,8.85,0.225
CT,Children,2006,19,142.79999999999998,0.25
CT,Children,2007,5,8.1,0.5
CT,Children,2008,22,103.39999999999999,2.0
CT,Children,2009,5,13.5,1.5
CT,Children,2010,5,4.449999999999999,0.25
CT,Children,2011,1,1.0,1.0
CT,Children,2012,8,26.000000000000004,0.75
CT,Debris Burning,1992,28,21.400000000000002,0.3
CT,Debris Burning,1993,13,9.75,0.5
CT,Debris Burning,1994,39,68.15000000000002,0.2
CT,Debris Burning,1995,13,73.7,0.1
CT,Debris Burning,1996,3,21.25,1.0
CT,Debris Burning,1997,24,61.65,0.225
CT,Debris Burning,1998,8,66.0,3.5
CT,Debris Burning,1999,38,78.0,0.5
CT,Debris Burning,2000,19,69.6,0.5
CT,Debris Burning,2001,38,75.19999999999999,0.25
CT,Debris Burning,2002,15,24.550000000000004,0.5
CT,Debris Burning,2003,14,4.1499999999999995,0.2
CT,Debris Burning,2004,11,7.649999999999998,0.1
CT,Debris Burning,2005,33,46.05000000000002,0.1
CT,Debris Burning,2006,24,19.85,0.5
CT,Debris Burning,2007,33,22.050000000000008,0.5
CT,Debris Burning,2008,103,120.74999999999994,0.2
CT,Debris Burning,2009,54,39.80000000000003,0.1
CT,Debris Burning,2010,34,31.449999999999996,0.1
CT,Debris Burning,2011,20,7.3999999999999995,0.15000000000000002
CT,Debris Burning,2012,38,10.349999999999996,0.1
CT,Debris Burning,2015,12,8.75,0.25
CT,Equipment Use,1992,3,25.3,0.2
CT,Equipment Use,1993,5,14.2,1.0
CT,Equipment Use,1994,10,14.049999999999997,0.1
CT,Equipment Use,1995,1,0.2,0.2
CT,Equipment Use,1996,1,1.0,1.0
CT,Equipment Use,1997,3,4.8,2.0
CT,Equipment Use,1999,1,0.1,0.1
CT,Equipment Use,2000,2,8.5,4.25
CT,Equipment Use,2001,2,10.0,5.0
CT,Equipment Use,2003,4,6.0,1.25
CT,Equipment Use,2004,1,0.1,0.1
CT,Equipment Use,2005,8,2.0500000000000003,0.225
CT,Equipment Use,2006,2,8.5,4.25
CT,Equipment Use,2007,4,2.6,0.5
CT,Equipment Use,2008,8,15.599999999999998,1.1
CT,Equipment Use,2009,6,10.96,1.375
CT,Equipment Use,2010,4,7.6,0.25
CT,Equipment Use,2011,2,9.1,4.55
CT,Equipment Use,2012,1,1.0,1.0
CT,Equipment Use,2015,2,2.6,1.3
CT,Lightning,1993,3,7.0,2.0
CT,Lightning,1995,1,3.0,3.0
CT,Lightning,1997,1,6.0,6.0
CT,Lightning,1998,1,2.0,2.0
CT,Lightning,1999,7,57.5,3.0
CT,Lightning,2000,1,0.1,0.1
CT,Lightning,2001,1,1.0,1.0
CT,Lightning,2004,1,0.1,0.1
CT,Lightning,2007,1,0.1,0.1
CT,Miscellaneous,1992,23,19.45,0.2
CT,Miscellaneous,1993,15,43.6,0.25
CT,Miscellaneous,1994,17,46.50000000000001,0.5
CT,Miscellaneous,1995,5,8.6,1.5
CT,Miscellaneous,1996,1,4.0,4.0
CT,Miscellaneous,1997,10,402.1,5.0
CT,Miscellaneous,1998,12,38.900000000000006,2.0
CT,Miscellaneous,1999,116,356.14999999999975,0.25
CT,Miscellaneous,2000,52,67.75,0.25
CT,Miscellaneous,2001,84,197.5,0.375
CT,Miscellaneous,2002,26,29.050000000000004,0.275
CT,Miscellaneous,2003,40,34.80000000000001,0.3
CT,Miscellaneous,2004,58,55.500000000000036,0.1
CT,Miscellaneous,2005,209,123.99999999999973,0.1
CT,Miscellaneous,2006,299,236.54999999999944,0.5
CT,Miscellaneous,2007,249,209.54999999999936,0.1
CT,Miscellaneous,2008,140,344.7400000000004,0.2
CT,Miscellaneous,2009,112,113.86999999999995,0.5
CT,Miscellaneous,2010,289,219.02999999999977,0.2
CT,Miscellaneous,2011,189,137.84999999999988,0.5
CT,Miscellaneous,2012,447,404.7000000000047,0.1
CT,Miscellaneous,2015,321,360.80000000000064,0.25
CT,Missing/Undefined,1992,2,32.0,16.0
CT,Missing/Undefined,1993,1,5.0,5.0
CT,Missing/Undefined,1994,1,0.1,0.1
CT,Missing/Undefined,1997,3,0.4,0.1
CT,Missing/Undefined,1999,7,44.85,2.5
CT,Missing/Undefined,2000,8,2.85,0.25
CT,Missing/Undefined,2002,1,1.5,1.5
CT,Missing/Undefined,2005,7,9.75,1.0
CT,Missing/Undefined,2006,1,0.1,0.1
CT,Missing/Undefined,2008,4,1300.3999999999999,0.15000000000000002
CT,Missing/Undefined,2010,14,5.999999999999997,0.1
CT,Missing/Undefined,2011,5,1.4000000000000001,0.1
CT,Missing/Undefined,2012,1,50.0,50.0
CT,Powerline,2015,5,4.050000000000001,0.25
CT,Railroad,1992,4,21.35,2.625
CT,Railroad,1993,2,20.1,10.05
CT,Railroad,1994,6,58.2,2.0
CT,Railroad,1995,4,4.4,0.15000000000000002
CT,Railroad,1996,5,7.5,1.0
CT,Railroad,1997,2,5.0,2.5
CT,Railroad,1999,1,5.0,5.0
CT,Railroad,2000,4,43.0,12.5
CT,Railroad,2006,2,1.1,0.55
CT,Railroad,2007,2,0.2,0.1
CT,Railroad,2008,6,0.6,0.1
CT,Railroad,2009,4,3.8,0.75
CT,Railroad,2010,1,0.5,0.5
CT,Railroad,2012,2,1.5,0.75
CT,Railroad,2015,1,0.5,0.5
CT,Smoking,1992,10,4.299999999999999,0.1
CT,Smoking,1993,3,0.7,0.1
CT,Smoking,1994,12,13.499999999999996,0.15000000000000002
CT,Smoking,1995,10,33.95,1.75
CT,Smoking,1997,2,2.2,1.1
CT,Smoking,1998,2,3.0,1.5
CT,Smoking,1999,4,13.0,3.0
CT,Smoking,2001,1,3.0,3.0
CT,Smoking,2002,1,0.01,0.01
CT,Smoking,2003,1,0.1,0.1
CT,Smoking,2004,2,0.2,0.1
CT,Smoking,2006,7,2.0,0.1
CT,Smoking,2007,13,2.750000000000001,0.1
CT,Smoking,2008,36,18.310000000000006,0.1
CT,Smoking,2009,31,14.199999999999994,0.1
CT,Smoking,2010,22,11.649999999999999,0.45
CT,Smoking,2011,4,0.23,0.01
CT,Smoking,2012,15,2.500000000000001,0.1
CT,Smoking,2015,11,5.749999999999998,0.5
CT,Structure,2015,1,0.75,0.75
DC,Arson,1992,2,0.30000000000000004,0.15000000000000002
DC,Arson,1993,6,9.7,0.85
DC,Arson,1994,1,4.7,4.7
DC,Arson,1995,3,0.4,0.1
DC,Arson,2002,1,1.0,1.0
DC,Arson,2005,2,0.2,0.1
DC,Arson,2006,1,0.3,0.3
DC,Arson,2011,1,0.1,0.1
DC,Arson,2013,1,0.1,0.1
DC,Campfire,1992,1,0.1,0.1
DC,Campfire,2001,1,0.1,0.1
DC,Children,1994,1,0.2,0.2
DC,Children,2012,1,1.5,1.5
DC,Debris Burning,1995,1,0.1,0.1
DC,Debris Burning,2014,1,0.2,0.2
DC,Equipment Use,1995,1,0.1,0.1
DC,Equipment Use,1998,1,0.1,0.1
DC,Lightning,2010,1,0.1,0.1
DC,Miscellaneous,1993,1,0.1,0.1
DC,Miscellaneous,1997,3,0.30000000000000004,0.1
DC,Miscellaneous,1998,10,4.1000000000000005,0.30000000000000004
DC,Miscellaneous,1999,7,1.6,0.1
DC,Miscellaneous,2006,2,0.2,0.1
DC,Miscellaneous,2008,1,0.1,0.1
DC,Miscellaneous,2009,1,0.5,0.5
DC,Miscellaneous,2012,4,2.9000000000000004,0.7
DC,Miscellaneous,2015,2,2.1,1.05
DC,Missing/Undefined,2011,1,0.1,0.1
DC,Smoking,1994,2,0.2,0.1
DC,Smoking,1998,2,0.2,0.1
DC,Smoking,1999,1,0.5,0.5
DC,Smoking,2007,1,0.2,0.2
DC,Smoking,2015,1,0.1,0.1
DE,Arson,1992,3,124.0,3.0
DE,Arson,1994,1,95.0,95.0
DE,Arson,1995,4,2014.3,7.1
DE,Arson,1997,4,24.5,3.75
DE,Arson,2001,1,10.5,10.5
DE,Arson,2002,6,1.6,0.1
DE,Arson,2004,1,100.0,100.0
DE,Arson,2015,1,2.0,2.0
DE,Campfire,2002,7,7.799999999999999,0.5
DE,Campfire,2003,1,0.1,0.1
DE,Campfire,2004,2,1.1,0.55
DE,Campfire,2012,1,0.5,0.5
DE,Campfire,2013,1,0.1,0.1
DE,Campfire,2014,1,1.5,1.5
DE,Campfire,2015,1,10.0,10.0
DE,Children,2012,1,7.0,7.0
DE,Debris Burning,1995,1,0.1,0.1
DE,Debris Burning,2000,1,65.0,65.0
DE,Debris Burning,2004,5,4.6,1.0
DE,Debris Burning,2012,3,4.5,1.5
DE,Debris Burning,2013,3,4.5,2.0
DE,Debris Burning,2014,1,1.5,1.5
DE,Debris Burning,2015,4,2.0,0.375
DE,Equipment Use,1997,1,0.1,0.1
DE,Equipment Use,2002,1,0.1,0.1
DE,Equipment Use,2003,2,60.0,30.0
DE,Equipment Use,2004,1,1.0,1.0
DE,Equipment Use,2005,1,0.1,0.1
DE,Equipment Use,2012,2,7.1,3.55
DE,Equipment Use,2013,2,14.0,7.0
DE,Equipment Use,2015,4,39.0,4.0
DE,Fireworks,2012,1,2.0,2.0
DE,Lightning,2002,7,2.5000000000000004,0.1
DE,Lightning,2005,1,0.1,0.1
DE,Lightning,2012,2,7.0,3.5
DE,Miscellaneous,1993,1,1.0,1.0
DE,Miscellaneous,1994,1,1.0,1.0
DE,Miscellaneous,1999,2,507.0,253.5
DE,Miscellaneous,2002,16,1257.499999999999,0.1
DE,Miscellaneous,2003,15,204.49999999999997,0.1
DE,Miscellaneous,2004,15,32.5,0.5
DE,Miscellaneous,2005,12,167.19999999999996,0.1
DE,Miscellaneous,2007,2,0.2,0.1
DE,Miscellaneous,2012,3,2.75,0.5
DE,Miscellaneous,2013,2,1.0,0.5
DE,Railroad,2010,1,3.0,3.0
DE,Railroad,2012,1,0.25,0.25
DE,Smoking,2002,2,0.6,0.3
DE,Smoking,2003,3,0.7,0.1
DE,Smoking,2004,3,1.5,0.5
DE,Smoking,2012,5,8.75,1.0
DE,Smoking,2013,1,0.75,0.75
DE,Smoking,2014,1,2.0,2.0
DE,Smoking,2015,4,25.0,4.0
DE,Structure,2015,2,1.25,0.625
FL,Arson,1992,176,12134.500000000011,2.0
FL,Arson,1993,138,1171.7000000000003,1.5
FL,Arson,1994,157,8571.300000000007,2.0
FL,Arson,1995,128,1576.7999999999988,1.25
FL,Arson,1996,147,3222.199999999999,2.0
FL,Arson,1997,111,1444.5999999999995,2.0
FL,Arson,1998,116,47568.99999999997,3.0
FL,Arson,1999,115,161946.5000000002,1.0
FL,Arson,2000,149,13639.500000000011,1.0
FL,Arson,2001,161,20879.39999999998,1.5
FL,Arson,2002,100,2486.299999999999,2.0
FL,Arson,2003,314,2413.299999999997,2.0
FL,Arson,2004,533,37629.399999999856,1.5
FL,Arson,2005,315,10776.110000000019,2.0
FL,Arson,2006,776,19512.56999000001,1.7000000000000002
FL,Arson,2007,603,109878.19999999998,2.0
FL,Arson,2008,439,59796.19989999999,1.1
FL,Arson,2009,427,13331.400000000003,2.0
FL,Arson,2010,307,4970.299999999998,1.0
FL,Arson,2011,477,10673.390000000018,1.5
FL,Arson,2012,456,17527.560000000016,1.5
FL,Arson,2013,404,27122.749999999894,2.0
FL,Arson,2014,330,6157.100000000022,2.0
FL,Arson,2015,290,3633.3,2.0
FL,Campfire,1992,51,279.1,1.0
FL,Campfire,1993,31,179.2,2.0
FL,Campfire,1994,47,716.3000000000003,1.0
FL,Campfire,1995,26,139.2,1.75
FL,Campfire,1996,43,352.4000000000001,1.0
FL,Campfire,1997,63,1474.9999999999995,2.0
FL,Campfire,1998,62,762.7,2.0
FL,Campfire,1999,74,704.0000000000002,1.0
FL,Campfire,2000,96,1949.1999999999994,1.25
FL,Campfire,2001,69,26254.499999999985,1.0
FL,Campfire,2002,53,1368.6999999999998,2.0
FL,Campfire,2003,53,208.49999999999997,1.0
FL,Campfire,2004,97,1715.4599999999994,2.0
FL,Campfire,2005,73,391.3,1.0
FL,Campfire,2006,116,422.3200000000001,1.25
FL,Campfire,2007,105,5890.7300000000005,2.0
FL,Campfire,2008,114,1288.4999899999998,2.0
FL,Campfire,2009,111,11180.100000000006,1.5
FL,Campfire,2010,106,1324.659999999999,1.5
FL,Campfire,2011,123,960.1700000000002,1.5
FL,Campfire,2012,135,1192.82,1.5
FL,Campfire,2013,117,3158.519999999998,0.7
FL,Campfire,2014,80,370.09999999999997,1.0
FL,Campfire,2015,92,472.55,2.0
FL,Children,1992,234,801.6000000000009,1.0
FL,Children,1993,204,917.7000000000004,1.0
FL,Children,1994,198,1313.0,1.0
FL,Children,1995,201,922.7000000000006,1.0
FL,Children,1996,347,1420.1999999999973,1.0
FL,Children,1997,275,852.9000000000012,1.0
FL,Children,1998,250,3184.8999999999996,1.0
FL,Children,1999,277,1435.0999999999988,1.0
FL,Children,2000,362,1880.1999999999973,0.7
FL,Children,2001,255,1466.8999999999983,1.0
FL,Children,2002,163,7248.7,1.0
FL,Children,2003,117,378.3000000000001,1.0
FL,Children,2004,175,623.1000000000004,1.0
FL,Children,2005,140,545.3000000000002,1.0
FL,Children,2006,233,1503.5700000000006,0.7
FL,Children,2007,184,473.8000000000005,0.5
FL,Children,2008,103,354.40000000000015,1.0
FL,Children,2009,138,640.1000000000005,0.5
FL,Children,2010,73,436.9000000000005,0.3
FL,Children,2011,140,994.3000000000003,0.5
FL,Children,2012,128,200.39999999999995,0.7
FL,Children,2013,97,306.6000000000005,1.0
FL,Children,2014,65,110.19999999999997,0.8
FL,Children,2015,55,166.0,1.0
FL,Debris Burning,1992,220,4862.600000000004,2.65
FL,Debris Burning,1993,243,2115.5999999999976,1.0
FL,Debris Burning,1994,166,2402.199999999997,1.0
FL,Debris Burning,1995,157,2033.4999999999982,2.0
FL,Debris Burning,1996,271,5050.200000000006,2.4
FL,Debris Burning,1997,230,14046.300000000008,2.0
FL,Debris Burning,1998,177,17948.3,1.0
FL,Debris Burning,1999,307,12188.600000000024,1.0
FL,Debris Burning,2000,457,50491.099999999846,2.0
FL,Debris Burning,2001,335,28875.80000000002,2.0
FL,Debris Burning,2002,199,2530.0999999999967,1.0
FL,Debris Burning,2003,495,2642.9999999999955,1.0
FL,Debris Burning,2004,858,43824.54999999966,1.0
FL,Debris Burning,2005,800,9570.350000000017,1.25
FL,Debris Burning,2006,1113,10732.53001000003,1.0
FL,Debris Burning,2007,812,10333.500000000031,1.0
FL,Debris Burning,2008,592,12889.360000000024,1.0
FL,Debris Burning,2009,653,15593.35000000001,1.5
FL,Debris Burning,2010,458,3545.8999999999974,1.0
FL,Debris Burning,2011,1013,15176.85000000004,1.0
FL,Debris Burning,2012,633,10116.989999999998,1.0
FL,Debris Burning,2013,472,8320.070000000012,1.5
FL,Debris Burning,2014,472,3718.6999999999953,1.0
FL,Debris Burning,2015,461,3558.3,2.0
FL,Equipment Use,1992,938,17155.000000000022,2.5
FL,Equipment Use,1993,963,14271.500000000025,2.0
FL,Equipment Use,1994,755,13812.000000000024,2.0
FL,Equipment Use,1995,716,13616.800000000048,2.0
FL,Equipment Use,1996,935,19207.90000000003,2.0
FL,Equipment Use,1997,963,62070.79999999978,2.0
FL,Equipment Use,1998,945,33484.59999999994,2.0
FL,Equipment Use,1999,1044,22157.49999999995,2.75
FL,Equipment Use,2000,1227,37477.19999999991,2.0
FL,Equipment Use,2001,969,46929.89999999989,2.0
FL,Equipment Use,2002,441,10328.3,2.0
FL,Equipment Use,2003,173,3080.2999999999965,2.0
FL,Equipment Use,2004,208,18640.8,1.5
FL,Equipment Use,2005,187,3887.649999999999,1.5
FL,Equipment Use,2006,413,26519.21999000002,1.5
FL,Equipment Use,2007,331,66482.00000000015,1.3
FL,Equipment Use,2008,209,4449.61,1.0
FL,Equipment Use,2009,260,7912.200010000009,1.75
FL,Equipment Use,2010,197,8457.820000000007,1.0
FL,Equipment Use,2011,323,7190.050000000016,1.0
FL,Equipment Use,2012,231,14571.300000000001,1.5
FL,Equipment Use,2013,142,1477.8999999999967,1.0
FL,Equipment Use,2014,126,26092.399999999976,1.4
FL,Equipment Use,2015,155,3896.3,1.0
FL,Fireworks,1993,1,0.8,0.8
FL,Fireworks,1996,1,0.1,0.1
FL,Fireworks,2000,1,1.6,1.6
FL,Fireworks,2004,2,0.2,0.1
FL,Fireworks,2005,1,1.5,1.5
FL,Fireworks,2007,1,207.0,207.0
FL,Fireworks,2008,2,0.2,0.1
FL,Fireworks,2010,19,40.4,1.0
FL,Fireworks,2011,30,221.00000000000003,1.5
FL,Fireworks,2012,17,26.299999999999997,1.0
FL,Fireworks,2013,9,94.79999999999998,1.0
FL,Fireworks,2014,18,234.6,0.6
FL,Fireworks,2015,12,39.0,1.0
FL,Lightning,1992,607,18843.9,2.9
FL,Lightning,1993,1220,24267.100000000002,2.0
FL,Lightning,1994,802,42716.99999999992,2.0
FL,Lightning,1995,461,17401.100000000013,3.0
FL,Lightning,1996,447,12833.300000000014,2.0
FL,Lightning,1997,567,26724.799999999985,4.0
FL,Lightning,1998,1638,228363.60000000123,2.0
FL,Lightning,1999,1506,156394.90000000192,2.0
FL,Lightning,2000,1649,73063.8000000007,2.0
FL,Lightning,2001,1285,184995.90000000093,2.0
FL,Lightning,2002,679,20443.80000000004,2.0
FL,Lightning,2003,418,22013.110000000033,2.0
FL,Lightning,2004,922,79321.70999999986,2.5
FL,Lightning,2005,284,8316.80000000001,2.0
FL,Lightning,2006,1149,153236.45999999976,3.0
FL,Lightning,2007,1457,320051.91999000096,2.5
FL,Lightning,2008,890,36076.5799999998,2.0
FL,Lightning,2009,579,60869.09999999991,2.4
FL,Lightning,2010,650,17665.63,2.0
FL,Lightning,2011,1820,256639.53000000096,2.0
FL,Lightning,2012,784,76447.12999999984,2.0
FL,Lightning,2013,374,18953.43999999994,2.0
FL,Lightning,2014,629,108266.5600000003,2.0
FL,Lightning,2015,989,140215.49,2.5
FL,Miscellaneous,1992,459,12208.400000000014,2.0
FL,Miscellaneous,1993,394,7912.6000000000095,2.0
FL,Miscellaneous,1994,281,8166.200000000013,1.5
FL,Miscellaneous,1995,279,3835.099999999997,1.5
FL,Miscellaneous,1996,492,25404.199999999928,2.0
FL,Miscellaneous,1997,380,9746.900000000016,2.0
FL,Miscellaneous,1998,420,22084.699999999997,1.0
FL,Miscellaneous,1999,555,36252.39999999985,1.5
FL,Miscellaneous,2000,640,39114.39999999976,1.0
FL,Miscellaneous,2001,436,39343.69999999984,1.0
FL,Miscellaneous,2002,355,5917.6,1.0
FL,Miscellaneous,2003,248,3639.209999999997,1.0
FL,Miscellaneous,2004,329,7825.300000000018,1.0
FL,Miscellaneous,2005,222,1466.5599999999997,1.0
FL,Miscellaneous,2006,530,15876.469990000049,1.0
FL,Miscellaneous,2007,446,9607.430000000038,1.0
FL,Miscellaneous,2008,346,56903.509999999886,1.0
FL,Miscellaneous,2009,348,14616.890000000012,1.5
FL,Miscellaneous,2010,396,20138.28999999992,1.0
FL,Miscellaneous,2011,822,33423.4099999998,1.0
FL,Miscellaneous,2012,623,13059.100000000033,1.5
FL,Miscellaneous,2013,417,9395.150000000016,1.9
FL,Miscellaneous,2014,307,7520.850000000014,1.0
FL,Miscellaneous,2015,358,7047.299999999999,1.0
FL,Missing/Undefined,1998,2,0.6,0.3
FL,Missing/Undefined,1999,4,52.0,3.0
FL,Missing/Undefined,2000,3,129.0,5.0
FL,Missing/Undefined,2003,290,12104.599999999999,1.5
FL,Missing/Undefined,2004,412,14198.1,1.5
FL,Missing/Undefined,2005,334,3822.3999999999996,2.0
FL,Missing/Undefined,2006,635,24102.100000000024,2.0
FL,Missing/Undefined,2007,549,23521.49997999994,2.0
FL,Missing/Undefined,2008,354,12550.200000000012,1.5
FL,Missing/Undefined,2009,433,19915.5,2.0
FL,Missing/Undefined,2010,34,5483.0,33.5
FL,Missing/Undefined,2011,11,3008.4,7.7
FL,Missing/Undefined,2012,21,5449.9,7.0
FL,Missing/Undefined,2013,14,7648.9,4.7
FL,Missing/Undefined,2014,22,3542.3,1.4
FL,Missing/Undefined,2015,33,7198.200000000004,0.3
FL,Powerline,1992,3,3.0,1.0
FL,Powerline,1993,1,1.0,1.0
FL,Powerline,1994,1,0.1,0.1
FL,Powerline,1996,1,0.2,0.2
FL,Powerline,1998,1,0.1,0.1
FL,Powerline,2000,1,0.1,0.1
FL,Powerline,2001,2,0.6,0.3
FL,Powerline,2003,2,0.2,0.1
FL,Powerline,2004,3,0.30000000000000004,0.1
FL,Powerline,2006,1,0.1,0.1
FL,Powerline,2007,1,0.3,0.3
FL,Powerline,2010,83,613.6000000000003,0.3
FL,Powerline,2011,170,1709.7999999999986,1.0
FL,Powerline,2013,74,482.2000000000004,0.5
FL,Powerline,2014,72,261.19999999999993,0.4
FL,Powerline,2015,79,627.1,1.0
FL,Railroad,1992,1450,28250.899999999914,2.5
FL,Railroad,1993,1267,28597.9999999999,2.0
FL,Railroad,1994,1058,24963.59999999994,2.0
FL,Railroad,1995,1160,16878.00000000003,2.0
FL,Railroad,1996,1913,39053.59999999977,2.0
FL,Railroad,1997,1266,16574.000000000065,1.5
FL,Railroad,1998,1117,24069.39999999991,1.0
FL,Railroad,1999,1499,21733.199999999837,1.5
FL,Railroad,2000,1804,24216.399999999936,1.5
FL,Railroad,2001,1274,60897.999999999716,1.1
FL,Railroad,2002,1093,11384.100000000035,1.0
FL,Railroad,2003,11,89.3,2.0
FL,Railroad,2004,35,118.10000000000001,1.0
FL,Railroad,2005,16,756.3,4.0
FL,Railroad,2006,63,1275.7000000000003,1.5
FL,Railroad,2007,26,104.59999999999998,1.0
FL,Railroad,2008,25,119.59999999999998,1.0
FL,Railroad,2009,20,128.79999999999998,1.25
FL,Railroad,2010,16,125.79999999999998,2.5
FL,Railroad,2011,22,236.49999999999994,0.75
FL,Railroad,2012,21,113.4,0.5
FL,Railroad,2013,6,13.7,1.0
FL,Railroad,2014,5,70.7,0.5
FL,Railroad,2015,7,75.0,2.0
FL,Smoking,1992,84,740.7000000000003,1.0
FL,Smoking,1993,86,320.0000000000001,1.1
FL,Smoking,1994,65,423.7,1.5
FL,Smoking,1995,58,279.5000000000001,1.75
FL,Smoking,1996,99,967.0000000000005,1.0
FL,Smoking,1997,57,228.59999999999994,1.0
FL,Smoking,1998,85,252.5999999999998,0.2
FL,Smoking,1999,103,485.80000000000047,0.9
FL,Smoking,2000,109,690.5000000000003,1.0
FL,Smoking,2001,101,2076.7999999999984,0.5
FL,Smoking,2002,47,246.9999999999999,0.5
FL,Smoking,2003,29,245.69999999999996,2.0
FL,Smoking,2004,42,432.6000000000001,0.3
FL,Smoking,2005,23,160.2,2.0
FL,Smoking,2006,86,393.10000000000025,1.0
FL,Smoking,2007,74,372.3100000000002,1.0
FL,Smoking,2008,31,64.2,1.0
FL,Smoking,2009,47,346.29999999999995,1.5
FL,Smoking,2010,14,16.8,0.5
FL,Smoking,2011,48,851.5000000000001,0.8
FL,Smoking,2012,27,210.24000000000004,1.5
FL,Smoking,2013,14,43.20000000000002,0.2
FL,Smoking,2014,7,10.1,1.0
FL,Smoking,2015,5,39.0,3.0
FL,Structure,1996,1,0.2,0.2
FL,Structure,2000,1,0.1,0.1
FL,Structure,2002,1,0.3,0.3
FL,Structure,2004,2,1.2,0.6
FL,Structure,2010,20,55.10000000000001,0.75
FL,Structure,2011,30,90.89999999999998,0.9
FL,Structure,2012,31,50.100000000000016,0.3
FL,Structure,2013,23,89.99999999999994,0.5
FL,Structure,2014,11,31.6,1.5
FL,Structure,2015,12,29.0,1.0
GA,Arson,1992,1711,8916.430000000024,1.2
GA,Arson,1993,2323,11307.330000000054,1.05
GA,Arson,1994,1687,7645.840000000033,1.01
GA,Arson,1995,1732,7492.760000000029,0.79
GA,Arson,1996,1921,9502.230000000038,0.92
GA,Arson,1997,1345,5851.890000000043,0.71
GA,Arson,1998,1352,22422.970000000016,0.8
GA,Arson,1999,1889,20959.900000000012,1.1
GA,Arson,2000,1716,11063.760000000042,1.0
GA,Arson,2001,1706,9735.67000000002,1.0
GA,Arson,2002,1259,9036.330000000033,1.02
GA,Arson,2003,737,3150.6499999999983,0.74
GA,Arson,2004,1252,9104.209990000016,0.85
GA,Arson,2005,1012,4947.820000000003,1.01
GA,Arson,2006,1557,10100.560000000025,1.0
GA,Arson,2007,1626,20134.640180000006,1.1
GA,Arson,2008,915,5004.989990000008,0.75
GA,Arson,2009,686,3935.309999999998,0.89
GA,Arson,2010,880,7093.040000000009,1.0
GA,Arson,2011,1034,24658.589999999975,1.255
GA,Arson,2012,636,5610.650000000018,1.25
GA,Arson,2013,287,2012.7899999999981,1.2
GA,Arson,2014,275,3351.8900000000003,1.68
GA,Arson,2015,219,1764.3599999999976,1.0
GA,Campfire,1992,77,287.52999999999986,1.41
GA,Campfire,1993,108,397.30999999999995,1.03
GA,Campfire,1994,82,941.7700000000002,1.085
GA,Campfire,1995,95,309.1299999999998,1.0
GA,Campfire,1996,125,572.0299999999999,1.12
GA,Campfire,1997,88,324.6999999999999,1.025
GA,Campfire,1998,81,312.33000000000004,0.9
GA,Campfire,1999,162,1095.6000000000008,1.25
GA,Campfire,2000,126,674.6600000000001,1.005
GA,Campfire,2001,191,880.5799999999992,0.88
GA,Campfire,2002,88,251.81,1.4
GA,Campfire,2003,67,244.37,0.93
GA,Campfire,2004,106,700.5300000000001,0.74
GA,Campfire,2005,130,339.3099999999999,0.88
GA,Campfire,2006,185,584.0500000000002,1.0
GA,Campfire,2007,220,1392.6900000000005,0.945
GA,Campfire,2008,125,255.55999999999995,0.9
GA,Campfire,2009,97,199.30999999999995,0.95
GA,Campfire,2010,227,758.0400000000002,0.8
GA,Campfire,2011,310,913.4000000000001,1.045
GA,Campfire,2012,197,701.7700000000002,0.62
GA,Campfire,2013,138,488.25999999999993,1.3450000000000002
GA,Campfire,2014,204,897.0900000000005,1.0
GA,Campfire,2015,109,369.44000000000017,0.93
GA,Children,1992,300,745.7600000000003,0.73
GA,Children,1993,415,649.8099999999994,0.53
GA,Children,1994,301,480.7699999999996,0.51
GA,Children,1995,432,700.9199999999993,0.5
GA,Children,1996,465,796.3099999999991,0.6
GA,Children,1997,342,519.0899999999987,0.41
GA,Children,1998,324,509.0500000000011,0.3
GA,Children,1999,434,666.8000000000017,0.3
GA,Children,2000,435,1234.6899999999982,0.53
GA,Children,2001,405,800.8700000000001,0.5
GA,Children,2002,293,559.8199999999997,0.68
GA,Children,2003,141,207.49999999999994,0.45
GA,Children,2004,337,523.5800000000002,0.55
GA,Children,2005,287,598.4700000000001,0.55
GA,Children,2006,406,708.1299999999998,0.51
GA,Children,2007,423,678.7499900000004,0.46
GA,Children,2008,247,1157.6799899999994,0.56
GA,Children,2009,141,244.55000000000013,0.5
GA,Children,2010,225,315.27000000000004,0.5
GA,Children,2011,340,819.9599999999999,0.5
GA,Children,2012,196,311.0900000000002,0.6
GA,Children,2013,105,201.29999999999993,0.9
GA,Children,2014,132,237.90999999999994,0.615
GA,Children,2015,77,193.17000000000002,0.6
GA,Debris Burning,1992,2927,11521.580000000062,1.18
GA,Debris Burning,1993,3806,11433.440000000075,0.88
GA,Debris Burning,1994,3144,10992.77000000001,0.975
GA,Debris Burning,1995,3670,10362.740000000113,0.81
GA,Debris Burning,1996,5028,19971.259999999915,0.99
GA,Debris Burning,1997,3655,10475.11000000011,0.81
GA,Debris Burning,1998,3319,8398.210000000116,0.7
GA,Debris Burning,1999,5902,35630.899999998925,0.9
GA,Debris Burning,2000,6197,39967.62999999999,0.88
GA,Debris Burning,2001,5820,17110.410000000047,0.8
GA,Debris Burning,2002,4800,25414.80000000011,1.0
GA,Debris Burning,2003,2325,5640.110000000012,0.75
GA,Debris Burning,2004,4429,18872.629980000052,0.97
GA,Debris Burning,2005,2793,9125.140000000049,0.9
GA,Debris Burning,2006,3752,13592.70999000005,0.9
GA,Debris Burning,2007,3273,19964.469960000053,0.93
GA,Debris Burning,2008,2276,8777.160000000025,1.0
GA,Debris Burning,2009,2013,10133.799980000029,1.02
GA,Debris Burning,2010,3593,11793.980000000098,0.6
GA,Debris Burning,2011,4984,77257.00999999998,1.1
GA,Debris Burning,2012,3045,12163.74000000009,0.8
GA,Debris Burning,2013,2588,11348.59000000008,1.0
GA,Debris Burning,2014,3172,14306.120000000104,1.05
GA,Debris Burning,2015,1688,6089.710000000035,1.0
GA,Equipment Use,1992,535,2025.1599999999976,0.58
GA,Equipment Use,1993,781,1999.6199999999953,0.37
GA,Equipment Use,1994,495,1272.2199999999955,0.35
GA,Equipment Use,1995,787,1492.879999999993,0.25
GA,Equipment Use,1996,906,2296.1500000000206,0.3
GA,Equipment Use,1997,782,1585.9099999999937,0.24
GA,Equipment Use,1998,859,2066.3999999999924,0.3
GA,Equipment Use,1999,1090,4294.599999999977,0.3
GA,Equipment Use,2000,1,5.0,5.0
GA,Equipment Use,2001,3,17.599999999999998,2.2
GA,Equipment Use,2002,2,49.5,24.75
GA,Equipment Use,2003,654,793.1399999999991,0.23
GA,Equipment Use,2004,900,1892.279999999994,0.3
GA,Equipment Use,2005,1078,2111.1199999999944,0.28
GA,Equipment Use,2006,1399,2931.3599999999997,0.4
GA,Equipment Use,2007,1485,3952.2900099999997,0.35
GA,Equipment Use,2008,1103,3197.2499999999914,0.38
GA,Equipment Use,2009,676,1429.8299899999986,0.28
GA,Equipment Use,2011,3,9.9,1.0
GA,Equipment Use,2012,1,36.0,36.0
GA,Equipment Use,2013,2,1.1,0.55
GA,Equipment Use,2014,3,51.9,4.8
GA,Equipment Use,2015,1,5.5,5.5
GA,Lightning,1992,99,732.1099999999999,1.8
GA,Lightning,1993,538,11493.760000000024,1.495
GA,Lightning,1994,103,783.6999999999998,0.81
GA,Lightning,1995,241,1946.6999999999987,1.73
GA,Lightning,1996,222,1619.3399999999988,0.925
GA,Lightning,1997,180,1203.9299999999982,0.705
GA,Lightning,1998,514,10123.760000000038,0.9
GA,Lightning,1999,509,5110.000000000011,1.1
GA,Lightning,2000,705,5952.750000000008,1.0
GA,Lightning,2001,220,17760.509999999973,1.2650000000000001
GA,Lightning,2002,494,128410.46999999997,1.35
GA,Lightning,2003,64,188.05999999999997,0.325
GA,Lightning,2004,186,1604.9699900000003,1.115
GA,Lightning,2005,57,276.51000000000005,0.6
GA,Lightning,2006,649,6025.620010000009,1.0
GA,Lightning,2007,580,82528.62001000023,1.22
GA,Lightning,2008,438,6101.61,1.3
GA,Lightning,2009,115,691.3500000000001,1.19
GA,Lightning,2010,217,1959.959999999998,1.42
GA,Lightning,2011,749,324459.4499999989,2.0
GA,Lightning,2012,437,4300.460000000006,1.25
GA,Lightning,2013,62,381.5600000000001,1.115
GA,Lightning,2014,160,2516.180000000001,1.5
GA,Lightning,2015,209,2668.490000000002,1.2
GA,Miscellaneous,1992,401,1454.7399999999996,0.63
GA,Miscellaneous,1993,599,1881.3299999999972,0.5
GA,Miscellaneous,1994,393,1153.8399999999972,0.39
GA,Miscellaneous,1995,525,1153.2899999999975,0.48
GA,Miscellaneous,1996,599,1614.8099999999959,0.38
GA,Miscellaneous,1997,446,926.1899999999995,0.4
GA,Miscellaneous,1998,504,1182.8900000000015,0.3
GA,Miscellaneous,1999,621,2310.399999999995,0.5
GA,Miscellaneous,2000,654,1965.3999999999967,0.495
GA,Miscellaneous,2001,624,3501.3900000000017,0.6
GA,Miscellaneous,2002,488,1451.3099999999997,0.5
GA,Miscellaneous,2003,377,923.2200000000006,0.28
GA,Miscellaneous,2004,512,1381.629999999998,0.49
GA,Miscellaneous,2005,470,1286.4199999999992,0.42
GA,Miscellaneous,2006,672,2974.7300099999948,0.5
GA,Miscellaneous,2007,723,195394.85999999996,0.5
GA,Miscellaneous,2008,505,1031.97,0.48
GA,Miscellaneous,2009,312,743.1900099999998,0.36
GA,Miscellaneous,2010,520,1018.5600000000009,0.49
GA,Miscellaneous,2011,729,7954.5600000000295,0.7
GA,Miscellaneous,2012,297,1941.4799999999982,0.69
GA,Miscellaneous,2013,18,60.81000000000001,1.5150000000000001
GA,Miscellaneous,2014,20,445.7600000000001,2.55
GA,Miscellaneous,2015,8,149.29999999999998,1.25
GA,Missing/Undefined,2004,2,16.1,8.05
GA,Missing/Undefined,2007,1,1778.0,1778.0
GA,Missing/Undefined,2009,1,0.1,0.1
GA,Missing/Undefined,2011,2,1200.3,600.15
GA,Missing/Undefined,2012,1,5.0,5.0
GA,Missing/Undefined,2014,3,154.1,50.0
GA,Powerline,2013,1,0.3,0.3
GA,Powerline,2014,2,2.5,1.25
GA,Railroad,1992,128,426.79,0.705
GA,Railroad,1993,153,603.6600000000001,1.05
GA,Railroad,1994,128,740.7800000000005,0.9
GA,Railroad,1995,177,326.99999999999966,0.46
GA,Railroad,1996,253,588.58,0.48
GA,Railroad,1997,163,590.2599999999998,0.61
GA,Railroad,1998,118,365.62,0.5
GA,Railroad,1999,142,1630.6999999999998,0.8
GA,Railroad,2000,369,1728.3799999999987,0.4
GA,Railroad,2001,261,2355.4499999999994,0.51
GA,Railroad,2002,172,830.3099999999997,0.44
GA,Railroad,2003,77,193.36,0.27
GA,Railroad,2004,167,547.7800000000002,0.58
GA,Railroad,2005,77,408.82,0.63
GA,Railroad,2006,113,627.39,0.7
GA,Railroad,2007,122,622.2400000000002,1.4649999999999999
GA,Railroad,2008,65,135.43999999999988,0.43
GA,Railroad,2009,53,180.45999999999995,0.71
GA,Railroad,2010,87,167.88000000000002,0.4
GA,Railroad,2011,75,240.63999999999993,0.45
GA,Railroad,2012,63,211.28,0.86
GA,Railroad,2013,21,93.14999999999999,2.1
GA,Railroad,2014,36,104.74,0.75
GA,Railroad,2015,30,115.66999999999999,1.135
GA,Smoking,1992,281,906.2699999999994,0.78
GA,Smoking,1993,388,749.3299999999995,0.42
GA,Smoking,1994,251,1002.2000000000008,0.83
GA,Smoking,1995,309,675.099999999999,0.58
GA,Smoking,1996,353,1015.1799999999998,0.77
GA,Smoking,1997,233,431.05999999999983,0.42
GA,Smoking,1998,230,528.5500000000009,0.3
GA,Smoking,1999,389,1413.0999999999983,0.7
GA,Smoking,2000,346,978.8699999999993,0.47
GA,Smoking,2001,342,1172.53,0.725
GA,Smoking,2002,208,890.4700000000004,0.6
GA,Smoking,2003,125,176.96999999999997,0.44
GA,Smoking,2004,236,565.0199999999999,0.54
GA,Smoking,2005,145,360.38000000000005,0.4
GA,Smoking,2006,192,372.62999999999965,0.425
GA,Smoking,2007,264,1013.4499799999999,0.435
GA,Smoking,2008,133,230.5599999999999,0.43
GA,Smoking,2009,82,232.92999999999998,0.575
GA,Smoking,2010,125,281.63,0.67
GA,Smoking,2011,188,395.78000000000003,0.62
GA,Smoking,2012,76,153.15000000000006,0.52
GA,Smoking,2013,30,79.49000000000001,0.42
GA,Smoking,2014,54,138.18000000000004,1.0699999999999998
GA,Smoking,2015,14,34.260000000000005,1.675
GA,Structure,2014,2,9.5,4.75
HI,Arson,1992,1,0.1,0.1
HI,Arson,2007,4,366.20000000000005,3.05
HI,Arson,2008,1,0.1,0.1
HI,Arson,2010,2,0.2,0.1
HI,Arson,2013,1,0.1,0.1
HI,Arson,2014,1,0.1,0.1
HI,Campfire,1992,23,2802.2,0.1
HI,Campfire,1993,7,0.7,0.1
HI,Campfire,1994,5,0.5,0.1
HI,Campfire,1995,4,0.4,0.1
HI,Campfire,1996,3,0.30000000000000004,0.1
HI,Campfire,1997,9,0.8999999999999999,0.1
HI,Campfire,1999,3,0.30000000000000004,0.1
HI,Campfire,2000,2,0.4,0.2
HI,Campfire,2001,3,0.30000000000000004,0.1
HI,Campfire,2003,1,70.0,70.0
HI,Campfire,2005,1,5.0,5.0
HI,Campfire,2008,1,0.1,0.1
HI,Campfire,2010,1,0.1,0.1
HI,Campfire,2011,1,0.1,0.1
HI,Campfire,2015,1,452.0,452.0
HI,Debris Burning,1992,3,0.30000000000000004,0.1
HI,Debris Burning,1995,1,5.0,5.0
HI,Debris Burning,1998,2,0.2,0.1
HI,Debris Burning,2000,1,1400.0,1400.0
HI,Debris Burning,2002,1,250.0,250.0
HI,Debris Burning,2010,1,100.0,100.0
HI,Debris Burning,2013,3,694.0,3.0
HI,Equipment Use,1997,1,0.1,0.1
HI,Equipment Use,1999,1,0.1,0.1
HI,Equipment Use,2000,1,1008.0,1008.0
HI,Equipment Use,2005,1,0.2,0.2
HI,Equipment Use,2010,1,0.1,0.1
HI,Equipment Use,2012,1,220.0,220.0
HI,Equipment Use,2015,2,3884.6,1942.3
HI,Fireworks,1998,1,100.0,100.0
HI,Fireworks,2002,1,0.1,0.1
HI,Fireworks,2011,1,0.1,0.1
HI,Lightning,1995,1,0.1,0.1
HI,Lightning,2003,1,40.0,40.0
HI,Lightning,2004,1,656.0,656.0
HI,Lightning,2009,2,900.1,450.05
HI,Lightning,2010,1,0.1,0.1
HI,Lightning,2011,1,338.0,338.0
HI,Lightning,2013,1,0.1,0.1
HI,Lightning,2014,1,0.1,0.1
HI,Miscellaneous,1992,9,7258.400000000001,0.6
HI,Miscellaneous,1993,2,947.0,473.5
HI,Miscellaneous,1994,3,78.0,37.0
HI,Miscellaneous,1995,3,602.0,181.0
HI,Miscellaneous,1996,3,310.0,5.0
HI,Miscellaneous,1997,2,51.0,25.5
HI,Miscellaneous,1998,4,37.800000000000004,3.8499999999999996
HI,Miscellaneous,2000,2,205.0,102.5
HI,Miscellaneous,2002,9,3656.4,7.0
HI,Miscellaneous,2003,7,9219.0,65.0
HI,Miscellaneous,2004,1,0.1,0.1
HI,Miscellaneous,2007,4,42.1,6.0
HI,Miscellaneous,2008,3,3350.0,400.0
HI,Miscellaneous,2010,2,610.0,305.0
HI,Miscellaneous,2011,2,2216.0,1108.0
HI,Miscellaneous,2012,6,1685.1,16.0
HI,Miscellaneous,2013,3,6.2,3.0
HI,Missing/Undefined,1992,41,1100.2999999999997,10.0
HI,Missing/Undefined,1993,3,1609.2,600.0
HI,Missing/Undefined,1995,1,420.0,420.0
HI,Missing/Undefined,1996,2,70.0,35.0
HI,Missing/Undefined,1998,19,31537.2,552.0
HI,Missing/Undefined,1999,5,15129.1,69.0
HI,Missing/Undefined,2000,7,3056.2,5.0
HI,Missing/Undefined,2001,562,2351.6499999999733,0.1
HI,Missing/Undefined,2002,564,3107.0999999999594,0.1
HI,Missing/Undefined,2003,932,14968.600000000182,0.1
HI,Missing/Undefined,2004,685,3245.2000000000044,0.1
HI,Missing/Undefined,2005,1238,45624.20000000021,0.1
HI,Missing/Undefined,2006,789,13496.150000000154,0.1
HI,Missing/Undefined,2007,956,39266.850000000064,0.1
HI,Missing/Undefined,2008,764,2778.4399999999923,0.1
HI,Missing/Undefined,2009,814,10902.300000000021,0.1
HI,Missing/Undefined,2010,975,14501.320000000165,0.1
HI,Missing/Undefined,2011,598,2375.3800000000006,0.1
HI,Missing/Undefined,2012,707,3082.6100000000483,0.1
HI,Missing/Undefined,2013,52,60.99999999999999,0.1
HI,Missing/Undefined,2015,1,500.0,500.0
HI,Railroad,2010,1,1.0,1.0
HI,Smoking,1993,2,5.1,2.55
HI,Smoking,1994,1,0.1,0.1
HI,Smoking,2001,1,0.2,0.2
HI,Smoking,2002,1,0.1,0.1
HI,Smoking,2005,2,0.2,0.1
IA,Arson,1992,3,83.0,10.0
IA,Arson,1995,2,19.4,9.7
IA,Arson,1996,2,63.0,31.5
IA,Arson,1999,1,24.0,24.0
IA,Arson,2000,4,6.5,2.0
IA,Arson,2001,1,60.0,60.0
IA,Arson,2002,7,30.800000000000004,0.5
IA,Arson,2003,4,632.6,1.25
IA,Arson,2004,3,3.3,1.0
IA,Arson,2005,2,1292.0,646.0
IA,Arson,2006,8,36.6,1.0
IA,Arson,2007,1,0.2,0.2
IA,Arson,2008,6,45.5,4.5
IA,Arson,2009,5,13.0,2.0
IA,Arson,2010,3,5.1,1.0
IA,Arson,2011,3,375.0,115.0
IA,Arson,2012,13,134.75,3.0
IA,Arson,2013,3,8.6,2.5
IA,Arson,2014,13,234.4,5.0
IA,Arson,2015,28,555.7,6.0
IA,Campfire,2001,3,12.0,4.0
IA,Campfire,2002,5,2.7,0.2
IA,Campfire,2003,5,1204.5,1.0
IA,Campfire,2004,7,15.2,2.0
IA,Campfire,2005,3,10.5,2.0
IA,Campfire,2007,1,0.1,0.1
IA,Campfire,2009,1,6.0,6.0
IA,Campfire,2010,1,12.0,12.0
IA,Campfire,2012,5,13.0,1.0
IA,Campfire,2013,2,2.1,1.05
IA,Campfire,2015,2,5.05,2.525
IA,Children,2004,1,0.2,0.2
IA,Children,2006,1,0.2,0.2
IA,Children,2009,2,10.0,5.0
IA,Children,2012,6,20.5,1.5
IA,Children,2013,2,1.5,0.75
IA,Children,2014,6,14.2,2.15
IA,Children,2015,2,2.9,1.45
IA,Debris Burning,1994,3,57.4,10.0
IA,Debris Burning,1995,1,5.0,5.0
IA,Debris Burning,1996,11,650.6,5.0
IA,Debris Burning,1997,2,11.5,5.75
IA,Debris Burning,1999,2,71.4,35.7
IA,Debris Burning,2000,2,13.0,6.5
IA,Debris Burning,2001,4,2.7,0.3
IA,Debris Burning,2002,10,17.900000000000002,1.5
IA,Debris Burning,2003,3,2.8,0.5
IA,Debris Burning,2004,10,571.4000000000001,3.6
IA,Debris Burning,2005,3,801.5,1.0
IA,Debris Burning,2006,1,0.5,0.5
IA,Debris Burning,2007,4,54.2,1.8
IA,Debris Burning,2008,2,5.0,2.5
IA,Debris Burning,2009,16,118.0,3.0
IA,Debris Burning,2011,9,233.8,1.0
IA,Debris Burning,2012,212,2168.7149999999992,2.0
IA,Debris Burning,2013,160,2035.0099999999998,3.0
IA,Debris Burning,2014,363,7239.525000000001,4.0
IA,Debris Burning,2015,353,9941.545,5.0
IA,Equipment Use,1999,1,0.1,0.1
IA,Equipment Use,2001,1,10.0,10.0
IA,Equipment Use,2002,3,0.9,0.3
IA,Equipment Use,2003,3,3.4,0.3
IA,Equipment Use,2004,3,46.1,1.0
IA,Equipment Use,2005,1,200.0,200.0
IA,Equipment Use,2012,60,427.94500000000005,3.0
IA,Equipment Use,2013,20,56.75,2.0
IA,Equipment Use,2014,31,387.71,1.5
IA,Equipment Use,2015,49,1385.803,3.0
IA,Fireworks,1996,1,5.0,5.0
IA,Lightning,2004,1,59.1,59.1
IA,Lightning,2012,6,102.5,0.5
IA,Lightning,2013,3,0.03,0.01
IA,Lightning,2014,3,120.01,20.0
IA,Lightning,2015,3,1.1,0.5
IA,Miscellaneous,1992,2,2.3,1.15
IA,Miscellaneous,1993,6,30.700000000000003,2.75
IA,Miscellaneous,1994,2,48.0,24.0
IA,Miscellaneous,1995,3,33.0,2.0
IA,Miscellaneous,1996,14,307.8,5.75
IA,Miscellaneous,1997,8,81.5,2.0
IA,Miscellaneous,1998,3,70.0,10.0
IA,Miscellaneous,1999,13,319.0,4.0
IA,Miscellaneous,2000,12,1715.0,44.0
IA,Miscellaneous,2001,1,0.3,0.3
IA,Miscellaneous,2002,24,212.5999999999999,1.0
IA,Miscellaneous,2003,35,1489.7,4.0
IA,Miscellaneous,2004,22,414.5,5.5
IA,Miscellaneous,2005,25,4198.1,1.0
IA,Miscellaneous,2006,7,678.0,30.0
IA,Miscellaneous,2007,2,48.3,24.15
IA,Miscellaneous,2009,1,6.0,6.0
IA,Miscellaneous,2010,1,103.0,103.0
IA,Miscellaneous,2011,2,834.0,417.0
IA,Miscellaneous,2012,106,725.501,1.5
IA,Miscellaneous,2013,34,131.47000000000003,1.25
IA,Miscellaneous,2014,98,2102.3799999999997,2.0
IA,Miscellaneous,2015,50,1852.6300999999999,4.0
IA,Missing/Undefined,2006,424,4642.73,2.0
IA,Missing/Undefined,2007,135,738.7629999999999,1.0
IA,Missing/Undefined,2008,143,1637.9599999999998,2.0
IA,Missing/Undefined,2009,677,7795.952000000003,2.0
IA,Missing/Undefined,2010,194,2284.8419999999996,2.0
IA,Missing/Undefined,2011,425,6018.632500000002,3.0
IA,Missing/Undefined,2012,11,65.5,0.5
IA,Missing/Undefined,2013,2,160.0,80.0
IA,Missing/Undefined,2014,1,320.0,320.0
IA,Missing/Undefined,2015,4,22.6,3.75
IA,Powerline,1999,1,1.0,1.0
IA,Powerline,2002,1,0.1,0.1
IA,Powerline,2004,2,0.2,0.1
IA,Powerline,2013,1,0.5,0.5
IA,Railroad,2012,6,29.6,1.75
IA,Railroad,2013,1,1.0,1.0
IA,Railroad,2014,2,3.5,1.75
IA,Railroad,2015,5,45.0,1.5
IA,Smoking,1999,2,20.1,10.05
IA,Smoking,2002,1,2.0,2.0
IA,Smoking,2004,1,0.5,0.5
IA,Smoking,2006,1,13.0,13.0
IA,Smoking,2012,32,296.5,2.0
IA,Smoking,2013,15,20.36,0.8
IA,Smoking,2014,26,101.15,1.75
IA,Smoking,2015,21,101.94999999999999,1.5
IA,Structure,2000,1,0.2,0.2
IA,Structure,2012,1,0.5,0.5
ID,Arson,1992,24,15356.6,1.0
ID,Arson,1993,10,14.899999999999999,0.1
ID,Arson,1994,36,35189.19999999999,2.5
ID,Arson,1995,19,4378.000000000001,15.8
ID,Arson,1996,21,1391.4,1.5
ID,Arson,1997,14,97.3,0.75
ID,Arson,1998,6,1131.8999999999999,8.75
ID,Arson,1999,36,6430.6,5.5
ID,Arson,2000,37,36676.29999999999,1.0
ID,Arson,2001,34,2151.2999999999993,2.0
ID,Arson,2002,12,106.39999999999999,0.6
ID,Arson,2003,48,18021.699999999993,4.0
ID,Arson,2004,18,529.3,2.5
ID,Arson,2005,31,12809.199999999999,4.0
ID,Arson,2006,29,5089.999999999999,2.5
ID,Arson,2007,43,1752.8999999999999,0.5
ID,Arson,2008,31,8559.4,0.1
ID,Arson,2009,65,65.90000000000002,0.1
ID,Arson,2010,156,3670.749999999998,0.2
ID,Arson,2011,259,10410.710000000021,0.3
ID,Arson,2012,86,5766.35,2.5
ID,Arson,2013,16,3807.5799999999995,0.9
ID,Arson,2014,13,715.2500000000001,0.2
ID,Arson,2015,16,2525.5499999999997,0.625
ID,Campfire,1992,101,890.1000000000001,0.1
ID,Campfire,1993,48,111.69999999999999,0.1
ID,Campfire,1994,123,21748.499999999993,0.1
ID,Campfire,1995,71,792.4000000000001,0.1
ID,Campfire,1996,92,2122.3,0.1
ID,Campfire,1997,35,1176.6999999999998,0.1
ID,Campfire,1998,62,90.69999999999995,0.1
ID,Campfire,1999,123,6442.200000000023,0.1
ID,Campfire,2000,91,14048.4,0.1
ID,Campfire,2001,97,149.09999999999965,0.1
ID,Campfire,2002,99,886.8000000000009,0.1
ID,Campfire,2003,89,39684.949999999975,0.1
ID,Campfire,2004,54,21.000000000000004,0.1
ID,Campfire,2005,82,783.6000000000009,0.1
ID,Campfire,2006,65,35532.609999999964,0.1
ID,Campfire,2007,61,1344.7199999999996,0.1
ID,Campfire,2008,75,3310.039999999997,0.1
ID,Campfire,2009,93,93.32000000000001,0.1
ID,Campfire,2010,98,2184.1599999999994,0.1
ID,Campfire,2011,82,264.7200000000003,0.1
ID,Campfire,2012,79,920.8300000000005,0.1
ID,Campfire,2013,90,283.2000000000003,0.1
ID,Campfire,2014,84,622.4900000000013,0.1
ID,Campfire,2015,92,7078.410000000009,0.1
ID,Children,1992,9,419.7,3.0
ID,Children,1993,1,1.1,1.1
ID,Children,1994,13,143.49999999999997,0.3
ID,Children,1995,4,2.3,0.1
ID,Children,1996,16,2179.7,0.25
ID,Children,1997,2,1.1,0.55
ID,Children,1998,6,4.0,0.15000000000000002
ID,Children,1999,8,280.40000000000003,1.5
ID,Children,2000,5,15.1,2.0
ID,Children,2001,6,1069.5,2.15
ID,Children,2002,8,1050.7,0.2
ID,Children,2003,5,2.6,0.1
ID,Children,2004,2,0.6,0.3
ID,Children,2005,5,313.70000000000005,1.5
ID,Children,2006,3,2828.6,0.5
ID,Children,2007,6,2.4000000000000004,0.35
ID,Children,2008,7,400.0000000000001,0.1
ID,Children,2009,7,6.5,0.2
ID,Children,2010,4,1.6,0.25
ID,Children,2011,13,1360.6999999999998,0.3
ID,Children,2012,4,32.0,1.25
ID,Children,2013,5,9.85,0.25
ID,Children,2014,2,0.2,0.1
ID,Children,2015,6,56.0,0.7
ID,Debris Burning,1992,58,5268.3,3.0
ID,Debris Burning,1993,36,504.40000000000003,3.25
ID,Debris Burning,1994,81,25109.0,5.0
ID,Debris Burning,1995,46,26656.3,3.5
ID,Debris Burning,1996,44,16619.3,6.5
ID,Debris Burning,1997,40,11918.800000000001,17.1
ID,Debris Burning,1998,46,2019.1,1.0
ID,Debris Burning,1999,79,20148.600000000006,3.0
ID,Debris Burning,2000,43,7372.8,2.0
ID,Debris Burning,2001,56,31801.199999999997,4.0
ID,Debris Burning,2002,42,1296.7,1.25
ID,Debris Burning,2003,54,4675.339999999999,3.0
ID,Debris Burning,2004,24,526.3999999999999,0.75
ID,Debris Burning,2005,48,63058.04999999999,2.5
ID,Debris Burning,2006,28,2978.5,1.75
ID,Debris Burning,2007,43,5946.6,1.0
ID,Debris Burning,2008,23,6155.05,5.7
ID,Debris Burning,2009,60,1858.749999999998,0.43
ID,Debris Burning,2010,35,948.4200000000002,0.5
ID,Debris Burning,2011,49,91.81999999999996,0.2
ID,Debris Burning,2012,47,1084.1,1.5
ID,Debris Burning,2013,42,873.8500000000004,0.32499999999999996
ID,Debris Burning,2014,36,1630.4499999999994,0.3
ID,Debris Burning,2015,65,6956.880000000001,0.5
ID,Equipment Use,1992,55,8279.200000000003,1.0
ID,Equipment Use,1993,16,144.6,1.0
ID,Equipment Use,1994,47,29040.399999999998,1.0
ID,Equipment Use,1995,49,14296.6,7.0
ID,Equipment Use,1996,61,98575.2,10.0
ID,Equipment Use,1997,31,867.0000000000001,2.0
ID,Equipment Use,1998,40,25497.5,3.0
ID,Equipment Use,1999,80,23201.3,2.0
ID,Equipment Use,2000,81,24837.69999999999,3.0
ID,Equipment Use,2001,104,16819.200000000004,3.0
ID,Equipment Use,2002,50,1766.0999999999995,0.4
ID,Equipment Use,2003,70,8783.900000000005,1.4
ID,Equipment Use,2004,41,1930.0499999999997,2.0
ID,Equipment Use,2005,88,37609.450000000004,1.9
ID,Equipment Use,2006,99,27386.999999999996,3.0
ID,Equipment Use,2007,76,50789.15000000001,3.5
ID,Equipment Use,2008,57,38414.499999999985,1.5
ID,Equipment Use,2009,76,5459.75,1.0
ID,Equipment Use,2010,57,43975.45,3.0
ID,Equipment Use,2011,72,9177.000000000005,1.0
ID,Equipment Use,2012,95,172274.63000000012,2.0
ID,Equipment Use,2013,155,6031.140000000005,1.0
ID,Equipment Use,2014,196,6840.210000000004,0.5
ID,Equipment Use,2015,78,2937.349999999999,0.5
ID,Fireworks,1992,7,259.1,3.0
ID,Fireworks,1993,3,264.0,1.0
ID,Fireworks,1994,8,16.6,1.75
ID,Fireworks,1995,9,109.2,1.0
ID,Fireworks,1996,21,5512.400000000001,5.0
ID,Fireworks,1997,21,952.3000000000001,20.0
ID,Fireworks,1998,13,30.100000000000005,0.5
ID,Fireworks,1999,26,181.9,0.75
ID,Fireworks,2000,15,501.00000000000006,1.0
ID,Fireworks,2001,26,459.1,0.95
ID,Fireworks,2002,8,132.70000000000002,0.5
ID,Fireworks,2003,32,2881.5,1.0
ID,Fireworks,2004,14,639.8000000000001,1.25
ID,Fireworks,2005,20,1125.2999999999995,0.5
ID,Fireworks,2006,19,1155.3999999999996,0.5
ID,Fireworks,2007,36,1235.9,0.3
ID,Fireworks,2008,31,614.4000000000002,0.2
ID,Fireworks,2009,6,215.7,0.1
ID,Fireworks,2010,6,40.7,0.75
ID,Fireworks,2011,15,100.39999999999999,1.0
ID,Fireworks,2012,17,9079.1,5.0
ID,Fireworks,2013,11,598.0,0.5
ID,Fireworks,2014,17,798.3000000000001,0.5
ID,Fireworks,2015,9,2.5,0.1
ID,Lightning,1992,1352,632904.299999997,0.1
ID,Lightning,1993,328,1637.300000000005,0.1
ID,Lightning,1994,2055,594213.1999999938,0.1
ID,Lightning,1995,864,198030.9000000001,0.1
ID,Lightning,1996,1195,704724.6000000001,0.1
ID,Lightning,1997,672,20766.89999999999,0.1
ID,Lightning,1998,1144,118916.39999999994,0.1
ID,Lightning,1999,998,308357.2999999994,0.1
ID,Lightning,2000,1060,1241324.9,0.2
ID,Lightning,2001,831,112215.50000000013,0.1
ID,Lightning,2002,905,71327.2000000001,0.1
ID,Lightning,2003,916,228393.93000000063,0.1
ID,Lightning,2004,676,12308.420000000036,0.1
ID,Lightning,2005,644,503054.72999999975,0.25
ID,Lightning,2006,1100,735993.6499999996,0.25
ID,Lightning,2007,840,2031572.970000005,0.5
ID,Lightning,2008,408,78182.06000000016,0.1
ID,Lightning,2009,751,11282.860000000073,0.1
ID,Lightning,2010,592,469269.1799999997,0.25
ID,Lightning,2011,682,315824.3199999995,0.2
ID,Lightning,2012,634,1487030.2300000046,0.405
ID,Lightning,2013,1075,686990.6799999953,0.2
ID,Lightning,2014,740,167860.83000000034,0.15
ID,Lightning,2015,829,748312.1699999971,0.25
ID,Miscellaneous,1992,91,16813.4,2.0
ID,Miscellaneous,1993,34,753.1,0.9
ID,Miscellaneous,1994,84,7886.800000000001,1.0
ID,Miscellaneous,1995,67,11375.4,2.0
ID,Miscellaneous,1996,122,56427.799999999996,5.5
ID,Miscellaneous,1997,52,3490.3,2.0
ID,Miscellaneous,1998,66,1679.9999999999986,0.5
ID,Miscellaneous,1999,112,8390.899999999998,1.85
ID,Miscellaneous,2000,83,12271.799999999997,1.0
ID,Miscellaneous,2001,114,18960.999999999985,1.0
ID,Miscellaneous,2002,79,7117.599999999999,0.5
ID,Miscellaneous,2003,84,21610.94999999999,1.25
ID,Miscellaneous,2004,57,1847.6099999999997,0.75
ID,Miscellaneous,2005,89,21191.449999999986,1.0
ID,Miscellaneous,2006,106,80048.42000000003,2.0
ID,Miscellaneous,2007,101,40484.75000000001,2.5
ID,Miscellaneous,2008,77,31580.97,1.0
ID,Miscellaneous,2009,97,3946.7299999999987,0.1
ID,Miscellaneous,2010,151,120654.45000000004,0.3
ID,Miscellaneous,2011,90,18616.879999999983,0.5
ID,Miscellaneous,2012,139,81896.50000000009,9.0
ID,Miscellaneous,2013,114,37058.24999999994,0.5
ID,Miscellaneous,2014,77,8710.940000000002,0.5
ID,Miscellaneous,2015,132,18929.54999999997,0.42500000000000004
ID,Missing/Undefined,1992,440,3194.099999999985,0.1
ID,Missing/Undefined,1993,197,1675.5999999999965,0.1
ID,Missing/Undefined,1994,816,6191.800000000039,0.1
ID,Missing/Undefined,1995,248,690.500000000003,0.1
ID,Missing/Undefined,1996,310,1936.8999999999955,0.1
ID,Missing/Undefined,1997,228,762.300000000002,0.1
ID,Missing/Undefined,1998,336,659.4000000000028,0.1
ID,Missing/Undefined,1999,384,1887.1199999999956,0.1
ID,Missing/Undefined,2000,287,1485.7799999999927,0.1
ID,Missing/Undefined,2001,361,4421.120000000041,0.1
ID,Missing/Undefined,2002,267,1491.8499999999917,0.1
ID,Missing/Undefined,2003,319,7294.790000000026,0.1
ID,Missing/Undefined,2004,238,1134.0199999999943,0.1
ID,Missing/Undefined,2005,96,502.1500000000003,1.0
ID,Missing/Undefined,2006,384,5605.2410000000355,0.1
ID,Missing/Undefined,2007,344,3389.149999999988,0.25
ID,Missing/Undefined,2008,236,3692.5199999999895,0.1
ID,Missing/Undefined,2009,23,360.2,0.5
ID,Missing/Undefined,2010,31,224.44999999999996,0.5
ID,Missing/Undefined,2011,28,51998.6,2.0
ID,Missing/Undefined,2012,58,9009.000000000004,5.0
ID,Missing/Undefined,2013,28,854.3000000000001,2.7
ID,Missing/Undefined,2014,28,9137.1,2.85
ID,Missing/Undefined,2015,38,2202.6,3.35
ID,Powerline,1992,7,485.7,12.0
ID,Powerline,1993,5,50.2,1.0
ID,Powerline,1994,12,6229.0,345.0
ID,Powerline,1995,15,10747.0,70.0
ID,Powerline,1996,28,3327.7999999999997,6.5
ID,Powerline,1997,10,1870.0,40.0
ID,Powerline,1998,7,82.60000000000001,5.0
ID,Powerline,1999,11,39412.9,164.2
ID,Powerline,2000,13,9619.800000000001,72.0
ID,Powerline,2001,11,2453.3,3.0
ID,Powerline,2002,4,927.5,4.0
ID,Powerline,2003,13,4489.7,9.0
ID,Powerline,2004,4,80.80000000000001,13.3
ID,Powerline,2005,17,1070.3000000000002,33.1
ID,Powerline,2006,25,12671.3,3.0
ID,Powerline,2007,22,47725.8,3.0
ID,Powerline,2008,11,225.3,8.0
ID,Powerline,2009,6,592.5,13.5
ID,Powerline,2010,9,1795.1,73.0
ID,Powerline,2011,7,1120.0,47.0
ID,Powerline,2012,14,7885.100000000001,39.6
ID,Powerline,2013,12,2879.2999999999997,207.5
ID,Powerline,2014,13,2565.4999999999995,1.0
ID,Powerline,2015,8,2024.1,0.85
ID,Railroad,1992,19,372.1,3.0
ID,Railroad,1993,6,2818.7,3.0
ID,Railroad,1994,19,2592.7,10.0
ID,Railroad,1995,19,611.9,3.0
ID,Railroad,1996,26,3588.6,11.0
ID,Railroad,1997,14,92.19999999999999,2.1
ID,Railroad,1998,16,625.4,2.0
ID,Railroad,1999,35,1060.8999999999999,1.0
ID,Railroad,2000,19,232.90000000000003,5.0
ID,Railroad,2001,21,2231.6,1.0
ID,Railroad,2002,7,7.799999999999999,0.3
ID,Railroad,2003,13,149.29999999999998,1.0
ID,Railroad,2004,4,3.2,0.55
ID,Railroad,2005,11,112.5,2.0
ID,Railroad,2006,12,1057.7,15.0
ID,Railroad,2007,8,309.2,3.25
ID,Railroad,2008,17,29.400000000000002,0.5
ID,Railroad,2009,3,1.3,0.5
ID,Railroad,2010,3,515.1,62.0
ID,Railroad,2011,6,84.19999999999999,2.25
ID,Railroad,2012,3,37.1,2.0
ID,Railroad,2013,6,596.6,59.7
ID,Railroad,2014,5,5.8999999999999995,0.1
ID,Smoking,1992,32,416.29999999999995,0.2
ID,Smoking,1993,14,2.6000000000000005,0.1
ID,Smoking,1994,41,663.9000000000002,0.2
ID,Smoking,1995,21,940.8000000000001,0.1
ID,Smoking,1996,36,252.8,0.2
ID,Smoking,1997,11,907.5,0.1
ID,Smoking,1998,16,562.2,0.1
ID,Smoking,1999,24,391.7,0.1
ID,Smoking,2000,14,2399.9,0.15000000000000002
ID,Smoking,2001,21,68.4,0.3
ID,Smoking,2002,27,98.9,0.1
ID,Smoking,2003,14,114.55,1.0
ID,Smoking,2004,6,0.6,0.1
ID,Smoking,2005,9,24.45,0.25
ID,Smoking,2006,16,433.85,0.4
ID,Smoking,2007,7,68.7,0.1
ID,Smoking,2008,13,4026.72,0.47
ID,Smoking,2009,9,24.200000000000003,0.2
ID,Smoking,2010,8,588.8,0.25
ID,Smoking,2011,14,93.69999999999999,0.1
ID,Smoking,2012,9,70.94999999999997,0.1
ID,Smoking,2013,11,341.7500000000001,2.1
ID,Smoking,2014,3,5.1,2.0
ID,Smoking,2015,3,0.7,0.1
ID,Structure,1994,1,5.0,5.0
ID,Structure,1995,1,50.0,50.0
ID,Structure,1996,2,1.1,0.55
ID,Structure,2000,1,0.1,0.1
ID,Structure,2001,1,1.3,1.3
ID,Structure,2002,3,0.8999999999999999,0.3
ID,Structure,2005,4,7251.599999999999,140.85
ID,Structure,2006,2,4.2,2.1
ID,Structure,2007,2,34.0,17.0
ID,Structure,2009,2,0.2,0.1
ID,Structure,2011,1,206.0,206.0
ID,Structure,2012,4,20.5,1.125
ID,Structure,2013,1,1.0,1.0
ID,Structure,2014,1,0.3,0.3
ID,Structure,2015,1,0.3,0.3
IL,Arson,1992,4,20.500000000000004,0.2
IL,Arson,1994,12,227.9,3.5
IL,Arson,1995,19,698.0,15.0
IL,Arson,1996,6,11.399999999999999,0.9
IL,Arson,1997,2,1.1,0.55
IL,Arson,1998,10,90.5,1.75
IL,Arson,1999,16,57.20000000000001,0.45
IL,Arson,2000,9,249.6,15.0
IL,Arson,2001,13,203.0,10.0
IL,Arson,2002,14,36.800000000000004,1.0
IL,Arson,2003,6,32.55,1.2
IL,Arson,2004,11,233.1,7.0
IL,Arson,2005,6,71.49999999999999,0.15000000000000002
IL,Arson,2006,4,194.1,32.5
IL,Arson,2007,8,39.01,5.1
IL,Arson,2008,10,8.599999999999998,0.1
IL,Arson,2009,21,181.60999999999999,4.0
IL,Arson,2010,21,494.85000000000014,0.1
IL,Arson,2011,5,18.4,3.5
IL,Arson,2012,7,1.5,0.1
IL,Arson,2013,3,24.400000000000002,6.3
IL,Arson,2014,8,55.65,1.0
IL,Arson,2015,1,0.1,0.1
IL,Campfire,1992,1,1.5,1.5
IL,Campfire,1994,1,3.6,3.6
IL,Campfire,1995,4,3.7,0.55
IL,Campfire,1998,1,0.5,0.5
IL,Campfire,1999,6,14.899999999999999,1.05
IL,Campfire,2000,2,5.1,2.55
IL,Campfire,2001,8,18.500000000000007,0.1
IL,Campfire,2002,3,4.199999999999999,0.1
IL,Campfire,2003,7,85.6,2.0
IL,Campfire,2004,19,157.70000000000002,1.0
IL,Campfire,2005,6,74.8,0.3
IL,Campfire,2006,7,0.7,0.1
IL,Campfire,2007,5,1.3000000000000003,0.1
IL,Campfire,2008,1,1.0,1.0
IL,Campfire,2009,15,23.910000000000007,0.25
IL,Campfire,2010,7,1.2600000000000002,0.1
IL,Campfire,2011,1,2.0,2.0
IL,Campfire,2012,5,16.9,1.25
IL,Campfire,2013,9,3.31,0.1
IL,Campfire,2014,4,270.5,2.25
IL,Campfire,2015,1,0.5,0.5
IL,Children,1992,1,80.0,80.0
IL,Children,2007,1,6.4,6.4
IL,Children,2012,1,4.0,4.0
IL,Children,2013,1,5.0,5.0
IL,Children,2015,2,760.0,380.0
IL,Debris Burning,1992,5,69.2,6.0
IL,Debris Burning,1994,10,96.8,4.0
IL,Debris Burning,1995,14,209.4,7.5
IL,Debris Burning,1996,7,97.89999999999999,10.0
IL,Debris Burning,1997,1,0.1,0.1
IL,Debris Burning,1998,2,26.5,13.25
IL,Debris Burning,1999,7,269.4,0.5
IL,Debris Burning,2000,5,147.0,15.0
IL,Debris Burning,2001,4,20.900000000000002,0.4
IL,Debris Burning,2002,8,19.3,1.75
IL,Debris Burning,2003,8,64.5,1.3
IL,Debris Burning,2004,16,338.1,2.5
IL,Debris Burning,2005,7,289.25,2.0
IL,Debris Burning,2006,3,10.2,2.5
IL,Debris Burning,2007,5,12.99,3.2
IL,Debris Burning,2008,33,105.85999999999997,1.0
IL,Debris Burning,2009,60,203.31999999999988,1.0
IL,Debris Burning,2010,84,529.46,1.0
IL,Debris Burning,2011,41,138.60999999999999,1.0
IL,Debris Burning,2012,47,385.0500000000001,2.0
IL,Debris Burning,2013,8,38.05,1.75
IL,Debris Burning,2014,140,1464.35,2.0
IL,Debris Burning,2015,68,541.41,2.75
IL,Equipment Use,1992,1,5.0,5.0
IL,Equipment Use,1993,2,28.0,14.0
IL,Equipment Use,1994,1,0.2,0.2
IL,Equipment Use,1996,2,2.1,1.05
IL,Equipment Use,1997,2,3.1,1.55
IL,Equipment Use,1998,1,0.1,0.1
IL,Equipment Use,1999,2,3.1,1.55
IL,Equipment Use,2003,3,11.4,1.0
IL,Equipment Use,2004,3,1.6,0.5
IL,Equipment Use,2005,4,3.3,0.75
IL,Equipment Use,2006,7,25.85,2.0
IL,Equipment Use,2007,12,203.9,4.85
IL,Equipment Use,2008,15,91.64999999999999,1.0
IL,Equipment Use,2009,8,1124.0,18.5
IL,Equipment Use,2010,11,49.85,1.5
IL,Equipment Use,2011,10,79.5,1.75
IL,Equipment Use,2012,9,53.25,1.0
IL,Equipment Use,2013,1,2.0,2.0
IL,Equipment Use,2014,9,67.6,0.5
IL,Equipment Use,2015,2,2.1,1.05
IL,Fireworks,2012,5,28.0,2.0
IL,Fireworks,2014,1,0.75,0.75
IL,Lightning,1994,1,5.0,5.0
IL,Lightning,2000,1,14.0,14.0
IL,Lightning,2001,4,19.300000000000004,0.1
IL,Lightning,2003,1,600.0,600.0
IL,Lightning,2004,1,0.1,0.1
IL,Lightning,2005,2,225.1,112.55
IL,Lightning,2006,1,0.1,0.1
IL,Lightning,2007,2,2.1,1.05
IL,Lightning,2008,3,75.19999999999999,0.1
IL,Lightning,2009,4,4.199999999999999,0.55
IL,Lightning,2010,4,5.199999999999999,0.07500000000000001
IL,Lightning,2011,2,0.2,0.1
IL,Lightning,2012,5,21.8,1.3
IL,Lightning,2014,2,1.1,0.55
IL,Miscellaneous,1995,1,0.2,0.2
IL,Miscellaneous,1996,4,20.0,5.0
IL,Miscellaneous,1997,3,8.1,1.0
IL,Miscellaneous,1998,3,31.0,15.0
IL,Miscellaneous,1999,8,132.0,10.0
IL,Miscellaneous,2000,10,179.1,20.0
IL,Miscellaneous,2001,13,245.99999999999997,4.0
IL,Miscellaneous,2002,13,33.2,0.5
IL,Miscellaneous,2003,21,352.79999999999995,2.5
IL,Miscellaneous,2004,34,138.90999999999997,0.9
IL,Miscellaneous,2005,35,315.6000000000001,0.5
IL,Miscellaneous,2006,4,18.3,5.1
IL,Miscellaneous,2007,14,177.6,2.35
IL,Miscellaneous,2008,126,650.8200000000004,1.0
IL,Miscellaneous,2009,227,1527.0399999999977,1.0
IL,Miscellaneous,2010,310,1480.329999999998,1.0
IL,Miscellaneous,2011,70,1968.0700000000002,1.0
IL,Miscellaneous,2012,77,818.4500000000002,1.0
IL,Miscellaneous,2013,19,68.66,1.0
IL,Miscellaneous,2014,46,526.865,1.35
IL,Miscellaneous,2015,25,268.7900000000001,1.0
IL,Missing/Undefined,2003,1,450.0,450.0
IL,Missing/Undefined,2006,8,23.950000000000003,1.75
IL,Missing/Undefined,2007,46,374.75,2.0
IL,Missing/Undefined,2008,1,0.1,0.1
IL,Missing/Undefined,2009,3,76.0,34.0
IL,Missing/Undefined,2010,4,6.8,1.25
IL,Missing/Undefined,2012,7,4.1000000000000005,0.3
IL,Missing/Undefined,2013,2,6.1,3.05
IL,Powerline,2008,1,1.0,1.0
IL,Powerline,2009,3,117.1,2.0
IL,Powerline,2010,4,6.1499999999999995,0.05
IL,Powerline,2011,5,16.6,1.0
IL,Powerline,2014,6,19.4,1.0
IL,Railroad,1992,1,12.0,12.0
IL,Railroad,1998,2,6.0,3.0
IL,Railroad,2000,2,2.4,1.2
IL,Railroad,2001,1,2.0,2.0
IL,Railroad,2002,2,0.2,0.1
IL,Railroad,2004,2,4.5,2.25
IL,Railroad,2007,1,0.1,0.1
IL,Railroad,2012,1,10.0,10.0
IL,Railroad,2013,1,0.5,0.5
IL,Railroad,2014,2,0.75,0.375
IL,Railroad,2015,1,1.0,1.0
IL,Smoking,1992,5,47.2,10.0
IL,Smoking,1993,3,1.8000000000000003,0.1
IL,Smoking,1994,2,50.2,25.1
IL,Smoking,1995,9,81.89999999999999,0.7
IL,Smoking,1996,2,18.4,9.2
IL,Smoking,1997,2,1.3,0.65
IL,Smoking,1998,3,10.7,5.0
IL,Smoking,1999,14,20.599999999999998,0.6
IL,Smoking,2001,2,21.4,10.7
IL,Smoking,2002,3,7.1000000000000005,1.0
IL,Smoking,2003,1,0.1,0.1
IL,Smoking,2004,2,1.6,0.8
IL,Smoking,2005,2,1.0,0.5
IL,Smoking,2007,5,12.75,1.0
IL,Smoking,2008,7,5.659999999999999,0.3
IL,Smoking,2009,6,6.22,0.1
IL,Smoking,2010,7,34.65,1.0
IL,Smoking,2011,2,0.15000000000000002,0.07500000000000001
IL,Smoking,2012,3,13.1,1.0
IL,Smoking,2014,9,15.1,0.75
IL,Smoking,2015,5,17.5,2.0
IL,Structure,2015,1,0.1,0.1
IN,Arson,1992,17,52.60000000000001,1.0
IN,Arson,1993,11,57.80000000000001,0.1
IN,Arson,1994,4,4.999999999999999,0.45
IN,Arson,1995,12,142.8,1.8
IN,Arson,1996,11,47.400000000000006,0.8
IN,Arson,1997,2,34.2,17.1
IN,Arson,1998,9,40.900000000000006,0.5
IN,Arson,1999,13,223.49999999999997,1.0
IN,Arson,2000,21,100.49999999999997,1.0
IN,Arson,2001,17,293.7,2.0
IN,Arson,2002,13,107.4,0.5
IN,Arson,2003,11,16.6,0.1
IN,Arson,2004,29,438.5500000000002,0.5
IN,Arson,2005,18,36.00000000000001,0.2
IN,Arson,2006,10,4.6,0.1
IN,Arson,2007,11,25.800000000000004,0.5
IN,Arson,2008,3,1.2,0.1
IN,Arson,2009,6,10.2,1.5
IN,Arson,2010,10,23.050000000000004,0.25
IN,Arson,2011,6,495.5,45.0
IN,Arson,2012,8,88.1,8.0
IN,Arson,2014,2,1.1,0.55
IN,Arson,2015,4,157.9,32.45
IN,Campfire,1992,2,3.0,1.5
IN,Campfire,1993,6,25.700000000000006,0.1
IN,Campfire,1994,1,0.1,0.1
IN,Campfire,1995,8,80.69999999999999,0.75
IN,Campfire,1996,2,0.2,0.1
IN,Campfire,1997,4,0.6,0.1
IN,Campfire,1998,10,5.999999999999998,0.75
IN,Campfire,1999,9,42.7,0.1
IN,Campfire,2000,1,0.5,0.5
IN,Campfire,2001,10,30.300000000000004,0.35
IN,Campfire,2002,23,61.20000000000001,0.5
IN,Campfire,2003,29,29.099999999999998,0.7
IN,Campfire,2004,43,45.250000000000014,0.5
IN,Campfire,2005,35,71.80000000000001,0.2
IN,Campfire,2006,16,5.099999999999999,0.1
IN,Campfire,2007,27,19.099999999999994,0.5
IN,Campfire,2008,21,28.500000000000007,1.0
IN,Campfire,2009,3,7.1,2.0
IN,Campfire,2010,12,11.299999999999995,0.1
IN,Campfire,2012,7,18.300000000000004,1.0
IN,Campfire,2013,5,1.4000000000000004,0.1
IN,Campfire,2014,4,3.8000000000000003,0.35
IN,Campfire,2015,2,0.6,0.3
IN,Children,1992,10,12.799999999999999,0.2
IN,Children,1994,6,6.799999999999999,0.6
IN,Children,1995,5,7.1,0.1
IN,Children,1996,3,1.5000000000000002,0.1
IN,Children,1998,8,3.5000000000000004,0.15000000000000002
IN,Children,1999,17,17.8,0.5
IN,Children,2000,6,90.9,5.25
IN,Children,2001,7,29.3,1.0
IN,Children,2002,5,50.0,0.5
IN,Children,2003,4,3.0,0.35
IN,Children,2004,1,0.1,0.1
IN,Children,2009,2,0.6,0.3
IN,Children,2012,1,4.5,4.5
IN,Children,2013,1,3.2,3.2
IN,Debris Burning,1992,15,20.900000000000016,0.1
IN,Debris Burning,1993,6,1.0999999999999999,0.1
IN,Debris Burning,1994,12,7.499999999999997,0.1
IN,Debris Burning,1995,13,264.4000000000001,0.1
IN,Debris Burning,1996,21,29.20000000000002,0.1
IN,Debris Burning,1997,6,1.5000000000000004,0.1
IN,Debris Burning,1998,11,60.70000000000001,0.2
IN,Debris Burning,1999,47,86.20000000000002,0.2
IN,Debris Burning,2000,36,95.79999999999997,1.0
IN,Debris Burning,2001,53,372.7000000000001,2.0
IN,Debris Burning,2002,31,53.8,1.0
IN,Debris Burning,2003,42,66.20000000000002,0.6
IN,Debris Burning,2004,51,234.5099999999999,1.0
IN,Debris Burning,2005,36,90.69999999999992,0.65
IN,Debris Burning,2006,18,39.15000000000001,0.5
IN,Debris Burning,2007,34,62.90000000000002,1.0
IN,Debris Burning,2008,15,15.500000000000004,0.5
IN,Debris Burning,2009,12,75.25,1.5
IN,Debris Burning,2010,17,1372.8,2.0
IN,Debris Burning,2011,6,31.5,5.5
IN,Debris Burning,2012,6,22.2,2.1
IN,Debris Burning,2013,1,4.0,4.0
IN,Debris Burning,2014,15,79.54,1.5
IN,Debris Burning,2015,2,20.5,10.25
IN,Equipment Use,1992,1,0.1,0.1
IN,Equipment Use,1993,5,5.399999999999999,0.1
IN,Equipment Use,1994,3,51.4,4.0
IN,Equipment Use,1995,1,0.2,0.2
IN,Equipment Use,1996,6,0.6,0.1
IN,Equipment Use,1997,1,0.2,0.2
IN,Equipment Use,1998,3,1.6,0.5
IN,Equipment Use,1999,12,120.59999999999998,0.75
IN,Equipment Use,2000,3,2.6,0.5
IN,Equipment Use,2001,9,27.6,1.0
IN,Equipment Use,2002,7,14.4,1.0
IN,Equipment Use,2003,6,10.899999999999999,0.55
IN,Equipment Use,2004,9,6.299999999999998,0.1
IN,Equipment Use,2005,3,2.5,1.0
IN,Equipment Use,2006,4,4.4,0.65
IN,Equipment Use,2007,8,30.000000000000004,1.0
IN,Equipment Use,2008,2,1.5,0.75
IN,Equipment Use,2009,3,1.35,0.25
IN,Equipment Use,2010,5,7.35,1.1
IN,Equipment Use,2012,5,76.1,10.0
IN,Equipment Use,2014,2,4.6,2.3
IN,Fireworks,1992,5,1.4,0.2
IN,Fireworks,1993,3,7.0,0.9
IN,Fireworks,1994,6,5.8,0.1
IN,Fireworks,1995,1,0.1,0.1
IN,Fireworks,1996,9,3.9,0.1
IN,Fireworks,1997,3,24.0,0.2
IN,Fireworks,1998,2,6.1,3.05
IN,Fireworks,1999,3,0.7,0.3
IN,Fireworks,2000,1,26.7,26.7
IN,Fireworks,2001,4,1.3000000000000003,0.1
IN,Fireworks,2002,2,11.299999999999999,5.6499999999999995
IN,Fireworks,2003,1,0.1,0.1
IN,Fireworks,2004,1,0.1,0.1
IN,Fireworks,2005,2,0.5,0.25
IN,Fireworks,2006,1,0.1,0.1
IN,Fireworks,2009,2,0.6,0.3
IN,Fireworks,2010,1,0.3,0.3
IN,Fireworks,2011,1,0.1,0.1
IN,Fireworks,2012,1,0.2,0.2
IN,Fireworks,2015,1,0.1,0.1
IN,Lightning,1994,1,0.1,0.1
IN,Lightning,1996,1,0.1,0.1
IN,Lightning,1998,2,0.2,0.1
IN,Lightning,2001,2,0.30000000000000004,0.15000000000000002
IN,Lightning,2002,2,0.2,0.1
IN,Lightning,2003,2,1.1,0.55
IN,Lightning,2004,2,1.1,0.55
IN,Lightning,2005,3,0.30000000000000004,0.1
IN,Lightning,2007,3,0.7,0.1
IN,Lightning,2008,4,2.4,0.65
IN,Lightning,2009,1,0.1,0.1
IN,Lightning,2012,5,2.45,0.25
IN,Lightning,2013,1,0.1,0.1
IN,Lightning,2014,1,1.18,1.18
IN,Miscellaneous,1992,15,78.99999999999999,0.2
IN,Miscellaneous,1993,11,11.899999999999999,0.2
IN,Miscellaneous,1994,13,4.799999999999998,0.1
IN,Miscellaneous,1995,19,68.6,1.0
IN,Miscellaneous,1996,13,6.699999999999998,0.1
IN,Miscellaneous,1997,5,15.399999999999999,0.1
IN,Miscellaneous,1998,3,5.199999999999999,0.1
IN,Miscellaneous,1999,24,61.10000000000001,0.5
IN,Miscellaneous,2000,5,2.7,0.5
IN,Miscellaneous,2001,9,78.4,2.0
IN,Miscellaneous,2002,28,65.30000000000001,0.2
IN,Miscellaneous,2003,56,1290.9,1.0
IN,Miscellaneous,2004,44,52.70000000000003,0.1
IN,Miscellaneous,2005,57,317.60000000000025,0.3
IN,Miscellaneous,2006,24,183.29999999999993,0.5
IN,Miscellaneous,2007,33,90.10999999999996,0.5
IN,Miscellaneous,2008,17,92.49999999999997,0.3
IN,Miscellaneous,2009,12,13.100000000000001,0.3
IN,Miscellaneous,2010,15,83.1,1.5
IN,Miscellaneous,2011,6,3.6,0.2
IN,Miscellaneous,2012,11,45.1,0.25
IN,Miscellaneous,2013,5,12.3,2.5
IN,Miscellaneous,2014,6,31.600000000000005,4.9
IN,Miscellaneous,2015,1,220.0,220.0
IN,Missing/Undefined,1999,1,0.1,0.1
IN,Missing/Undefined,2001,1,1.0,1.0
IN,Missing/Undefined,2005,8,2.8,0.3
IN,Missing/Undefined,2006,10,749.5,0.75
IN,Missing/Undefined,2007,8,1876.2,2.2
IN,Missing/Undefined,2008,5,1.7999999999999998,0.1
IN,Missing/Undefined,2009,4,0.7999999999999999,0.1
IN,Missing/Undefined,2010,8,57.9,0.55
IN,Missing/Undefined,2011,2,168.1,84.05
IN,Missing/Undefined,2012,6,446.2,6.3
IN,Missing/Undefined,2013,5,717.0,0.3
IN,Missing/Undefined,2015,3,1.6,0.6
IN,Powerline,1992,2,0.4,0.2
IN,Powerline,1993,1,0.1,0.1
IN,Powerline,1994,1,0.1,0.1
IN,Powerline,1995,6,0.6,0.1
IN,Powerline,1997,4,0.5,0.1
IN,Powerline,1998,1,0.1,0.1
IN,Powerline,2001,1,0.1,0.1
IN,Powerline,2002,1,0.1,0.1
IN,Powerline,2004,1,0.1,0.1
IN,Powerline,2005,1,0.1,0.1
IN,Powerline,2011,3,0.30000000000000004,0.1
IN,Powerline,2014,3,3.2,0.5
IN,Railroad,1992,28,77.09999999999997,0.15000000000000002
IN,Railroad,1993,11,354.2000000000001,0.1
IN,Railroad,1994,34,494.1000000000003,0.2
IN,Railroad,1995,36,316.90000000000003,0.2
IN,Railroad,1996,19,405.10000000000014,0.5
IN,Railroad,1997,10,6.499999999999998,0.1
IN,Railroad,1998,8,50.70000000000001,0.2
IN,Railroad,1999,18,186.89999999999995,0.1
IN,Railroad,2000,15,344.6000000000001,1.3
IN,Railroad,2001,15,218.0,1.0
IN,Railroad,2002,3,400.1,4.0
IN,Railroad,2004,4,5.699999999999999,1.35
IN,Railroad,2005,6,51.9,3.75
IN,Railroad,2006,1,1.0,1.0
IN,Railroad,2007,1,0.1,0.1
IN,Railroad,2010,2,7.2,3.6
IN,Railroad,2011,2,0.4,0.2
IN,Railroad,2012,5,337.8,13.7
IN,Railroad,2013,1,3.1,3.1
IN,Railroad,2014,2,3.7,1.85
IN,Railroad,2015,2,266.0,133.0
IN,Smoking,1993,2,1.1,0.55
IN,Smoking,1994,1,1.3,1.3
IN,Smoking,1996,1,0.1,0.1
IN,Smoking,1997,1,0.1,0.1
IN,Smoking,1999,6,24.500000000000004,0.15000000000000002
IN,Smoking,2000,4,43.6,1.75
IN,Smoking,2001,11,113.9,2.0
IN,Smoking,2002,8,2.4000000000000004,0.2
IN,Smoking,2003,4,6.1,1.0
IN,Smoking,2004,5,0.5,0.1
IN,Smoking,2005,3,1.2000000000000002,0.1
IN,Smoking,2006,2,0.2,0.1
IN,Smoking,2007,2,4.1,2.05
IN,Smoking,2010,3,7.1,1.0
IN,Smoking,2012,2,1.25,0.625
IN,Smoking,2013,1,0.1,0.1
IN,Smoking,2015,1,7.1,7.1
IN,Structure,1994,3,0.9,0.2
IN,Structure,1996,2,0.2,0.1
IN,Structure,1999,1,0.1,0.1
IN,Structure,2001,1,1.0,1.0
IN,Structure,2004,3,0.8,0.2
IN,Structure,2005,1,0.1,0.1
IN,Structure,2014,1,3.5,3.5
KS,Arson,1993,7,153.1,12.0
KS,Arson,1994,12,171.3,12.0
KS,Arson,1996,1,6000.0,6000.0
KS,Arson,1998,5,198.8,30.2
KS,Arson,1999,1,12.0,12.0
KS,Arson,2000,3,243.0,13.0
KS,Arson,2002,14,335.00000000000006,2.5
KS,Arson,2003,12,164.2,3.5
KS,Arson,2004,6,35.2,1.0
KS,Arson,2005,25,1141.0999999999997,1.0
KS,Arson,2006,57,3809.3999999999983,1.0
KS,Arson,2007,30,292.4000000000001,1.0
KS,Arson,2008,6,18.1,1.0
KS,Arson,2009,3,257.8,4.0
KS,Arson,2011,5,694.0,26.0
KS,Arson,2012,3,2.7,0.6
KS,Arson,2013,1,41.0,41.0
KS,Arson,2014,9,786.5999999999999,1.8
KS,Arson,2015,419,10060.160000000029,0.01
KS,Campfire,1993,1,0.2,0.2
KS,Campfire,1994,1,0.3,0.3
KS,Campfire,1996,1,0.3,0.3
KS,Campfire,1998,2,0.2,0.1
KS,Campfire,2000,2,1.1,0.55
KS,Campfire,2001,7,8.399999999999999,0.5
KS,Campfire,2002,16,44.300000000000004,0.3
KS,Campfire,2003,18,674.4,3.0
KS,Campfire,2004,10,18.5,1.0
KS,Campfire,2005,14,1409.6,0.5
KS,Campfire,2006,26,107.29999999999998,1.0
KS,Campfire,2007,25,287.80000000000007,1.0
KS,Campfire,2008,9,3.1,0.1
KS,Campfire,2010,1,0.1,0.1
KS,Campfire,2011,2,212.1,106.05
KS,Campfire,2013,1,12.0,12.0
KS,Campfire,2015,1,4.0,4.0
KS,Children,2007,1,1.5,1.5
KS,Children,2009,1,3.0,3.0
KS,Children,2013,1,0.1,0.1
KS,Children,2014,1,5.0,5.0
KS,Children,2015,48,84.09000000000012,0.01
KS,Debris Burning,1992,5,66.0,7.0
KS,Debris Burning,1993,2,13.0,6.5
KS,Debris Burning,1994,3,855.5,40.5
KS,Debris Burning,1995,4,8.8,0.85
KS,Debris Burning,1996,3,71.5,1.0
KS,Debris Burning,1997,5,182.3,45.0
KS,Debris Burning,1998,9,530.2,57.4
KS,Debris Burning,1999,19,3799.1,68.0
KS,Debris Burning,2000,14,1713.1,31.0
KS,Debris Burning,2001,36,2368.8999999999996,22.5
KS,Debris Burning,2002,31,1402.0,20.0
KS,Debris Burning,2003,20,1263.0,17.5
KS,Debris Burning,2004,22,447.70000000000005,4.0
KS,Debris Burning,2005,64,2861.999999999999,15.0
KS,Debris Burning,2006,93,3375.9999999999986,5.0
KS,Debris Burning,2007,29,974.1,15.0
KS,Debris Burning,2008,33,2261.1999999999994,3.0
KS,Debris Burning,2009,3,18.0,4.0
KS,Debris Burning,2010,5,1278.0,224.0
KS,Debris Burning,2011,19,12656.0,80.0
KS,Debris Burning,2012,12,1144.1999999999998,27.5
KS,Debris Burning,2013,1,0.1,0.1
KS,Debris Burning,2014,11,2574.3,17.0
KS,Debris Burning,2015,1673,32828.06499999977,2.0
KS,Equipment Use,1992,3,160.1,20.0
KS,Equipment Use,1994,4,185.3,55.0
KS,Equipment Use,1995,4,1.4,0.4
KS,Equipment Use,1996,1,0.1,0.1
KS,Equipment Use,1997,4,4.1,0.5
KS,Equipment Use,1998,2,5.0,2.5
KS,Equipment Use,1999,2,1.6,0.8
KS,Equipment Use,2000,2,643.6,321.8
KS,Equipment Use,2001,12,86.7,1.5
KS,Equipment Use,2002,15,281.00000000000006,1.0
KS,Equipment Use,2003,11,252.2,2.0
KS,Equipment Use,2004,8,35.800000000000004,2.0
KS,Equipment Use,2005,14,1240.3,1.0
KS,Equipment Use,2006,34,391.6,1.0
KS,Equipment Use,2007,13,18.000000000000004,0.5
KS,Equipment Use,2008,12,186.09999999999997,0.3
KS,Equipment Use,2009,2,13.0,6.5
KS,Equipment Use,2010,3,5.609999999999999,2.0
KS,Equipment Use,2011,6,17510.709999999995,5.0
KS,Equipment Use,2012,7,592.2,10.0
KS,Equipment Use,2013,1,1.5,1.5
KS,Equipment Use,2015,465,4902.310000000023,1.0
KS,Fireworks,2007,1,2.0,2.0
KS,Fireworks,2014,1,0.1,0.1
KS,Fireworks,2015,80,37.130000000000024,0.01
KS,Lightning,1992,3,6.5,3.0
KS,Lightning,1994,12,131.4,0.65
KS,Lightning,1995,11,141.20000000000005,2.0
KS,Lightning,1996,4,3.4,0.65
KS,Lightning,1997,5,25.200000000000003,2.0
KS,Lightning,1998,7,3285.4,50.0
KS,Lightning,1999,4,3.9,0.4
KS,Lightning,2000,5,25.400000000000002,0.1
KS,Lightning,2001,2,6.0,3.0
KS,Lightning,2002,12,247.2,8.0
KS,Lightning,2003,11,253.9,5.0
KS,Lightning,2004,2,2.1,1.05
KS,Lightning,2005,4,1.7,0.3
KS,Lightning,2006,10,1072.3,1.0
KS,Lightning,2007,9,67.19999999999999,1.0
KS,Lightning,2008,4,21.5,5.5
KS,Lightning,2009,1,0.1,0.1
KS,Lightning,2010,2,4191.0,2095.5
KS,Lightning,2011,4,9.7,1.05
KS,Lightning,2012,8,4292.63,0.165
KS,Lightning,2013,4,172.2,3.05
KS,Lightning,2014,1,0.1,0.1
KS,Lightning,2015,78,1487.6899999999996,0.75
KS,Miscellaneous,1992,3,2.3000000000000003,0.2
KS,Miscellaneous,1993,3,43.0,6.0
KS,Miscellaneous,1994,4,4991.3,15.5
KS,Miscellaneous,1995,3,176.1,1.0
KS,Miscellaneous,1996,5,1473.0,35.0
KS,Miscellaneous,1997,3,196.6,53.6
KS,Miscellaneous,1998,5,337.5,17.0
KS,Miscellaneous,1999,7,711.0,80.5
KS,Miscellaneous,2000,18,888.6,11.0
KS,Miscellaneous,2001,11,192.1,3.0
KS,Miscellaneous,2002,27,1480.4999999999998,5.0
KS,Miscellaneous,2003,34,404.8000000000002,1.0
KS,Miscellaneous,2004,21,99.19999999999996,0.5
KS,Miscellaneous,2005,38,282.10000000000014,0.75
KS,Miscellaneous,2006,90,908.2000000000004,1.0
KS,Miscellaneous,2007,67,760.1100000000005,1.0
KS,Miscellaneous,2008,11,282.1,12.0
KS,Miscellaneous,2009,8,233.8,7.0
KS,Miscellaneous,2010,8,5112.0,148.0
KS,Miscellaneous,2011,16,7627.6,76.5
KS,Miscellaneous,2012,3,13.0,3.0
KS,Miscellaneous,2014,7,560.7,45.6
KS,Miscellaneous,2015,2610,33833.30499999921,0.01
KS,Missing/Undefined,1993,1,1600.0,1600.0
KS,Missing/Undefined,1994,10,78120.0,5060.0
KS,Missing/Undefined,1995,4,4200.0,1100.0
KS,Missing/Undefined,1996,10,139388.0,11000.0
KS,Missing/Undefined,1997,2,11000.0,5500.0
KS,Missing/Undefined,1998,1,850.0,850.0
KS,Missing/Undefined,1999,1,2000.0,2000.0
KS,Missing/Undefined,2000,3,5700.0,1700.0
KS,Missing/Undefined,2002,7,61700.0,5500.0
KS,Missing/Undefined,2003,2,5000.0,2500.0
KS,Missing/Undefined,2004,3,1040.0,26.0
KS,Missing/Undefined,2005,10,14670.0,600.0
KS,Missing/Undefined,2006,26,69499.0,1153.5
KS,Missing/Undefined,2007,10,14332.0,1000.0
KS,Missing/Undefined,2008,17,71475.0,1500.0
KS,Missing/Undefined,2009,52,38409.5,310.0
KS,Missing/Undefined,2010,19,14520.0,600.0
KS,Missing/Undefined,2011,4,52900.0,5700.0
KS,Missing/Undefined,2012,40,51285.4,757.5
KS,Missing/Undefined,2013,5,6640.1,53.0
KS,Missing/Undefined,2014,29,32599.0,650.0
KS,Missing/Undefined,2015,15,28793.9,1600.0
KS,Powerline,2015,115,6750.520000000002,0.01
KS,Railroad,2010,1,2.0,2.0
KS,Smoking,1992,2,16.7,8.35
KS,Smoking,1994,1,5.0,5.0
KS,Smoking,1995,4,10.4,1.6
KS,Smoking,1996,5,634.1,61.0
KS,Smoking,1997,3,2.2,0.1
KS,Smoking,1999,2,4.0,2.0
KS,Smoking,2000,1,5.0,5.0
KS,Smoking,2001,1,0.2,0.2
KS,Smoking,2002,6,54.0,1.5
KS,Smoking,2003,5,21.700000000000003,0.5
KS,Smoking,2004,4,1.2,0.3
KS,Smoking,2005,6,1315.6999999999998,0.75
KS,Smoking,2006,12,6.599999999999998,0.55
KS,Smoking,2007,11,1.5999999999999999,0.1
KS,Smoking,2008,2,1.1,0.55
KS,Smoking,2009,1,30.0,30.0
KS,Smoking,2010,1,0.1,0.1
KS,Smoking,2015,318,3638.9900000000143,1.0
KS,Structure,2015,65,1790.3809999999996,2.0
KY,Arson,1992,29,353.0,2.5
KY,Arson,1993,67,789.3000000000001,5.0
KY,Arson,1994,137,3760.0,7.0
KY,Arson,1995,139,5027.3,4.0
KY,Arson,1996,56,972.9000000000001,3.0
KY,Arson,1997,392,8034.1,5.0
KY,Arson,1998,562,17632.2,7.0
KY,Arson,1999,1170,104720.0,10.0
KY,Arson,2000,1011,107958.70000000001,15.0
KY,Arson,2001,1443,157801.40000000008,15.0
KY,Arson,2002,58,1663.2999999999995,3.3
KY,Arson,2003,29,205.49999999999997,4.0
KY,Arson,2004,44,884.3000000000001,2.0
KY,Arson,2005,68,6379.2,5.8
KY,Arson,2006,55,2351.4700000000003,4.0
KY,Arson,2007,106,6913.350000000002,5.5
KY,Arson,2008,55,1921.9999999999998,9.0
KY,Arson,2009,32,1728.9,18.0
KY,Arson,2010,52,1061.24,2.45
KY,Arson,2011,34,966.57,5.265000000000001
KY,Arson,2012,33,1371.92,3.8
KY,Arson,2013,26,1194.3100000000002,4.2
KY,Arson,2014,38,2158.46,11.5
KY,Arson,2015,27,640.06,4.3
KY,Campfire,1992,4,30.1,2.5
KY,Campfire,1993,2,1.1,0.55
KY,Campfire,1994,7,97.7,3.0
KY,Campfire,1995,8,138.29999999999998,2.5
KY,Campfire,1996,2,4.1,2.05
KY,Campfire,1997,13,90.3,2.0
KY,Campfire,1998,25,585.5,2.0
KY,Campfire,1999,50,949.4000000000001,5.0
KY,Campfire,2000,13,644.0,20.0
KY,Campfire,2001,31,925.1,4.0
KY,Campfire,2002,304,5440.1,3.0
KY,Campfire,2003,1,13.0,13.0
KY,Campfire,2004,3,87.1,2.0
KY,Campfire,2005,4,36.1,9.5
KY,Campfire,2006,2,5.0,2.5
KY,Campfire,2007,459,6572.0,2.0
KY,Campfire,2008,343,5577.75,3.0
KY,Campfire,2009,385,5407.41,3.0
KY,Campfire,2010,435,8309.81,2.0
KY,Campfire,2011,209,3579.9,3.0
KY,Campfire,2012,202,2010.7499999999989,2.0
KY,Campfire,2013,170,2176.9000000000005,3.0
KY,Campfire,2014,330,5694.55,5.0
KY,Campfire,2015,162,2666.3999999999996,3.0
KY,Children,1992,2,0.2,0.1
KY,Children,1993,1,8.0,8.0
KY,Children,1995,1,4.0,4.0
KY,Children,1997,14,162.0,3.0
KY,Children,1998,11,126.0,4.0
KY,Children,1999,22,303.1,2.0
KY,Children,2000,11,3323.6,5.0
KY,Children,2001,14,47.8,2.5
KY,Children,2002,11,33.0,2.0
KY,Children,2007,17,267.0,1.0
KY,Children,2008,5,7.0,1.0
KY,Children,2009,4,6.0,1.0
KY,Children,2010,13,327.25,1.0
KY,Children,2011,6,20.0,2.5
KY,Children,2012,5,2.8000000000000003,0.5
KY,Children,2013,1,1.0,1.0
KY,Children,2014,3,7.0,3.0
KY,Children,2015,1,1.0,1.0
KY,Debris Burning,1992,10,119.2,9.5
KY,Debris Burning,1993,2,20.0,10.0
KY,Debris Burning,1994,11,75.3,4.0
KY,Debris Burning,1995,10,148.0,5.0
KY,Debris Burning,1996,4,76.0,12.95
KY,Debris Burning,1997,188,2841.0,3.0
KY,Debris Burning,1998,236,4780.7,4.0
KY,Debris Burning,1999,341,11212.6,4.0
KY,Debris Burning,2000,345,15007.800000000005,5.0
KY,Debris Burning,2001,357,8501.700000000004,5.0
KY,Debris Burning,2002,542,16788.5,5.0
KY,Debris Burning,2003,2,14.0,7.0
KY,Debris Burning,2004,6,129.4,11.5
KY,Debris Burning,2005,9,59.75,4.0
KY,Debris Burning,2006,11,416.5,26.0
KY,Debris Burning,2007,1156,40200.7,7.0
KY,Debris Burning,2008,946,26710.5,6.0
KY,Debris Burning,2009,845,33143.75,8.0
KY,Debris Burning,2010,1099,42087.369999999995,8.0
KY,Debris Burning,2011,671,18132.5,8.0
KY,Debris Burning,2012,831,27295.549999999977,6.0
KY,Debris Burning,2013,718,17921.5,8.0
KY,Debris Burning,2014,927,30409.889995999998,10.0
KY,Debris Burning,2015,489,14920.900000000001,8.0
KY,Equipment Use,1992,1,2.0,2.0
KY,Equipment Use,1993,1,5.0,5.0
KY,Equipment Use,1994,1,15.0,15.0
KY,Equipment Use,1995,3,100.19999999999999,0.1
KY,Equipment Use,1996,3,16.0,5.0
KY,Equipment Use,1997,4,26.0,2.5
KY,Equipment Use,1998,17,131.0,2.0
KY,Equipment Use,1999,47,1134.3,6.0
KY,Equipment Use,2000,27,1027.9,3.5
KY,Equipment Use,2001,26,699.5,4.0
KY,Equipment Use,2002,13,329.0,8.0
KY,Equipment Use,2005,2,0.2,0.1
KY,Equipment Use,2006,1,0.3,0.3
KY,Equipment Use,2007,22,471.2,3.0
KY,Equipment Use,2008,16,218.75,6.5
KY,Equipment Use,2009,6,45.1,2.0
KY,Equipment Use,2010,22,368.21,1.8
KY,Equipment Use,2011,6,141.0,11.5
KY,Equipment Use,2012,10,269.5,4.0
KY,Equipment Use,2013,3,28.0,2.0
KY,Equipment Use,2014,15,658.3,6.0
KY,Equipment Use,2015,8,27.7,2.5
KY,Fireworks,2014,1,0.5,0.5
KY,Lightning,1992,1,6.0,6.0
KY,Lightning,1993,2,5.0,2.5
KY,Lightning,1995,3,106.0,15.0
KY,Lightning,1996,1,0.5,0.5
KY,Lightning,1997,2,7.0,3.5
KY,Lightning,1998,4,318.0,57.5
KY,Lightning,1999,18,694.0,16.0
KY,Lightning,2000,12,1227.2,4.5
KY,Lightning,2001,7,13.6,1.0
KY,Lightning,2002,4,7.5,1.0
KY,Lightning,2004,1,6.0,6.0
KY,Lightning,2005,1,1.0,1.0
KY,Lightning,2006,3,45.0,16.0
KY,Lightning,2007,26,509.62,6.0
KY,Lightning,2008,6,177.0,5.0
KY,Lightning,2009,1,40.0,40.0
KY,Lightning,2010,3,3.0,1.0
KY,Lightning,2011,4,26.16,7.08
KY,Lightning,2012,19,157.80999999999997,1.1
KY,Lightning,2013,1,0.5,0.5
KY,Lightning,2014,6,173.6,13.75
KY,Lightning,2015,3,154.3,65.0
KY,Miscellaneous,1992,2,94.0,47.0
KY,Miscellaneous,1993,3,4.1,1.0
KY,Miscellaneous,1994,15,616.8,15.0
KY,Miscellaneous,1995,8,160.7,0.2
KY,Miscellaneous,1996,4,48.0,8.0
KY,Miscellaneous,1997,53,421.0,2.0
KY,Miscellaneous,1998,73,1085.7,3.0
KY,Miscellaneous,1999,152,4934.8,5.0
KY,Miscellaneous,2000,134,6370.700000000002,4.0
KY,Miscellaneous,2001,139,5391.3,6.0
KY,Miscellaneous,2002,79,884.0,2.0
KY,Miscellaneous,2003,1,3.0,3.0
KY,Miscellaneous,2004,6,146.25,13.0
KY,Miscellaneous,2005,5,215.0,22.0
KY,Miscellaneous,2006,20,1013.25,3.0
KY,Miscellaneous,2007,192,3334.25,2.0
KY,Miscellaneous,2008,133,1997.15,3.0
KY,Miscellaneous,2009,106,2386.75,3.25
KY,Miscellaneous,2010,188,5490.57,3.0
KY,Miscellaneous,2011,81,840.6,3.0
KY,Miscellaneous,2012,129,1223.7999999999995,1.5
KY,Miscellaneous,2013,61,1435.91,3.0
KY,Miscellaneous,2014,93,2892.85,5.0
KY,Miscellaneous,2015,53,1196.8600000000001,3.0
KY,Missing/Undefined,2003,922,19613.199999999983,4.25
KY,Missing/Undefined,2004,1177,21454.199999999983,3.0
KY,Missing/Undefined,2005,1675,49743.68499999991,4.0
KY,Missing/Undefined,2006,1792,49800.799999999945,5.0
KY,Missing/Undefined,2007,15,6081.0,210.0
KY,Missing/Undefined,2008,10,1569.0,142.5
KY,Missing/Undefined,2009,3,376.0,115.0
KY,Missing/Undefined,2010,8,1417.0,149.5
KY,Missing/Undefined,2012,1,5.0,5.0
KY,Missing/Undefined,2013,1,0.1,0.1
KY,Missing/Undefined,2014,1,0.1,0.1
KY,Powerline,2001,1,0.1,0.1
KY,Powerline,2004,1,5.3,5.3
KY,Powerline,2014,2,1.1,0.55
KY,Railroad,1994,2,41.2,20.6
KY,Railroad,1995,1,1.0,1.0
KY,Railroad,1996,1,0.2,0.2
KY,Railroad,1997,4,15.0,2.0
KY,Railroad,1998,8,66.0,3.0
KY,Railroad,1999,17,803.6,2.0
KY,Railroad,2000,16,491.2,8.5
KY,Railroad,2001,11,1494.0,20.0
KY,Railroad,2002,29,461.0,5.0
KY,Railroad,2005,2,8.0,4.0
KY,Railroad,2007,73,1161.1,4.0
KY,Railroad,2008,44,698.0,3.5
KY,Railroad,2009,32,327.0,2.5
KY,Railroad,2010,76,923.0,3.0
KY,Railroad,2011,20,157.0,4.0
KY,Railroad,2012,26,254.09999999999994,1.0
KY,Railroad,2013,18,215.6,1.65
KY,Railroad,2014,22,203.1,3.5
KY,Railroad,2015,11,71.1,5.0
KY,Smoking,1993,3,10.6,0.5
KY,Smoking,1994,5,54.6,1.0
KY,Smoking,1995,7,178.1,2.0
KY,Smoking,1996,1,0.1,0.1
KY,Smoking,1997,5,16.3,2.0
KY,Smoking,1998,21,241.2,2.0
KY,Smoking,1999,62,882.0,3.5
KY,Smoking,2000,18,169.5,3.0
KY,Smoking,2001,32,304.90000000000003,3.0
KY,Smoking,2002,10,251.0,1.5
KY,Smoking,2003,1,0.1,0.1
KY,Smoking,2007,15,104.0,2.0
KY,Smoking,2008,5,38.0,1.0
KY,Smoking,2009,5,34.0,1.0
KY,Smoking,2010,17,222.0,3.0
KY,Smoking,2011,1,10.5,10.5
KY,Smoking,2012,7,39.300000000000004,1.0
KY,Smoking,2013,4,15.2,2.1
KY,Smoking,2014,8,87.4,4.0
KY,Smoking,2015,2,1.7000000000000002,0.8500000000000001
LA,Arson,1992,48,4652.6,6.2
LA,Arson,1993,75,1435.7999999999997,3.0
LA,Arson,1994,80,854.4000000000001,1.15
LA,Arson,1995,89,2109.1000000000004,5.0
LA,Arson,1996,84,5868.9000000000015,9.0
LA,Arson,1997,345,6491.300000000015,2.0
LA,Arson,1998,471,5251.000000000011,2.0
LA,Arson,1999,618,6210.800000000016,2.0
LA,Arson,2000,902,13287.50000000003,3.0
LA,Arson,2001,319,5204.400000000009,2.0
LA,Arson,2002,561,6988.30000000001,3.0
LA,Arson,2003,28,7050.1,2.5
LA,Arson,2004,25,7997.700000000001,6.0
LA,Arson,2005,97,3087.0999999999995,3.0
LA,Arson,2006,1660,25517.3,3.0
LA,Arson,2007,31,403.70000000000005,1.0
LA,Arson,2008,797,12292.239859999998,3.0
LA,Arson,2009,34,1607.7999999999997,4.5
LA,Arson,2010,390,5956.349999999998,2.3499999999999996
LA,Arson,2011,68,1721.2199999999996,3.35
LA,Arson,2012,203,2322.44,2.5
LA,Arson,2013,303,5435.918999999998,5.1
LA,Arson,2014,202,4237.455700000003,3.045
LA,Arson,2015,12,1782.5600000000004,0.65
LA,Campfire,1992,3,44.0,3.0
LA,Campfire,1993,3,26.8,1.0
LA,Campfire,1994,1,30.0,30.0
LA,Campfire,1995,8,12.7,0.5
LA,Campfire,1996,7,77.2,3.0
LA,Campfire,1997,10,24.900000000000002,1.0
LA,Campfire,1998,41,572.0999999999999,5.0
LA,Campfire,1999,22,236.49999999999997,2.0
LA,Campfire,2000,73,2433.6999999999994,3.0
LA,Campfire,2001,12,44.7,0.1
LA,Campfire,2002,8,257.0,5.0
LA,Campfire,2003,1,1.0,1.0
LA,Campfire,2004,1,7.0,7.0
LA,Campfire,2005,953,5989.6,3.0
LA,Campfire,2006,10,54.25,3.5
LA,Campfire,2007,3,3.0,1.0
LA,Campfire,2008,9,92.35,1.0
LA,Campfire,2009,2,7.0,3.5
LA,Campfire,2010,90,655.2375000000002,1.55
LA,Campfire,2011,7,12.7,2.0
LA,Campfire,2012,12,111.33999999999999,3.27
LA,Campfire,2013,9,40.0,0.9
LA,Campfire,2014,4,40.1,3.2
LA,Campfire,2015,3,1977.0,111.0
LA,Children,1997,6,17.1,2.5
LA,Children,1998,6,177.0,3.5
LA,Children,1999,9,30.1,2.0
LA,Children,2000,6,32.0,2.0
LA,Children,2001,3,14.0,5.0
LA,Children,2002,109,1816.8999999999999,2.0
LA,Children,2005,24,311.25,2.0
LA,Children,2006,8,22.0,2.0
LA,Children,2008,3,8.75,0.5
LA,Children,2010,10,11.639999999999999,0.25
LA,Children,2012,7,21.9,1.5
LA,Children,2013,11,33.209999999999994,0.75
LA,Children,2014,5,5.540000000000001,0.75
LA,Debris Burning,1992,14,12427.0,5.85
LA,Debris Burning,1993,20,184.1,2.5
LA,Debris Burning,1994,10,1122.9,3.0
LA,Debris Burning,1995,10,388.6,11.65
LA,Debris Burning,1996,23,924.5,15.0
LA,Debris Burning,1997,13,2134.7999999999997,2.0
LA,Debris Burning,1998,16,4270.100000000001,7.55
LA,Debris Burning,1999,26,8909.100000000002,2.0
LA,Debris Burning,2000,44,777.3000000000001,2.0
LA,Debris Burning,2001,9,1514.8999999999996,3.0
LA,Debris Burning,2002,548,4687.5000000000055,3.0
LA,Debris Burning,2003,5,1044.4,13.0
LA,Debris Burning,2004,6,259.0,5.0
LA,Debris Burning,2005,239,5957.052,2.0
LA,Debris Burning,2006,1078,9483.0,2.0
LA,Debris Burning,2007,6,40.0,3.0
LA,Debris Burning,2008,380,3161.707460000001,2.0
LA,Debris Burning,2009,3,390.0,3.0
LA,Debris Burning,2010,548,4246.342900000002,1.75
LA,Debris Burning,2011,16,414.59999999999997,14.5
LA,Debris Burning,2012,382,1869.6899999999987,1.6
LA,Debris Burning,2013,379,2503.5708999999974,2.3
LA,Debris Burning,2014,406,3911.1070000000022,3.1688
LA,Debris Burning,2015,7,55.75000000000001,5.0
LA,Equipment Use,1992,1,1.0,1.0
LA,Equipment Use,1994,1,0.2,0.2
LA,Equipment Use,1995,1,85.0,85.0
LA,Equipment Use,1996,5,109.5,12.0
LA,Equipment Use,1997,16,27.900000000000002,1.1
LA,Equipment Use,1998,48,1337.9999999999998,2.0
LA,Equipment Use,1999,46,1079.5,2.0
LA,Equipment Use,2000,42,2109.999999999999,4.5
LA,Equipment Use,2001,19,235.29999999999998,1.0
LA,Equipment Use,2002,40,252.9,3.5
LA,Equipment Use,2003,12,106.0,1.5
LA,Equipment Use,2004,8,106.0,8.0
LA,Equipment Use,2005,51,508.75,2.0
LA,Equipment Use,2006,57,481.75,2.0
LA,Equipment Use,2007,3,62.0,20.0
LA,Equipment Use,2008,29,134.45,1.0
LA,Equipment Use,2009,2,1.5,0.75
LA,Equipment Use,2010,366,2409.629999999999,2.0
LA,Equipment Use,2011,6,142.3,2.4
LA,Equipment Use,2012,30,754.34,0.9
LA,Equipment Use,2013,21,65.56,1.17
LA,Equipment Use,2014,11,52.02000000000001,4.2
LA,Equipment Use,2015,4,23.94,4.15
LA,Fireworks,2010,59,672.6300000000001,3.0
LA,Fireworks,2012,8,38.71,1.105
LA,Fireworks,2013,7,20.209999999999997,0.25
LA,Fireworks,2014,6,17.82,1.355
LA,Lightning,1992,7,3541.0,25.0
LA,Lightning,1993,12,6049.0,175.0
LA,Lightning,1994,5,107.5,8.0
LA,Lightning,1995,8,3107.0,12.0
LA,Lightning,1996,12,762.3,5.0
LA,Lightning,1997,20,3839.5,57.5
LA,Lightning,1998,19,4044.4999999999995,2.0
LA,Lightning,1999,10,1475.1,12.5
LA,Lightning,2000,13,4954.1,15.0
LA,Lightning,2001,13,15276.0,40.0
LA,Lightning,2002,24,9256.800000000001,5.0
LA,Lightning,2003,29,8127.700000000001,80.0
LA,Lightning,2004,28,6578.8,6.5
LA,Lightning,2005,1790,43088.55,3.0
LA,Lightning,2006,33,773.9000000000001,2.0
LA,Lightning,2007,5,50.0,7.0
LA,Lightning,2008,45,6117.500000000003,8.0
LA,Lightning,2009,8,12235.0,93.5
LA,Lightning,2010,649,23088.509499999986,2.75
LA,Lightning,2011,31,17390.0,7.7
LA,Lightning,2012,75,3347.789999999999,1.9
LA,Lightning,2013,29,12014.41,6.6
LA,Lightning,2014,22,24077.13,3.5
LA,Lightning,2015,6,1387.5,91.75
LA,Miscellaneous,1992,13,4460.5,10.0
LA,Miscellaneous,1993,13,339.5,13.0
LA,Miscellaneous,1994,10,394.1,4.5
LA,Miscellaneous,1995,20,1541.1,3.0
LA,Miscellaneous,1996,20,484.50000000000006,2.0
LA,Miscellaneous,1997,893,8693.20000000003,3.0
LA,Miscellaneous,1998,1545,17451.500000000036,3.0
LA,Miscellaneous,1999,1874,18568.500000000015,3.0
LA,Miscellaneous,2000,2889,61839.49999999976,4.0
LA,Miscellaneous,2001,521,3671.6999999999957,2.0
LA,Miscellaneous,2002,112,781.5999999999997,2.0
LA,Miscellaneous,2003,15,1023.0,1.0
LA,Miscellaneous,2004,10,166.0,3.5
LA,Miscellaneous,2005,63,5796.05,3.0
LA,Miscellaneous,2006,234,5257.3,2.0
LA,Miscellaneous,2007,9,110.3,3.0
LA,Miscellaneous,2008,157,2458.13,1.0
LA,Miscellaneous,2009,14,6230.2,8.5
LA,Miscellaneous,2010,251,6419.030000000003,3.0
LA,Miscellaneous,2011,67,8533.99,4.2
LA,Miscellaneous,2012,127,1024.9299999999996,1.9
LA,Miscellaneous,2013,202,2083.2133,1.75
LA,Miscellaneous,2014,154,2182.302,2.45
LA,Miscellaneous,2015,24,2276.5999999999995,15.25
LA,Missing/Undefined,2005,125,1317.0,4.0
LA,Missing/Undefined,2009,1479,14840.825157000001,2.0
LA,Missing/Undefined,2010,4,6.4,1.45
LA,Missing/Undefined,2011,22,9624.1,207.0
LA,Missing/Undefined,2012,11,862.4,6.0
LA,Missing/Undefined,2013,1,0.1,0.1
LA,Missing/Undefined,2014,9,2760.7999999999997,5.0
LA,Missing/Undefined,2015,1019,12824.303699999995,2.3
LA,Powerline,2010,18,21.54,0.95
LA,Powerline,2013,73,339.6070000000001,1.27
LA,Powerline,2014,34,222.41000000000003,1.585
LA,Railroad,1993,2,31.0,15.5
LA,Railroad,1994,2,8.0,4.0
LA,Railroad,1995,2,34.0,17.0
LA,Railroad,1996,3,11.0,3.0
LA,Railroad,1997,9,39.1,2.0
LA,Railroad,1998,9,21.300000000000004,1.0
LA,Railroad,1999,21,48.3,2.0
LA,Railroad,2000,13,134.0,6.0
LA,Railroad,2001,3,18.1,3.0
LA,Railroad,2002,18,41.3,1.0
LA,Railroad,2005,19,150.0,3.0
LA,Railroad,2006,26,106.0,2.0
LA,Railroad,2007,6,103.0,12.0
LA,Railroad,2008,8,15.25,1.75
LA,Railroad,2010,19,130.64999999999998,3.0
LA,Railroad,2012,3,3.8000000000000003,0.5
LA,Railroad,2013,11,69.56000000000002,2.2
LA,Railroad,2014,9,51.91,3.0
LA,Smoking,1992,1,3.0,3.0
LA,Smoking,1993,2,0.6,0.3
LA,Smoking,1994,2,3.5,1.75
LA,Smoking,1995,1,0.4,0.4
LA,Smoking,1996,3,16.2,4.0
LA,Smoking,1997,49,381.20000000000005,3.0
LA,Smoking,1998,128,1000.7000000000004,2.0
LA,Smoking,1999,162,1065.1000000000004,2.0
LA,Smoking,2000,252,5541.400000000003,3.0
LA,Smoking,2001,77,598.0000000000001,2.0
LA,Smoking,2002,61,602.9999999999999,2.0
LA,Smoking,2003,4,7.6,0.75
LA,Smoking,2005,23,179.75,3.0
LA,Smoking,2006,25,288.5,5.0
LA,Smoking,2008,10,41.15,0.45
LA,Smoking,2010,12,97.64000000000001,1.25
LA,Smoking,2012,6,142.45999999999998,4.25
LA,Smoking,2013,11,79.66999999999999,2.9
LA,Smoking,2014,5,6.37,1.0
LA,Structure,2010,3,17.400000000000002,0.5
LA,Structure,2012,13,19.419999999999998,0.5
LA,Structure,2013,18,69.5,1.6
LA,Structure,2014,9,17.78,0.8
MA,Arson,1992,1,0.1,0.1
MA,Arson,2001,2,1.5,0.75
MA,Arson,2002,30,28.900000000000002,0.75
MA,Arson,2003,15,49.40000000000001,1.0
MA,Arson,2004,13,17.4,1.0
MA,Arson,2005,7,18.6,0.5
MA,Arson,2006,2,1.5,0.75
MA,Arson,2007,3,4.6,1.5
MA,Arson,2012,1,0.5,0.5
MA,Arson,2014,1,26.5,26.5
MA,Arson,2015,53,153.80999999999997,2.0
MA,Campfire,1992,2,0.2,0.1
MA,Campfire,1993,1,0.5,0.5
MA,Campfire,1996,1,0.1,0.1
MA,Campfire,1997,2,0.2,0.1
MA,Campfire,1999,1,0.2,0.2
MA,Campfire,2000,1,0.8,0.8
MA,Campfire,2001,2,2.6,1.3
MA,Campfire,2002,15,8.299999999999999,0.2
MA,Campfire,2003,17,7.699999999999998,0.1
MA,Campfire,2004,15,16.699999999999996,1.0
MA,Campfire,2005,8,6.2,1.0
MA,Campfire,2006,5,5.5,1.0
MA,Campfire,2007,5,2.5,0.2
MA,Campfire,2008,1,0.1,0.1
MA,Campfire,2012,2,1.2,0.6
MA,Campfire,2014,2,0.2,0.1
MA,Campfire,2015,555,390.51000000000005,0.25
MA,Children,1992,1,1.0,1.0
MA,Children,1995,1,1.0,1.0
MA,Children,2004,1,1.0,1.0
MA,Children,2015,18,9.809999999999999,0.25
MA,Debris Burning,1993,1,0.1,0.1
MA,Debris Burning,1995,1,0.1,0.1
MA,Debris Burning,1996,1,0.4,0.4
MA,Debris Burning,1997,3,4.1,1.0
MA,Debris Burning,1999,2,0.4,0.2
MA,Debris Burning,2002,6,4.0,0.9
MA,Debris Burning,2003,11,14.299999999999999,0.5
MA,Debris Burning,2004,7,3.1,0.5
MA,Debris Burning,2005,2,2.0,1.0
MA,Debris Burning,2006,1,0.2,0.2
MA,Debris Burning,2007,1,0.2,0.2
MA,Debris Burning,2012,1,1.0,1.0
MA,Debris Burning,2015,486,354.3300000000003,0.25
MA,Equipment Use,1992,1,0.1,0.1
MA,Equipment Use,1995,2,0.4,0.2
MA,Equipment Use,1999,1,0.1,0.1
MA,Equipment Use,2001,2,1.1,0.55
MA,Equipment Use,2002,2,1.2,0.6
MA,Equipment Use,2003,2,0.6,0.3
MA,Equipment Use,2004,1,10.0,10.0
MA,Equipment Use,2005,1,0.3,0.3
MA,Equipment Use,2006,4,3.0,0.75
MA,Equipment Use,2007,1,1.0,1.0
MA,Equipment Use,2013,1,9.2,9.2
MA,Equipment Use,2015,224,98.5400000000001,0.25
MA,Fireworks,1995,2,5.2,2.6
MA,Fireworks,2005,1,1.0,1.0
MA,Fireworks,2015,1,0.25,0.25
MA,Lightning,2001,2,7.1,3.55
MA,Lightning,2002,10,122.6,11.5
MA,Lightning,2003,2,0.2,0.1
MA,Lightning,2004,2,0.6,0.3
MA,Lightning,2005,2,0.2,0.1
MA,Lightning,2006,1,0.1,0.1
MA,Lightning,2007,2,0.2,0.1
MA,Lightning,2015,67,34.550000000000004,0.25
MA,Miscellaneous,1992,2,4.0,2.0
MA,Miscellaneous,1993,2,0.9,0.45
MA,Miscellaneous,1994,1,0.1,0.1
MA,Miscellaneous,1995,9,2.0,0.2
MA,Miscellaneous,1996,2,1.7,0.85
MA,Miscellaneous,1997,4,0.4,0.1
MA,Miscellaneous,1999,1,0.6,0.6
MA,Miscellaneous,2000,2,5.0,2.5
MA,Miscellaneous,2001,3,2.3,1.0
MA,Miscellaneous,2002,36,43.00000000000001,1.0
MA,Miscellaneous,2003,19,15.999999999999998,0.1
MA,Miscellaneous,2004,23,27.100000000000005,1.0
MA,Miscellaneous,2005,5,0.8999999999999999,0.1
MA,Miscellaneous,2006,11,8.299999999999999,0.3
MA,Miscellaneous,2007,10,188.5,0.25
MA,Miscellaneous,2008,7,18.2,0.5
MA,Miscellaneous,2013,3,8.3,0.8
MA,Miscellaneous,2015,667,655.6400000000004,0.25
MA,Missing/Undefined,2001,1,250.0,250.0
MA,Missing/Undefined,2002,2,300.1,150.05
MA,Missing/Undefined,2003,1,300.0,300.0
MA,Missing/Undefined,2004,1,120.0,120.0
MA,Missing/Undefined,2005,1,800.0,800.0
MA,Missing/Undefined,2008,2,830.0,415.0
MA,Missing/Undefined,2010,1,321.0,321.0
MA,Missing/Undefined,2014,3,346.5,90.0
MA,Missing/Undefined,2015,6,275.6,0.55
MA,Powerline,2008,1,0.1,0.1
MA,Powerline,2012,1,0.2,0.2
MA,Powerline,2013,1,0.1,0.1
MA,Powerline,2015,3,0.85,0.25
MA,Railroad,2015,21,29.200000000000003,0.25
MA,Smoking,1997,2,0.7,0.35
MA,Smoking,1998,1,3.0,3.0
MA,Smoking,1999,2,0.2,0.1
MA,Smoking,2001,5,4.7,1.0
MA,Smoking,2002,14,4.000000000000001,0.1
MA,Smoking,2003,8,4.800000000000001,0.5
MA,Smoking,2004,6,1.9,0.1
MA,Smoking,2005,3,1.5,0.5
MA,Smoking,2006,7,4.6,0.5
MA,Smoking,2007,12,8.4,1.0
MA,Smoking,2008,1,0.1,0.1
MA,Smoking,2009,1,1.0,1.0
MA,Smoking,2010,2,1.2,0.6
MA,Smoking,2015,68,90.64,0.25
MA,Structure,2015,1,0.5,0.5
MD,Arson,1992,10,1160.1,115.0
MD,Arson,1993,8,1657.0,227.5
MD,Arson,1994,10,780.6,52.5
MD,Arson,1995,22,1294.8999999999999,10.0
MD,Arson,1996,14,307.5,10.0
MD,Arson,1997,14,142.29999999999998,5.0
MD,Arson,1998,8,488.1,20.0
MD,Arson,1999,12,1265.6999999999998,6.0
MD,Arson,2000,6,113.2,11.0
MD,Arson,2001,14,5709.0,125.0
MD,Arson,2002,2,36.0,18.0
MD,Arson,2003,3,130.1,50.0
MD,Arson,2004,9,2460.3,200.0
MD,Arson,2005,87,3561.4999999999964,0.2
MD,Arson,2006,187,5235.800000000025,0.2
MD,Arson,2007,129,1919.3999999999949,0.2
MD,Arson,2008,104,1099.3000000000006,0.2
MD,Arson,2009,4,25.700000000000003,0.5
MD,Arson,2011,29,3081.8,0.5
MD,Arson,2012,40,290.69999999999993,0.3
MD,Arson,2013,21,21.599999999999998,0.4
MD,Arson,2014,32,1543.4999999999989,0.2
MD,Arson,2015,45,486.6000000000003,0.2
MD,Campfire,1993,2,0.9,0.45
MD,Campfire,1994,1,0.1,0.1
MD,Campfire,1995,2,0.6,0.3
MD,Campfire,1996,1,0.1,0.1
MD,Campfire,2000,2,0.2,0.1
MD,Campfire,2001,2,157.0,78.5
MD,Campfire,2002,1,2.5,2.5
MD,Campfire,2005,9,13.5,0.8
MD,Campfire,2006,16,9.099999999999998,0.1
MD,Campfire,2007,17,19.0,0.1
MD,Campfire,2008,10,9.6,0.15000000000000002
MD,Campfire,2009,1,2.0,2.0
MD,Campfire,2010,2,4.3999999999999995,2.1999999999999997
MD,Campfire,2011,3,502.8,2.7
MD,Campfire,2012,10,19.2,1.75
MD,Campfire,2013,15,45.50000000000001,1.0
MD,Campfire,2014,9,33.800000000000004,1.0
MD,Campfire,2015,8,7.0,0.5
MD,Children,1994,1,3.0,3.0
MD,Children,1995,1,0.5,0.5
MD,Children,2005,30,18.000000000000007,0.1
MD,Children,2006,75,41.60000000000005,0.1
MD,Children,2007,46,17.2,0.1
MD,Children,2008,47,23.900000000000006,0.1
MD,Children,2010,2,0.30000000000000004,0.15000000000000002
MD,Children,2011,7,18.8,0.7
MD,Children,2012,20,11.399999999999999,0.2
MD,Children,2013,11,6.199999999999999,0.3
MD,Children,2014,4,2.9000000000000004,0.3
MD,Children,2015,11,7.399999999999999,0.1
MD,Debris Burning,1995,2,6.0,3.0
MD,Debris Burning,1997,1,0.1,0.1
MD,Debris Burning,1998,2,3.9,1.95
MD,Debris Burning,1999,9,342.80000000000007,6.3
MD,Debris Burning,2000,3,55.5,25.0
MD,Debris Burning,2001,1,0.5,0.5
MD,Debris Burning,2002,1,2.0,2.0
MD,Debris Burning,2004,4,888.1,18.05
MD,Debris Burning,2005,131,140.9999999999999,0.3
MD,Debris Burning,2006,198,662.7000000000021,0.3
MD,Debris Burning,2007,151,4489.20000000002,0.2
MD,Debris Burning,2008,161,1400.5999999999947,0.2
MD,Debris Burning,2009,1,2.0,2.0
MD,Debris Burning,2010,1,2.5,2.5
MD,Debris Burning,2011,30,138.29999999999995,0.95
MD,Debris Burning,2012,26,66.5,0.8
MD,Debris Burning,2013,33,29.950000000000006,0.3
MD,Debris Burning,2014,40,137.99999999999994,0.4
MD,Debris Burning,2015,42,109.19999999999997,0.7
MD,Equipment Use,1994,1,0.1,0.1
MD,Equipment Use,1997,1,35.7,35.7
MD,Equipment Use,1998,2,15.3,7.65
MD,Equipment Use,1999,3,0.30000000000000004,0.1
MD,Equipment Use,2001,2,11.0,5.5
MD,Equipment Use,2005,57,142.99999999999997,0.3
MD,Equipment Use,2006,62,80.19999999999997,0.25
MD,Equipment Use,2007,122,239.99999999999997,0.3
MD,Equipment Use,2008,85,139.79999999999998,0.2
MD,Equipment Use,2009,2,0.2,0.1
MD,Equipment Use,2011,14,105.79999999999998,0.9500000000000001
MD,Equipment Use,2012,16,102.4,0.9
MD,Equipment Use,2013,14,37.1,1.5
MD,Equipment Use,2014,8,16.299999999999997,0.9500000000000001
MD,Equipment Use,2015,12,310.20000000000005,0.6
MD,Fireworks,2014,2,14.9,7.45
MD,Lightning,1994,2,2.1,1.05
MD,Lightning,1998,1,1.0,1.0
MD,Lightning,1999,3,11.1,5.0
MD,Lightning,2000,2,40.0,20.0
MD,Lightning,2001,1,0.5,0.5
MD,Lightning,2002,4,175.1,3.5
MD,Lightning,2005,6,32.7,0.75
MD,Lightning,2006,15,35.80000000000001,0.1
MD,Lightning,2007,32,138.09999999999994,0.3
MD,Lightning,2008,26,31.099999999999994,0.1
MD,Lightning,2010,3,74.0,26.0
MD,Lightning,2011,11,264.0,5.0
MD,Lightning,2012,10,154.7,1.15
MD,Lightning,2013,4,3.3,0.75
MD,Lightning,2014,2,1.1,0.55
MD,Lightning,2015,2,27.5,13.75
MD,Miscellaneous,1992,2,0.2,0.1
MD,Miscellaneous,1993,1,15.0,15.0
MD,Miscellaneous,1994,1,1.0,1.0
MD,Miscellaneous,1995,3,2.2,0.1
MD,Miscellaneous,1996,2,4.5,2.25
MD,Miscellaneous,1997,1,3.0,3.0
MD,Miscellaneous,1998,2,15.5,7.75
MD,Miscellaneous,1999,5,5.3999999999999995,0.1
MD,Miscellaneous,2001,1,1.0,1.0
MD,Miscellaneous,2002,5,700.5,60.0
MD,Miscellaneous,2004,6,2585.1,417.5
MD,Miscellaneous,2005,58,69.60000000000001,0.2
MD,Miscellaneous,2006,106,238.69999999999968,0.2
MD,Miscellaneous,2007,66,445.5000000000006,0.25
MD,Miscellaneous,2008,78,80.89999999999996,0.25
MD,Miscellaneous,2009,1,0.1,0.1
MD,Miscellaneous,2010,5,2.2,0.3
MD,Miscellaneous,2011,32,6060.780000000001,2.1
MD,Miscellaneous,2012,27,106.09999999999997,0.8
MD,Miscellaneous,2013,19,266.5,1.0
MD,Miscellaneous,2014,7,3.0000000000000004,0.1
MD,Miscellaneous,2015,12,58.5,0.2
MD,Missing/Undefined,1995,1,0.1,0.1
MD,Missing/Undefined,2002,1,870.0,870.0
MD,Missing/Undefined,2003,2,1243.0,621.5
MD,Missing/Undefined,2004,2,405.0,202.5
MD,Missing/Undefined,2006,2,476.0,238.0
MD,Missing/Undefined,2009,252,4576.900000000035,0.2
MD,Missing/Undefined,2010,154,3497.099999999999,0.5
MD,Missing/Undefined,2011,1,0.1,0.1
MD,Missing/Undefined,2012,3,655.0,98.0
MD,Missing/Undefined,2013,2,7.0,3.5
MD,Missing/Undefined,2014,2,4.0,2.0
MD,Powerline,2005,1,0.8,0.8
MD,Powerline,2006,1,1.2,1.2
MD,Powerline,2014,5,7.5,1.0
MD,Powerline,2015,7,29.799999999999994,2.4
MD,Railroad,2005,12,22.1,0.45
MD,Railroad,2006,3,2.1,0.6
MD,Railroad,2007,5,10.0,1.0
MD,Railroad,2008,3,1.4000000000000001,0.3
MD,Railroad,2012,2,19.5,9.75
MD,Railroad,2013,2,1.9000000000000001,0.9500000000000001
MD,Railroad,2014,2,2.3,1.15
MD,Smoking,1995,1,0.1,0.1
MD,Smoking,1997,2,0.6,0.3
MD,Smoking,1998,2,20.2,10.1
MD,Smoking,1999,2,0.4,0.2
MD,Smoking,2000,1,0.8,0.8
MD,Smoking,2001,1,0.1,0.1
MD,Smoking,2005,26,31.70000000000001,0.2
MD,Smoking,2006,53,49.30000000000003,0.2
MD,Smoking,2007,30,36.4,0.1
MD,Smoking,2008,16,7.499999999999998,0.1
MD,Smoking,2010,1,0.1,0.1
MD,Smoking,2011,6,75.0,2.2
MD,Smoking,2012,9,14.399999999999999,0.2
MD,Smoking,2013,6,10.8,0.95
MD,Smoking,2014,7,12.4,0.6
MD,Smoking,2015,11,7.800000000000001,0.5
MD,Structure,2014,3,1.4,0.2
ME,Arson,1992,126,1076.0700000000004,1.0
ME,Arson,1993,126,768.0000000000006,1.0
ME,Arson,1994,1,0.3,0.3
ME,Arson,1995,20,10.899999999999999,0.25
ME,Arson,1996,2,0.6,0.3
ME,Arson,1997,2,1.6,0.8
ME,Arson,1998,2,5.2,2.6
ME,Arson,1999,1,0.1,0.1
ME,Arson,2000,1,0.5,0.5
ME,Arson,2001,2,8.9,4.45
ME,Arson,2003,51,57.69000000000002,0.25
ME,Arson,2005,33,122.81999999999996,0.75
ME,Arson,2006,95,261.93999999999994,0.75
ME,Arson,2007,34,44.980000000000004,0.25
ME,Arson,2008,39,69.99,0.2
ME,Arson,2009,53,158.73000000000002,0.33
ME,Arson,2010,86,66.74000000000001,0.2
ME,Arson,2011,76,71.28,0.1
ME,Arson,2012,53,46.56000000000001,0.1
ME,Arson,2013,43,294.86,0.25
ME,Arson,2014,37,27.19000000000002,0.2
ME,Arson,2015,33,252.69999999999993,0.4
ME,Campfire,1992,22,7.8599999999999985,0.15000000000000002
ME,Campfire,1993,52,33.08000000000001,0.1
ME,Campfire,1994,3,0.4,0.1
ME,Campfire,1995,2,1.1,0.55
ME,Campfire,1996,1,0.1,0.1
ME,Campfire,1997,4,0.6000000000000001,0.15000000000000002
ME,Campfire,1998,3,0.4,0.1
ME,Campfire,1999,1,0.4,0.4
ME,Campfire,2000,1,2.5,2.5
ME,Campfire,2001,3,1.2000000000000002,0.1
ME,Campfire,2002,3,0.30000000000000004,0.1
ME,Campfire,2003,37,25.070000000000007,0.25
ME,Campfire,2004,1,0.7,0.7
ME,Campfire,2005,33,23.280000000000015,0.1
ME,Campfire,2006,16,25.600000000000012,0.15000000000000002
ME,Campfire,2007,50,27.240000000000006,0.1
ME,Campfire,2008,35,155.19999999999996,0.25
ME,Campfire,2009,27,18.169999999999995,0.25
ME,Campfire,2010,64,20.520000000000007,0.1
ME,Campfire,2011,30,8.519999999999998,0.1
ME,Campfire,2012,43,29.250000000000014,0.1
ME,Campfire,2013,30,22.19000000000001,0.25
ME,Campfire,2014,41,20.95000000000001,0.1
ME,Campfire,2015,41,24.95000000000001,0.2
ME,Children,1992,58,43.85000000000002,0.225
ME,Children,1993,56,102.15999999999995,0.5
ME,Children,1994,2,100.1,50.05
ME,Children,1995,2,0.30000000000000004,0.15000000000000002
ME,Children,1997,2,0.2,0.1
ME,Children,2001,1,30.0,30.0
ME,Children,2003,55,45.24,0.1
ME,Children,2005,30,27.34000000000001,0.275
ME,Children,2006,36,47.41000000000002,0.2
ME,Children,2007,24,7.719999999999998,0.15000000000000002
ME,Children,2008,23,12.079999999999998,0.2
ME,Children,2009,21,12.01,0.2
ME,Children,2010,12,5.26,0.225
ME,Children,2011,11,3.02,0.25
ME,Children,2012,29,11.979999999999999,0.1
ME,Children,2013,23,13.409999999999998,0.2
ME,Children,2014,11,4.25,0.1
ME,Children,2015,20,9.999999999999998,0.2
ME,Debris Burning,1992,192,1775.4999999999966,0.5
ME,Debris Burning,1993,190,301.7500000000001,0.5
ME,Debris Burning,1994,1,4.0,4.0
ME,Debris Burning,1997,3,4.3,1.5
ME,Debris Burning,1998,1,25.0,25.0
ME,Debris Burning,2000,1,1.0,1.0
ME,Debris Burning,2001,2,20.7,10.35
ME,Debris Burning,2002,2,11.0,5.5
ME,Debris Burning,2003,255,304.8500000000002,0.25
ME,Debris Burning,2004,2,3.3,1.65
ME,Debris Burning,2005,181,306.4099999999999,0.5
ME,Debris Burning,2006,178,416.16000000000037,0.5
ME,Debris Burning,2007,113,235.13,0.3
ME,Debris Burning,2008,147,176.53999999999988,0.3
ME,Debris Burning,2009,102,153.30999999999995,0.25
ME,Debris Burning,2010,105,103.58999999999993,0.25
ME,Debris Burning,2011,67,39.63000000000001,0.2
ME,Debris Burning,2012,121,121.53999999999992,0.4
ME,Debris Burning,2013,123,245.04999999999993,0.5
ME,Debris Burning,2014,79,81.30000000000001,0.5
ME,Debris Burning,2015,120,148.14999999999998,0.275
ME,Equipment Use,1992,70,349.0100000000003,0.45
ME,Equipment Use,1993,66,67.20000000000002,0.2
ME,Equipment Use,1994,1,0.1,0.1
ME,Equipment Use,1997,2,0.2,0.1
ME,Equipment Use,1999,2,0.9,0.45
ME,Equipment Use,2000,1,0.1,0.1
ME,Equipment Use,2002,1,0.1,0.1
ME,Equipment Use,2003,74,169.30999999999992,0.115
ME,Equipment Use,2004,3,0.7,0.1
ME,Equipment Use,2005,56,139.26999999999987,0.1
ME,Equipment Use,2006,1,770.0,770.0
ME,Equipment Use,2007,90,37.43000000000003,0.1
ME,Equipment Use,2011,63,11.199999999999994,0.1
ME,Equipment Use,2012,172,151.9799999999998,0.1
ME,Equipment Use,2013,93,64.55000000000001,0.1
ME,Equipment Use,2014,75,38.96000000000004,0.1
ME,Equipment Use,2015,66,38.460000000000036,0.1
ME,Fireworks,1993,1,0.1,0.1
ME,Fireworks,2015,4,0.5,0.1
ME,Lightning,1992,17,44.71000000000001,0.5
ME,Lightning,1993,83,44.73,0.1
ME,Lightning,1994,2,1.1,0.55
ME,Lightning,1995,2,1.3,0.65
ME,Lightning,1997,1,3.0,3.0
ME,Lightning,1998,1,2.0,2.0
ME,Lightning,1999,3,6.8,3.0
ME,Lightning,2001,3,5.7,0.5
ME,Lightning,2002,2,1.1,0.55
ME,Lightning,2003,35,22.460000000000026,0.1
ME,Lightning,2005,18,5.599999999999998,0.1
ME,Lightning,2006,12,2.5200000000000005,0.1
ME,Lightning,2007,47,38.760000000000026,0.1
ME,Lightning,2008,15,11.509999999999998,0.1
ME,Lightning,2009,5,0.41000000000000003,0.1
ME,Lightning,2010,15,22.200000000000006,0.75
ME,Lightning,2011,23,6.259999999999996,0.1
ME,Lightning,2012,20,41.370000000000005,0.1
ME,Lightning,2013,10,1.33,0.1
ME,Lightning,2014,4,0.63,0.06
ME,Lightning,2015,18,11.599999999999994,0.1
ME,Miscellaneous,1992,75,166.24999999999983,0.5
ME,Miscellaneous,1993,48,49.68000000000002,0.25
ME,Miscellaneous,1994,1,0.3,0.3
ME,Miscellaneous,1995,2,0.2,0.1
ME,Miscellaneous,1997,1,0.1,0.1
ME,Miscellaneous,2000,1,51.0,51.0
ME,Miscellaneous,2001,5,14.7,0.5
ME,Miscellaneous,2003,49,165.1099999999999,0.25
ME,Miscellaneous,2005,36,44.99,0.225
ME,Miscellaneous,2006,195,222.24999999999955,0.2
ME,Miscellaneous,2007,51,49.66000000000003,0.2
ME,Miscellaneous,2008,147,77.06999999999991,0.1
ME,Miscellaneous,2009,205,91.92999999999991,0.1
ME,Miscellaneous,2010,162,60.75000000000005,0.1
ME,Miscellaneous,2011,49,13.259999999999994,0.1
ME,Miscellaneous,2012,82,49.590000000000025,0.2
ME,Miscellaneous,2013,83,58.57000000000001,0.25
ME,Miscellaneous,2014,22,8.82,0.1
ME,Miscellaneous,2015,36,26.000000000000014,0.175
ME,Missing/Undefined,1994,530,1906.3899999999946,0.3
ME,Missing/Undefined,1995,933,1123.0800000000008,0.2
ME,Missing/Undefined,1996,312,402.6499999999999,0.2
ME,Missing/Undefined,1997,568,886.570000000004,0.3
ME,Missing/Undefined,1998,570,1512.019999999991,0.25
ME,Missing/Undefined,1999,673,1052.970000000004,0.25
ME,Missing/Undefined,2000,341,390.8800000000014,0.25
ME,Missing/Undefined,2001,942,2081.9399999999773,0.25
ME,Missing/Undefined,2002,653,769.050000000004,0.1
ME,Missing/Undefined,2003,1,0.2,0.2
ME,Missing/Undefined,2004,460,798.910000000002,0.2
ME,Missing/Undefined,2015,5,0.5,0.1
ME,Powerline,1998,1,0.1,0.1
ME,Powerline,2001,1,0.1,0.1
ME,Powerline,2015,26,6.909999999999998,0.1
ME,Railroad,1992,18,44.00000000000001,0.5
ME,Railroad,1993,12,19.399999999999995,0.2
ME,Railroad,2003,25,46.13000000000002,0.2
ME,Railroad,2005,57,23.660000000000004,0.15
ME,Railroad,2006,45,61.71000000000001,0.2
ME,Railroad,2007,38,9.959999999999996,0.05
ME,Railroad,2008,35,23.88000000000001,0.2
ME,Railroad,2009,49,24.520000000000017,0.1
ME,Railroad,2010,34,10.649999999999995,0.2
ME,Railroad,2011,38,8.859999999999998,0.1
ME,Railroad,2012,10,7.789999999999998,0.15000000000000002
ME,Railroad,2013,17,9.909999999999997,0.1
ME,Railroad,2014,55,34.82000000000001,0.15
ME,Railroad,2015,7,0.95,0.1
ME,Smoking,1992,33,892.0500000000003,0.5
ME,Smoking,1993,38,27.050000000000008,0.15000000000000002
ME,Smoking,1995,2,0.2,0.1
ME,Smoking,1997,2,0.2,0.1
ME,Smoking,1998,2,3.1,1.55
ME,Smoking,1999,1,0.1,0.1
ME,Smoking,2001,4,80.29999999999998,0.1
ME,Smoking,2002,3,2.5,0.1
ME,Smoking,2003,42,22.339999999999996,0.2
ME,Smoking,2004,1,0.1,0.1
ME,Smoking,2005,28,31.37,0.225
ME,Smoking,2006,45,33.76000000000002,0.2
ME,Smoking,2007,34,45.85000000000001,0.225
ME,Smoking,2008,25,23.36,0.2
ME,Smoking,2009,21,15.7,0.3
ME,Smoking,2010,27,7.08,0.1
ME,Smoking,2011,8,5.659999999999999,0.225
ME,Smoking,2012,30,9.789999999999997,0.15000000000000002
ME,Smoking,2013,22,7.35,0.2
ME,Smoking,2014,9,2.0500000000000003,0.1
ME,Smoking,2015,15,4.21,0.1
ME,Structure,2015,15,65.84999999999998,0.25
MI,Arson,1992,91,475.4,2.0
MI,Arson,1993,35,192.7,3.0
MI,Arson,1994,79,1203.3,3.0
MI,Arson,1995,71,2137.899999999999,2.2
MI,Arson,1996,59,556.4,1.3
MI,Arson,1997,10,81.79999999999998,2.5
MI,Arson,1998,16,151.99999999999997,1.0
MI,Arson,1999,9,25.4,1.0
MI,Arson,2000,5,13.5,3.0
MI,Arson,2001,68,170.21999999999994,0.5
MI,Arson,2002,67,204.79999999999995,0.6
MI,Arson,2003,57,1310.86999,2.3
MI,Arson,2004,40,120.47999999999998,1.0
MI,Arson,2005,25,582.2300000000001,1.5
MI,Arson,2006,18,99.69999999999999,1.45
MI,Arson,2007,25,40.894000000000005,0.5
MI,Arson,2008,17,70.75999999999998,0.3
MI,Arson,2009,28,73.80000000000001,0.5
MI,Arson,2010,40,312.75,1.0
MI,Arson,2011,3,0.30000000000000004,0.1
MI,Arson,2012,57,873.9,1.0
MI,Arson,2013,13,9.689999999999998,0.2
MI,Arson,2014,5,12.149999999999999,0.6
MI,Arson,2015,33,618.6,1.04
MI,Campfire,1992,56,347.8999999999999,0.6
MI,Campfire,1993,23,69.2,0.5
MI,Campfire,1994,56,1629.5999999999988,1.5
MI,Campfire,1995,61,455.30000000000007,1.5
MI,Campfire,1996,45,210.79999999999995,1.0
MI,Campfire,1997,20,85.69999999999997,1.75
MI,Campfire,1998,28,233.09999999999997,1.75
MI,Campfire,1999,28,469.40000000000003,1.75
MI,Campfire,2000,13,5230.900000000001,2.0
MI,Campfire,2001,58,148.03,0.9
MI,Campfire,2002,51,77.35,0.3
MI,Campfire,2003,78,452.47501000000005,1.0
MI,Campfire,2004,51,211.85999999999987,0.4
MI,Campfire,2005,63,132.09599999999995,0.5
MI,Campfire,2006,58,317.2400000000002,1.2850000000000001
MI,Campfire,2007,57,179.36999999999992,1.0
MI,Campfire,2008,35,215.2699999999999,1.0
MI,Campfire,2009,58,211.2899999999999,0.325
MI,Campfire,2010,49,116.49999999999999,0.1
MI,Campfire,2011,20,5.370000000000001,0.1
MI,Campfire,2012,121,424.2999999999999,0.7
MI,Campfire,2013,27,20.48000000000001,0.1
MI,Campfire,2014,31,80.05999999999999,0.5
MI,Campfire,2015,70,607.2700000000003,0.5
MI,Children,1992,54,82.80000000000003,0.5
MI,Children,1993,10,15.8,0.9
MI,Children,1994,60,442.79999999999995,1.0
MI,Children,1995,65,128.29999999999998,0.6
MI,Children,1996,28,93.3,1.0
MI,Children,1997,4,18.3,2.0
MI,Children,1998,8,11.4,0.65
MI,Children,1999,5,6.7,1.0
MI,Children,2000,4,9.5,2.75
MI,Children,2001,8,4.65,0.25
MI,Children,2002,9,9.5,0.5
MI,Children,2003,37,85.7,1.0
MI,Children,2004,28,137.29999999999998,1.15
MI,Children,2005,22,64.19999999999999,2.0
MI,Children,2006,17,73.46,0.5
MI,Children,2007,22,78.75,0.6499999999999999
MI,Children,2008,18,22.85,0.875
MI,Children,2009,22,14.799999999999997,0.4
MI,Children,2010,19,12.000000000000002,0.5
MI,Children,2011,2,5.0,2.5
MI,Children,2012,25,31.199999999999996,0.5
MI,Children,2013,5,3.6999999999999997,1.0
MI,Children,2014,6,1.8000000000000003,0.30000000000000004
MI,Children,2015,15,136.36,1.1
MI,Debris Burning,1992,208,743.6000000000009,1.0
MI,Debris Burning,1993,89,401.7,1.0
MI,Debris Burning,1994,245,1905.7000000000003,2.0
MI,Debris Burning,1995,230,815.5000000000007,1.0
MI,Debris Burning,1996,139,767.0,1.5
MI,Debris Burning,1997,43,146.09999999999997,1.0
MI,Debris Burning,1998,37,1951.6,0.5
MI,Debris Burning,1999,44,68.4,0.5
MI,Debris Burning,2000,47,107.79999999999998,1.0
MI,Debris Burning,2001,122,505.33900000000045,1.0
MI,Debris Burning,2002,60,149.05999999999997,1.0
MI,Debris Burning,2003,292,3156.0339999999956,1.5
MI,Debris Burning,2004,132,539.1300000000002,0.95
MI,Debris Burning,2005,214,991.1760000000005,1.2000000000000002
MI,Debris Burning,2006,190,6311.460000000007,1.0
MI,Debris Burning,2007,127,1451.5699999999986,0.75
MI,Debris Burning,2008,127,456.23,0.6
MI,Debris Burning,2009,159,1084.2700000000002,0.5
MI,Debris Burning,2010,159,10212.220000000008,1.0
MI,Debris Burning,2011,38,50.650000000000006,0.25
MI,Debris Burning,2012,138,360.8900000000003,0.5
MI,Debris Burning,2013,75,106.92999999999995,0.25
MI,Debris Burning,2014,81,316.61000000000047,0.7
MI,Debris Burning,2015,203,658.0500000000003,0.8
MI,Equipment Use,1992,64,244.89999999999998,1.0
MI,Equipment Use,1993,30,66.10000000000001,0.55
MI,Equipment Use,1994,73,609.3,1.0
MI,Equipment Use,1995,73,277.7999999999999,1.0
MI,Equipment Use,1996,41,283.0,1.3
MI,Equipment Use,1997,6,99.1,15.0
MI,Equipment Use,1998,9,27.3,1.0
MI,Equipment Use,1999,10,1925.6999999999998,2.75
MI,Equipment Use,2000,5,2.7,0.2
MI,Equipment Use,2001,16,20.0,0.3
MI,Equipment Use,2002,6,44.5,5.0
MI,Equipment Use,2003,101,654.4600000000004,1.9
MI,Equipment Use,2004,61,242.59999999999994,0.7
MI,Equipment Use,2005,76,2053.15,1.25
MI,Equipment Use,2006,72,213.0499999999999,1.0
MI,Equipment Use,2007,67,231.14,0.5
MI,Equipment Use,2008,59,89.45999999999994,0.5
MI,Equipment Use,2009,68,1083.5099999999998,0.95
MI,Equipment Use,2010,47,163.8,1.0
MI,Equipment Use,2011,8,2.6,0.1
MI,Equipment Use,2012,60,152.93999999999994,0.5
MI,Equipment Use,2013,12,9.35,0.375
MI,Equipment Use,2014,28,30.600000000000005,0.15000000000000002
MI,Equipment Use,2015,51,263.2999999999999,1.0
MI,Fireworks,1993,1,0.1,0.1
MI,Fireworks,1998,3,16.700000000000003,0.6
MI,Fireworks,1999,1,0.1,0.1
MI,Fireworks,2000,1,0.1,0.1
MI,Fireworks,2001,26,80.70000000000002,0.9
MI,Fireworks,2002,12,61.70000000000002,0.2
MI,Fireworks,2005,1,0.1,0.1
MI,Fireworks,2007,2,0.4,0.2
MI,Fireworks,2008,1,0.8,0.8
MI,Fireworks,2010,2,3.1,1.55
MI,Fireworks,2011,3,0.30000000000000004,0.1
MI,Fireworks,2012,7,10.75,0.5
MI,Fireworks,2013,5,0.8,0.1
MI,Fireworks,2014,3,17.900000000000002,1.0
MI,Fireworks,2015,5,51.80000000000001,0.2
MI,Lightning,1992,20,750.3000000000001,0.75
MI,Lightning,1993,3,3.5,0.4
MI,Lightning,1994,10,8.9,0.1
MI,Lightning,1995,29,322.29999999999995,0.2
MI,Lightning,1996,14,641.2000000000002,0.3
MI,Lightning,1997,5,2.9,0.5
MI,Lightning,1998,12,132.89999999999998,0.35
MI,Lightning,1999,6,81.49999999999999,5.15
MI,Lightning,2000,7,70.7,0.2
MI,Lightning,2001,23,103.5,1.0
MI,Lightning,2002,16,33.6,0.35
MI,Lightning,2003,27,77.55999999999999,1.0
MI,Lightning,2004,21,266.46000000000004,1.4
MI,Lightning,2005,85,177.78999999999982,0.2
MI,Lightning,2006,28,216.19999999999996,1.25
MI,Lightning,2007,56,19929.849999999973,0.8
MI,Lightning,2008,17,35.3,1.6
MI,Lightning,2009,11,107.6,1.5
MI,Lightning,2010,32,201.7,0.8
MI,Lightning,2011,5,1.72,0.1
MI,Lightning,2012,60,24732.009999999995,0.6
MI,Lightning,2013,4,19.5,1.5
MI,Lightning,2014,7,15.399999999999997,1.7
MI,Lightning,2015,16,37.81,0.2
MI,Miscellaneous,1992,77,223.19999999999993,1.0
MI,Miscellaneous,1993,40,111.19999999999997,1.0
MI,Miscellaneous,1994,86,689.1000000000001,1.65
MI,Miscellaneous,1995,64,511.8,0.55
MI,Miscellaneous,1996,35,117.9,1.0
MI,Miscellaneous,1997,16,40.10000000000001,1.0
MI,Miscellaneous,1998,42,175.0,1.0
MI,Miscellaneous,1999,37,1045.7,2.0
MI,Miscellaneous,2000,24,168.89999999999998,1.0
MI,Miscellaneous,2001,25,15.299999999999997,0.4
MI,Miscellaneous,2002,20,27.9,0.75
MI,Miscellaneous,2003,77,352.9200000000001,1.0
MI,Miscellaneous,2004,56,645.6800000000002,0.45
MI,Miscellaneous,2005,84,231.2099999999999,0.5
MI,Miscellaneous,2006,131,560.8600000000004,1.0
MI,Miscellaneous,2007,139,599.2100000000004,1.0
MI,Miscellaneous,2008,90,202.35999999999993,1.0
MI,Miscellaneous,2009,119,528.6600000000001,1.0
MI,Miscellaneous,2010,165,676.8700000000006,0.5
MI,Miscellaneous,2011,37,65.49,0.1
MI,Miscellaneous,2012,206,1657.7800000000007,0.5
MI,Miscellaneous,2013,44,52.870000000000005,0.15000000000000002
MI,Miscellaneous,2014,51,87.84999999999997,0.25
MI,Miscellaneous,2015,102,1328.4999999999993,1.0
MI,Missing/Undefined,1996,1,1.0,1.0
MI,Missing/Undefined,1998,4,1241.0,1.0
MI,Missing/Undefined,1999,3,6401.0,775.0
MI,Missing/Undefined,2000,3,402.0,1.0
MI,Missing/Undefined,2001,4,4.0,1.0
MI,Missing/Undefined,2002,3,2.1,1.0
MI,Missing/Undefined,2003,50,724.94,1.75
MI,Missing/Undefined,2004,42,475.77,1.35
MI,Missing/Undefined,2005,57,219.5099999999999,1.0
MI,Missing/Undefined,2007,5,310.5,4.5
MI,Missing/Undefined,2008,39,144.92999999999998,1.5
MI,Missing/Undefined,2011,164,765.5500000000008,1.0
MI,Missing/Undefined,2012,2,0.2,0.1
MI,Missing/Undefined,2013,247,633.2000000000012,0.7
MI,Missing/Undefined,2015,2,7.3,3.65
MI,Powerline,2000,1,0.1,0.1
MI,Powerline,2001,18,238.85,2.0
MI,Powerline,2002,19,194.79999999999995,0.5
MI,Powerline,2003,1,0.1,0.1
MI,Powerline,2004,3,7.799999999999999,0.1
MI,Powerline,2010,30,237.3,0.5
MI,Powerline,2011,28,933.5000000000001,0.7
MI,Powerline,2013,12,71.8,1.05
MI,Powerline,2014,40,90.90000000000002,0.25
MI,Powerline,2015,9,42.9,4.6
MI,Railroad,1992,16,4.3999999999999995,0.15000000000000002
MI,Railroad,1993,8,6.3,0.25
MI,Railroad,1994,11,20.200000000000003,0.9
MI,Railroad,1995,5,12.7,2.0
MI,Railroad,1996,4,155.7,0.30000000000000004
MI,Railroad,1997,5,22.900000000000002,3.0
MI,Railroad,1998,2,3.1,1.55
MI,Railroad,2000,2,1.8,0.9
MI,Railroad,2001,32,64.85999999999999,0.75
MI,Railroad,2002,28,130.89,2.0
MI,Railroad,2003,6,41.0,1.7
MI,Railroad,2004,18,15.6,0.5
MI,Railroad,2005,3,1.9500000000000002,0.75
MI,Railroad,2006,6,15.2,0.39999999999999997
MI,Railroad,2007,4,251.2,57.85
MI,Railroad,2008,32,1359.46,0.24
MI,Railroad,2009,13,43.8,1.0
MI,Railroad,2010,19,15.249999999999995,0.2
MI,Railroad,2011,1,2.0,2.0
MI,Railroad,2012,2,0.51,0.255
MI,Railroad,2013,2,2.7,1.35
MI,Railroad,2014,1,0.6,0.6
MI,Railroad,2015,2,16.2,8.1
MI,Smoking,1992,28,114.89999999999999,1.5
MI,Smoking,1993,23,141.4,1.6
MI,Smoking,1994,24,195.3,2.0
MI,Smoking,1995,29,210.7,2.0
MI,Smoking,1996,20,95.4,1.0
MI,Smoking,1997,9,55.2,1.0
MI,Smoking,1998,9,14.899999999999999,1.0
MI,Smoking,1999,7,7.199999999999999,1.0
MI,Smoking,2000,3,2.9,0.8
MI,Smoking,2001,24,107.79999999999998,0.5
MI,Smoking,2002,17,31.2,1.0
MI,Smoking,2003,24,208.99999999999997,3.85
MI,Smoking,2004,15,82.44999999999999,2.0
MI,Smoking,2005,11,64.39999999999999,2.0
MI,Smoking,2006,14,24.0,1.125
MI,Smoking,2007,12,22.320000000000007,0.65
MI,Smoking,2008,9,15.5,2.0
MI,Smoking,2009,8,61.7,1.25
MI,Smoking,2010,15,87.02,2.5
MI,Smoking,2012,23,77.21000000000001,0.2
MI,Smoking,2013,5,2.7,0.4
MI,Smoking,2014,3,11.8,0.4
MI,Smoking,2015,13,46.10000000000001,0.8
MI,Structure,2010,7,12.9,1.5
MI,Structure,2012,10,4.999999999999999,0.1
MI,Structure,2013,4,43.5,0.3
MI,Structure,2014,8,6.4,0.4
MI,Structure,2015,2,1.2999999999999998,0.6499999999999999
MN,Arson,1992,324,15644.760000000006,3.0
MN,Arson,1993,345,9541.210000000012,2.0
MN,Arson,1994,341,24060.56999999996,2.0
MN,Arson,1995,356,9817.130000000016,2.0
MN,Arson,1996,388,10277.41000000001,1.375
MN,Arson,1997,502,9095.540000000012,1.0
MN,Arson,1998,612,31171.200009999906,1.5
MN,Arson,1999,474,19318.859999999964,2.0
MN,Arson,2000,682,29584.689999999904,2.0
MN,Arson,2001,365,19425.67999999997,1.0
MN,Arson,2002,420,26097.549999999937,1.5
MN,Arson,2003,926,50772.53999999986,1.0
MN,Arson,2004,463,22574.249999999956,1.0
MN,Arson,2005,322,9024.620000000006,1.25
MN,Arson,2006,703,18513.150000000023,1.0
MN,Arson,2007,634,72208.00000000004,1.0
MN,Arson,2008,449,16708.020000000004,1.0
MN,Arson,2009,363,6296.390000000012,0.7
MN,Arson,2010,611,16464.009999999995,0.7
MN,Arson,2011,368,10781.700000000008,1.0
MN,Arson,2012,558,13875.20000000001,1.0
MN,Arson,2013,191,8206.380000000008,1.0
MN,Arson,2014,292,1411.529999999999,0.5
MN,Arson,2015,547,6198.19000000001,0.5
MN,Campfire,1992,57,407.6100000000001,0.3
MN,Campfire,1993,23,88.91,1.0
MN,Campfire,1994,48,114.15999999999997,0.275
MN,Campfire,1995,105,12775.47000000001,0.3
MN,Campfire,1996,70,1720.99,0.5
MN,Campfire,1997,103,189.32999999999993,0.2
MN,Campfire,1998,102,126.46999999999993,0.225
MN,Campfire,1999,64,290.7699999999999,0.5
MN,Campfire,2000,77,263.6199999999999,0.5
MN,Campfire,2001,68,161.9899999999999,0.2
MN,Campfire,2002,69,143.95999999999998,0.1
MN,Campfire,2003,115,1082.4999999999995,0.3
MN,Campfire,2004,73,1080.159999999999,1.0
MN,Campfire,2005,87,258.67000000000013,0.2
MN,Campfire,2006,94,503.8000000000004,0.25
MN,Campfire,2007,93,75983.36000000016,0.25
MN,Campfire,2008,47,70.41000000000001,0.2
MN,Campfire,2009,65,232.7599999999999,0.2
MN,Campfire,2010,84,220.47999999999996,0.4
MN,Campfire,2011,67,39.970000000000006,0.2
MN,Campfire,2012,128,1615.5499999999986,0.385
MN,Campfire,2013,79,541.2900000000005,0.2
MN,Campfire,2014,40,30.390000000000004,0.2
MN,Campfire,2015,80,357.2000000000003,0.25
MN,Children,1992,175,296.8599999999999,1.0
MN,Children,1993,74,479.37,0.5
MN,Children,1994,231,428.9600000000003,1.0
MN,Children,1995,141,223.4,1.0
MN,Children,1996,97,97.39999999999999,0.5
MN,Children,1997,178,118.00000000000003,0.3
MN,Children,1998,270,475.80000000000024,0.4
MN,Children,1999,263,273.19999999999993,0.5
MN,Children,2000,167,252.49999999999966,0.5
MN,Children,2001,74,91.09999999999998,1.0
MN,Children,2002,84,159.89999999999995,0.5
MN,Children,2003,374,457.7500000000004,0.5
MN,Children,2004,10,6.28,0.365
MN,Children,2005,28,63.65000000000001,0.4
MN,Children,2006,90,349.54,0.5
MN,Children,2007,33,18.900000000000002,0.3
MN,Children,2008,107,111.09999999999992,0.4
MN,Children,2009,129,209.5999999999999,0.5
MN,Children,2010,231,208.90000000000003,0.3
MN,Children,2011,110,123.05000000000003,0.3
MN,Children,2012,271,190.49999999999972,0.3
MN,Children,2013,106,147.49999999999994,0.3
MN,Children,2014,224,193.59999999999994,0.3
MN,Children,2015,192,286.37000000000035,0.5
MN,Debris Burning,1992,660,9062.800000000023,1.0
MN,Debris Burning,1993,683,4751.51,1.0
MN,Debris Burning,1994,855,5992.440000000026,1.0
MN,Debris Burning,1995,687,6008.690000000027,1.0
MN,Debris Burning,1996,752,6763.800000000023,1.0
MN,Debris Burning,1997,1160,7556.720000000014,1.0
MN,Debris Burning,1998,882,12617.610000000052,1.0
MN,Debris Burning,1999,774,5634.250000000025,0.5
MN,Debris Burning,2000,871,21422.94000000005,1.0
MN,Debris Burning,2001,425,1713.529999999997,0.5
MN,Debris Burning,2002,519,5103.010000000008,1.0
MN,Debris Burning,2003,1061,89964.13000000035,1.0
MN,Debris Burning,2004,902,12796.530000000039,0.5
MN,Debris Burning,2005,467,5242.850000000009,0.5
MN,Debris Burning,2006,627,2797.4699999999925,0.5
MN,Debris Burning,2007,427,9951.560000000038,0.5
MN,Debris Burning,2008,262,1678.1599999999985,0.5
MN,Debris Burning,2009,306,1599.9699999999968,0.6499999999999999
MN,Debris Burning,2010,501,8477.900000000016,0.9
MN,Debris Burning,2011,241,33993.33,0.7
MN,Debris Burning,2012,502,8242.160000000029,1.0
MN,Debris Burning,2013,306,2398.5199999999977,1.0
MN,Debris Burning,2014,252,1460.9799999999998,0.5
MN,Debris Burning,2015,444,10943.36000000004,0.5
MN,Equipment Use,1992,102,668.1700000000004,1.0
MN,Equipment Use,1993,84,530.1000000000001,1.0
MN,Equipment Use,1994,80,581.8100000000002,0.5
MN,Equipment Use,1995,87,431.88000000000005,0.5
MN,Equipment Use,1996,94,693.6500000000004,0.625
MN,Equipment Use,1997,113,282.96000000000004,0.75
MN,Equipment Use,1998,150,800.0100000000008,0.5
MN,Equipment Use,1999,111,1302.3299999999995,1.0
MN,Equipment Use,2000,226,1464.8399999999992,1.0
MN,Equipment Use,2001,98,828.4500000000007,0.45
MN,Equipment Use,2002,88,376.09000000000043,0.25
MN,Equipment Use,2003,270,2619.9399999999987,0.5
MN,Equipment Use,2004,113,771.4200000000005,0.4
MN,Equipment Use,2005,104,411.46,0.25
MN,Equipment Use,2006,251,1330.0700000000006,0.5
MN,Equipment Use,2007,168,801.9500000000011,0.4
MN,Equipment Use,2008,78,767.6900000000006,0.3
MN,Equipment Use,2009,93,275.4700000000001,0.25
MN,Equipment Use,2010,156,2068.1199999999976,0.5
MN,Equipment Use,2011,99,402.05000000000024,0.25
MN,Equipment Use,2012,221,5951.080000000015,0.9
MN,Equipment Use,2013,98,422.6300000000003,0.5
MN,Equipment Use,2014,55,509.8100000000003,0.5
MN,Equipment Use,2015,169,5044.2699999999995,0.4
MN,Fireworks,1992,1,0.2,0.2
MN,Fireworks,1997,1,0.1,0.1
MN,Fireworks,2001,2,0.6,0.3
MN,Fireworks,2002,2,0.2,0.1
MN,Fireworks,2003,1,1.0,1.0
MN,Fireworks,2004,5,3.5000000000000004,0.1
MN,Fireworks,2005,1,0.1,0.1
MN,Fireworks,2007,5,5.1,0.5
MN,Fireworks,2008,6,9.200000000000001,0.1
MN,Fireworks,2009,13,13.900000000000002,0.8
MN,Fireworks,2010,16,195.57999999999998,0.875
MN,Fireworks,2011,6,7.3,1.2
MN,Fireworks,2012,15,8.86,0.1
MN,Fireworks,2013,13,12.35,0.15
MN,Fireworks,2014,5,1.7000000000000002,0.2
MN,Fireworks,2015,13,49.21,0.1
MN,Lightning,1992,15,25.120000000000005,0.3
MN,Lightning,1993,9,92.30999999999999,1.0
MN,Lightning,1994,27,193.54999999999998,0.1
MN,Lightning,1995,69,5514.140000000006,1.0
MN,Lightning,1996,36,8956.890000000007,0.1
MN,Lightning,1997,35,45.46000000000001,0.2
MN,Lightning,1998,79,399.57,0.25
MN,Lightning,1999,17,30.220000000000006,0.1
MN,Lightning,2000,19,53.32000000000001,0.1
MN,Lightning,2001,23,43.53000000000001,0.1
MN,Lightning,2002,45,786.28,0.2
MN,Lightning,2003,39,803.4100000000001,1.25
MN,Lightning,2004,38,1955.589999999999,0.225
MN,Lightning,2005,63,1461.3299999999986,0.5
MN,Lightning,2006,170,40218.27999999994,0.25
MN,Lightning,2007,102,699.3200000000004,0.1
MN,Lightning,2008,24,200.07,0.5
MN,Lightning,2009,8,2.6100000000000003,0.1
MN,Lightning,2010,17,29.21,0.25
MN,Lightning,2011,29,93081.11000000003,0.67
MN,Lightning,2012,49,197.45999999999992,0.25
MN,Lightning,2013,14,194.42999999999995,0.1
MN,Lightning,2014,15,49.760000000000005,0.1
MN,Lightning,2015,17,57.42,0.1
MN,Miscellaneous,1992,201,3648.08,1.0
MN,Miscellaneous,1993,83,3419.0699999999997,1.0
MN,Miscellaneous,1994,162,5342.910000000009,1.0
MN,Miscellaneous,1995,179,11063.16000000001,1.0
MN,Miscellaneous,1996,165,753.5200000000009,0.5
MN,Miscellaneous,1997,272,3005.059999999996,0.5
MN,Miscellaneous,1998,267,2383.049999999998,0.5
MN,Miscellaneous,1999,260,4899.420000000013,0.6499999999999999
MN,Miscellaneous,2000,430,15190.760000000033,0.5
MN,Miscellaneous,2001,179,764.7,0.5
MN,Miscellaneous,2002,713,31475.78999999982,0.5
MN,Miscellaneous,2003,343,6654.4800000000005,0.6
MN,Miscellaneous,2004,204,3881.9799999999987,0.5
MN,Miscellaneous,2005,565,3614.100000000002,0.5
MN,Miscellaneous,2006,501,8438.129999999997,0.5
MN,Miscellaneous,2007,249,2184.0499999999947,0.3
MN,Miscellaneous,2008,148,785.8300000000007,0.25
MN,Miscellaneous,2009,192,1241.4699999999964,0.5
MN,Miscellaneous,2010,289,4096.589999999995,0.5
MN,Miscellaneous,2011,249,546.0800000000003,0.3
MN,Miscellaneous,2012,454,1610.8899999999983,0.365
MN,Miscellaneous,2013,223,9259.140000000001,0.3
MN,Miscellaneous,2014,71,235.91999999999993,0.5
MN,Miscellaneous,2015,236,5394.210000000014,0.5
MN,Missing/Undefined,1994,1,0.1,0.1
MN,Missing/Undefined,1995,1,0.2,0.2
MN,Missing/Undefined,2003,4,2885.0,367.0
MN,Missing/Undefined,2004,1,80.0,80.0
MN,Missing/Undefined,2005,1,2210.0,2210.0
MN,Missing/Undefined,2006,1,0.1,0.1
MN,Missing/Undefined,2007,1,2000.0,2000.0
MN,Missing/Undefined,2008,1,700.0,700.0
MN,Missing/Undefined,2009,12,1618.6,67.5
MN,Missing/Undefined,2010,26,2683.2,5.5
MN,Missing/Undefined,2012,36,32800.3,11.0
MN,Missing/Undefined,2013,14,287.90000000000003,1.25
MN,Missing/Undefined,2014,3,6.1,2.0
MN,Missing/Undefined,2015,10,71.8,1.1
MN,Powerline,1995,1,0.1,0.1
MN,Powerline,2000,1,0.5,0.5
MN,Powerline,2001,1,1.5,1.5
MN,Powerline,2003,1,0.1,0.1
MN,Powerline,2004,1,0.1,0.1
MN,Powerline,2010,58,102.28,0.275
MN,Powerline,2011,26,22.880000000000006,0.225
MN,Powerline,2013,28,124.97,0.375
MN,Powerline,2014,25,38.90000000000001,0.1
MN,Powerline,2015,69,244.51999999999987,0.5
MN,Railroad,1992,45,388.95000000000016,0.5
MN,Railroad,1993,33,110.80999999999997,1.0
MN,Railroad,1994,96,232.65999999999994,0.9
MN,Railroad,1995,55,144.56999999999996,1.0
MN,Railroad,1996,108,304.1600000000001,0.3
MN,Railroad,1997,105,200.97999999999985,0.51
MN,Railroad,1998,47,1011.2400000000001,1.0
MN,Railroad,1999,98,960.81,1.25
MN,Railroad,2000,77,339.39000000000004,0.8
MN,Railroad,2001,60,43.120000000000026,0.25
MN,Railroad,2002,54,86.58999999999997,0.5
MN,Railroad,2003,94,1376.5199999999998,0.6
MN,Railroad,2004,149,2455.269999999999,0.6
MN,Railroad,2005,61,108.61999999999998,0.25
MN,Railroad,2006,38,219.59999999999994,0.33
MN,Railroad,2007,43,481.9800000000002,0.3
MN,Railroad,2008,31,118.98000000000002,0.5
MN,Railroad,2009,25,133.50999999999996,1.0
MN,Railroad,2010,34,934.6099999999999,0.25
MN,Railroad,2011,16,19.16000000000001,0.07
MN,Railroad,2012,22,356.57000000000005,0.375
MN,Railroad,2013,36,199.05999999999997,0.95
MN,Railroad,2014,11,39.05,3.0
MN,Railroad,2015,22,185.36999999999998,1.2999999999999998
MN,Smoking,1992,40,39.58000000000001,0.5
MN,Smoking,1993,29,74.42,1.0
MN,Smoking,1994,63,203.15999999999997,1.0
MN,Smoking,1995,48,87.76999999999998,1.0
MN,Smoking,1996,42,66.12,0.5
MN,Smoking,1997,59,214.58999999999992,0.5
MN,Smoking,1998,65,154.69999999999996,0.5
MN,Smoking,1999,52,148.99999999999997,1.0
MN,Smoking,2000,81,597.6099999999999,0.5
MN,Smoking,2001,31,62.02000000000001,0.1
MN,Smoking,2002,45,128.41999999999996,0.25
MN,Smoking,2003,68,139.35,0.4
MN,Smoking,2004,30,41.870000000000005,0.2
MN,Smoking,2005,29,60.37,0.5
MN,Smoking,2006,32,35.77000000000001,0.75
MN,Smoking,2007,32,70.34000000000002,0.2
MN,Smoking,2008,12,47.56,0.225
MN,Smoking,2009,26,87.62999999999998,0.25
MN,Smoking,2010,41,134.16,0.5
MN,Smoking,2011,12,30.71,1.0
MN,Smoking,2012,27,34.91,0.5
MN,Smoking,2013,18,124.7,0.44999999999999996
MN,Smoking,2014,9,6.499999999999998,0.1
MN,Smoking,2015,27,94.95,0.25
MN,Structure,1995,2,0.8,0.4
MN,Structure,2001,1,0.1,0.1
MN,Structure,2003,1,8.0,8.0
MN,Structure,2009,1,4.0,4.0
MN,Structure,2010,11,65.3,2.0
MN,Structure,2011,12,19.34,0.25
MN,Structure,2012,12,17.56,0.15000000000000002
MN,Structure,2013,6,17.6,2.0
MN,Structure,2014,4,0.4,0.1
MN,Structure,2015,12,25.600000000000005,0.25
MO,Arson,1992,527,12189.8,5.0
MO,Arson,1993,322,6522.1,5.0
MO,Arson,1994,518,16620.1,7.0
MO,Arson,1995,752,21685.4,7.0
MO,Arson,1996,152,5262.200000000003,8.0
MO,Arson,1997,327,8088.1,6.0
MO,Arson,1998,232,7557.4,8.0
MO,Arson,1999,415,16837.8,9.0
MO,Arson,2000,212,10212.400000000001,7.0
MO,Arson,2001,253,10116.4,10.0
MO,Arson,2002,199,11322.199999999999,7.0
MO,Arson,2003,136,1778.9099999999999,2.0
MO,Arson,2004,114,2629.259999999999,6.7
MO,Arson,2005,152,2779.36,3.0
MO,Arson,2006,158,4185.199999999998,4.0
MO,Arson,2007,129,5544.650000000006,5.0
MO,Arson,2008,52,3134.83,9.65
MO,Arson,2009,134,2633.570000000001,4.65
MO,Arson,2010,118,5311.619999999999,5.404999999999999
MO,Arson,2011,138,18954.6,8.0
MO,Arson,2012,93,3383.310000000001,5.05
MO,Arson,2013,54,1189.0,5.300000000000001
MO,Arson,2014,137,7723.72,6.0
MO,Arson,2015,69,1108.26,5.0
MO,Campfire,1992,10,299.1,17.0
MO,Campfire,1993,11,176.5,3.0
MO,Campfire,1994,5,4.3,1.0
MO,Campfire,1995,24,256.4,4.5
MO,Campfire,1996,4,30.0,5.5
MO,Campfire,1997,13,336.0,4.0
MO,Campfire,1998,7,22.1,1.0
MO,Campfire,1999,8,168.1,14.0
MO,Campfire,2000,3,96.0,30.0
MO,Campfire,2001,7,106.0,15.0
MO,Campfire,2002,5,8.2,1.0
MO,Campfire,2003,32,317.98000000000013,1.0
MO,Campfire,2004,25,87.3,1.0
MO,Campfire,2005,46,162.4,1.5
MO,Campfire,2006,34,156.81,1.0
MO,Campfire,2007,50,95.10000000000002,0.2
MO,Campfire,2008,8,3.9000000000000004,0.3
MO,Campfire,2009,3,118.99,9.3
MO,Campfire,2010,4,9.299999999999999,0.1
MO,Campfire,2011,8,77.64,3.5
MO,Campfire,2012,6,1.1300000000000001,0.1
MO,Campfire,2013,7,18.6,1.0
MO,Campfire,2014,18,110.94,2.745
MO,Campfire,2015,12,82.00999999999999,2.0
MO,Children,1992,14,48.0,2.0
MO,Children,1993,7,9.0,1.0
MO,Children,1994,7,21.0,1.0
MO,Children,1995,15,166.0,1.0
MO,Children,1996,2,3.0,1.5
MO,Children,1997,9,607.2,2.0
MO,Children,1998,3,44.0,8.0
MO,Children,1999,4,12.0,2.5
MO,Children,2000,3,9.0,3.0
MO,Children,2001,1,40.0,40.0
MO,Children,2002,3,140.0,35.0
MO,Children,2005,1,444.0,444.0
MO,Children,2007,1,2.5,2.5
MO,Children,2010,1,19.5,19.5
MO,Children,2011,3,43.0,1.0
MO,Children,2012,2,365.14,182.57
MO,Children,2013,3,63.0,2.0
MO,Children,2014,7,12.0,1.0
MO,Children,2015,3,7.1,2.0
MO,Debris Burning,1992,909,13380.7,4.0
MO,Debris Burning,1993,449,6714.1,3.0
MO,Debris Burning,1994,848,16125.8,4.5
MO,Debris Burning,1995,1011,22039.5,5.0
MO,Debris Burning,1996,183,1968.0,2.0
MO,Debris Burning,1997,698,12172.1,4.0
MO,Debris Burning,1998,208,2434.3,3.0
MO,Debris Burning,1999,543,13142.9,4.0
MO,Debris Burning,2000,280,3981.5,5.0
MO,Debris Burning,2001,427,5061.0,4.0
MO,Debris Burning,2002,369,7691.0,5.0
MO,Debris Burning,2003,79,527.5600000000003,2.0
MO,Debris Burning,2004,94,1847.319999999999,3.0
MO,Debris Burning,2005,83,2472.8999999999996,3.2
MO,Debris Burning,2006,54,830.5300000000002,2.0
MO,Debris Burning,2007,67,831.6500000000004,1.0
MO,Debris Burning,2008,18,487.6,4.75
MO,Debris Burning,2009,22,943.54,26.5
MO,Debris Burning,2010,17,445.40999999999997,20.72
MO,Debris Burning,2011,274,2789.49,1.6
MO,Debris Burning,2012,20,1179.6100000000001,30.5
MO,Debris Burning,2013,156,1292.08,1.75
MO,Debris Burning,2014,524,6601.540000000001,2.0
MO,Debris Burning,2015,302,3789.33,2.0
MO,Equipment Use,1992,32,394.0,3.0
MO,Equipment Use,1993,24,282.0,2.0
MO,Equipment Use,1994,58,975.0,4.0
MO,Equipment Use,1995,62,1469.3,3.0
MO,Equipment Use,1996,28,188.1,1.0
MO,Equipment Use,1997,69,579.1,2.0
MO,Equipment Use,1998,10,30.0,2.5
MO,Equipment Use,1999,62,1372.5,5.0
MO,Equipment Use,2000,55,555.0,3.0
MO,Equipment Use,2001,27,315.2,2.0
MO,Equipment Use,2002,20,361.2,2.5
MO,Equipment Use,2003,12,16.339999999999996,0.3
MO,Equipment Use,2004,6,46.300000000000004,2.55
MO,Equipment Use,2005,14,110.89999999999999,2.0
MO,Equipment Use,2006,12,74.41999999999999,1.0
MO,Equipment Use,2007,20,29.300000000000004,0.4
MO,Equipment Use,2008,2,1.5,0.75
MO,Equipment Use,2009,2,62.0,31.0
MO,Equipment Use,2010,1,0.47,0.47
MO,Equipment Use,2011,57,1056.33,1.5
MO,Equipment Use,2012,12,186.20999999999998,9.01
MO,Equipment Use,2013,28,225.2,1.0
MO,Equipment Use,2014,64,897.41,1.25
MO,Equipment Use,2015,53,370.71999999999997,1.0
MO,Fireworks,1993,1,0.1,0.1
MO,Lightning,1992,14,155.1,3.0
MO,Lightning,1993,9,55.0,5.0
MO,Lightning,1994,5,38.0,1.0
MO,Lightning,1995,17,498.0,7.0
MO,Lightning,1996,8,166.1,5.5
MO,Lightning,1997,9,31.5,3.0
MO,Lightning,1999,10,99.0,2.5
MO,Lightning,2000,9,200.0,5.0
MO,Lightning,2001,4,10.5,2.5
MO,Lightning,2002,1,150.0,150.0
MO,Lightning,2003,12,37.83000000000001,0.1
MO,Lightning,2004,3,1.2000000000000002,0.1
MO,Lightning,2005,3,5.6,0.5
MO,Lightning,2006,9,596.3,20.0
MO,Lightning,2007,10,33.2,0.15000000000000002
MO,Lightning,2008,2,0.2,0.1
MO,Lightning,2009,2,144.1,72.05
MO,Lightning,2010,3,22.85,0.25
MO,Lightning,2011,7,35.0,1.0
MO,Lightning,2012,18,1865.75,4.325
MO,Lightning,2013,4,2.6,0.75
MO,Lightning,2014,4,69.0,11.0
MO,Lightning,2015,1,1.5,1.5
MO,Miscellaneous,1992,118,1333.0,2.0
MO,Miscellaneous,1993,52,900.5,3.0
MO,Miscellaneous,1994,112,1702.2,2.0
MO,Miscellaneous,1995,104,2300.5,3.0
MO,Miscellaneous,1996,56,540.9,1.0
MO,Miscellaneous,1997,121,1546.7,1.0
MO,Miscellaneous,1998,52,823.0,4.5
MO,Miscellaneous,1999,103,1684.6,4.0
MO,Miscellaneous,2000,89,1255.4,4.0
MO,Miscellaneous,2001,135,1127.900000000001,1.0
MO,Miscellaneous,2002,48,670.1,3.0
MO,Miscellaneous,2003,63,210.1999999999999,0.5
MO,Miscellaneous,2004,48,177.40999999999988,0.2
MO,Miscellaneous,2005,84,2450.9499999999985,2.0
MO,Miscellaneous,2006,120,2082.799999999996,0.5
MO,Miscellaneous,2007,216,541.1500000000017,0.1
MO,Miscellaneous,2008,42,87.62999999999991,0.45
MO,Miscellaneous,2009,26,1228.58,25.555
MO,Miscellaneous,2010,29,1676.2499999999998,5.0
MO,Miscellaneous,2011,235,5145.889999999999,1.0
MO,Miscellaneous,2012,37,3504.15,7.0
MO,Miscellaneous,2013,153,1081.2,1.0
MO,Miscellaneous,2014,469,6897.19,2.0
MO,Miscellaneous,2015,320,6605.711000000004,1.5
MO,Missing/Undefined,1995,15,680.4000000000001,30.0
MO,Missing/Undefined,1996,6,292.0,7.0
MO,Missing/Undefined,1997,11,109.0,4.0
MO,Missing/Undefined,1998,2,41.0,20.5
MO,Missing/Undefined,1999,12,642.0,3.0
MO,Missing/Undefined,2000,2,188.0,94.0
MO,Missing/Undefined,2001,3,3.0,1.0
MO,Missing/Undefined,2002,3,9.0,3.0
MO,Missing/Undefined,2003,3,386.0,121.0
MO,Missing/Undefined,2004,13,3427.0,191.0
MO,Missing/Undefined,2005,27,9762.0,201.0
MO,Missing/Undefined,2006,51,16369.0,185.0
MO,Missing/Undefined,2007,20,7166.1,221.5
MO,Missing/Undefined,2008,10,2217.0,187.5
MO,Missing/Undefined,2009,48,12844.1,182.5
MO,Missing/Undefined,2010,22,6986.0,177.0
MO,Missing/Undefined,2011,8,3718.6,533.5
MO,Missing/Undefined,2012,31,8237.0,200.0
MO,Missing/Undefined,2013,3,4.5,1.0
MO,Missing/Undefined,2015,2,24.1,12.05
MO,Powerline,2009,1,19.9,19.9
MO,Powerline,2011,1,14.0,14.0
MO,Powerline,2014,1,12.0,12.0
MO,Railroad,1992,21,406.0,15.0
MO,Railroad,1993,10,51.0,1.5
MO,Railroad,1994,17,256.0,7.0
MO,Railroad,1995,17,291.0,4.0
MO,Railroad,1996,1,1.0,1.0
MO,Railroad,1997,14,63.0,1.0
MO,Railroad,1998,3,6.0,2.0
MO,Railroad,1999,5,228.0,25.0
MO,Railroad,2000,1,1.0,1.0
MO,Railroad,2002,1,12.0,12.0
MO,Railroad,2011,1,1.0,1.0
MO,Railroad,2013,1,5.0,5.0
MO,Railroad,2014,5,5.0,1.0
MO,Smoking,1992,35,510.3,3.0
MO,Smoking,1993,22,287.0,3.0
MO,Smoking,1994,37,507.0,5.0
MO,Smoking,1995,43,809.9,2.0
MO,Smoking,1996,3,87.0,25.0
MO,Smoking,1997,43,407.0,1.0
MO,Smoking,1998,4,24.0,1.5
MO,Smoking,1999,42,1312.0,2.0
MO,Smoking,2000,19,736.0,2.0
MO,Smoking,2001,27,299.1,2.0
MO,Smoking,2002,21,171.0,1.0
MO,Smoking,2003,3,1.2000000000000002,0.1
MO,Smoking,2004,4,1.7,0.3
MO,Smoking,2005,3,0.7,0.1
MO,Smoking,2006,4,4.1,1.0
MO,Smoking,2007,10,2.8000000000000007,0.1
MO,Smoking,2008,2,1.1,0.55
MO,Smoking,2009,1,0.1,0.1
MO,Smoking,2010,1,0.1,0.1
MO,Smoking,2011,8,9.0,1.0
MO,Smoking,2012,2,0.2,0.1
MO,Smoking,2013,4,4.0,1.0
MO,Smoking,2014,22,127.0,1.0
MO,Smoking,2015,7,35.01,1.0
MS,Arson,1992,2981,47009.2,5.0
MS,Arson,1993,2590,37186.0,5.0
MS,Arson,1994,2019,32847.9,5.0
MS,Arson,1995,2960,43075.5,5.0
MS,Arson,1996,2850,59495.799999999996,5.0
MS,Arson,1997,1539,19963.7,4.0
MS,Arson,1998,1844,24205.6,4.0
MS,Arson,1999,2952,42730.7,4.0
MS,Arson,2000,1563,27116.199999999997,4.0
MS,Arson,2001,1169,17473.0,5.0
MS,Arson,2002,1165,20074.3,5.0
MS,Arson,2003,1023,14825.849999999999,5.0
MS,Arson,2004,1414,26637.139999999996,6.0
MS,Arson,2005,1788,30712.01,5.0
MS,Arson,2006,2546,73312.23000000001,7.0
MS,Arson,2007,1237,29257.91,8.0
MS,Arson,2008,48,697.9700000000003,1.6949999999999998
MS,Arson,2009,42,860.5500000000001,1.15
MS,Arson,2010,64,1188.09,1.7000000000000002
MS,Arson,2011,56,2166.119999999999,2.0
MS,Arson,2012,461,6529.2,4.0
MS,Arson,2013,647,8624.8,4.0
MS,Arson,2014,9,61.3,8.0
MS,Arson,2015,167,4228.3,3.0
MS,Campfire,1992,13,108.0,5.0
MS,Campfire,1993,8,81.4,1.0
MS,Campfire,1994,5,20.1,1.0
MS,Campfire,1995,14,156.1,3.5
MS,Campfire,1996,7,213.0,6.0
MS,Campfire,1997,13,144.1,5.0
MS,Campfire,1998,8,75.8,5.5
MS,Campfire,1999,14,79.5,5.0
MS,Campfire,2000,7,72.0,3.0
MS,Campfire,2001,1,3.0,3.0
MS,Campfire,2002,7,58.3,5.0
MS,Campfire,2003,4,23.1,3.5
MS,Campfire,2004,6,40.6,2.0
MS,Campfire,2005,7,37.370000000000005,3.0
MS,Campfire,2006,10,58.650000000000006,3.125
MS,Campfire,2007,6,49.2,4.5
MS,Campfire,2008,4,11.299999999999999,0.1
MS,Campfire,2010,6,10.229999999999999,0.55
MS,Campfire,2011,4,251.2,0.55
MS,Campfire,2012,10,23.5,1.05
MS,Campfire,2013,12,14.9,0.2
MS,Campfire,2014,950,8853.4,4.0
MS,Campfire,2015,477,6069.2,4.0
MS,Children,1992,22,86.0,1.0
MS,Children,1993,28,156.0,2.0
MS,Children,1994,22,115.0,3.0
MS,Children,1995,27,122.0,2.0
MS,Children,1996,31,499.0,3.0
MS,Children,1997,19,80.0,2.0
MS,Children,1998,25,175.0,2.0
MS,Children,1999,22,119.0,2.0
MS,Children,2000,22,222.0,3.5
MS,Children,2001,28,153.29999999999998,2.0
MS,Children,2002,17,65.0,2.0
MS,Children,2003,11,62.0,3.0
MS,Children,2004,14,125.0,5.0
MS,Children,2005,17,73.5,3.0
MS,Children,2006,28,759.54,7.27
MS,Children,2007,10,800.2,3.0
MS,Children,2010,1,0.2,0.2
MS,Children,2011,2,152.0,76.0
MS,Children,2012,9,40.0,3.0
MS,Children,2013,5,75.0,6.0
MS,Children,2014,25,191.0,3.0
MS,Children,2015,16,96.5,2.0
MS,Debris Burning,1992,1144,11115.5,3.0
MS,Debris Burning,1993,1043,12793.7,3.0
MS,Debris Burning,1994,1077,15836.1,3.0
MS,Debris Burning,1995,1471,18377.9,3.0
MS,Debris Burning,1996,1624,30150.0,4.0
MS,Debris Burning,1997,909,7805.2,3.0
MS,Debris Burning,1998,1136,11159.1,3.0
MS,Debris Burning,1999,1700,14918.9,3.0
MS,Debris Burning,2000,939,9606.4,2.0
MS,Debris Burning,2001,882,8286.9,3.0
MS,Debris Burning,2002,923,10019.0,4.0
MS,Debris Burning,2003,660,6405.1,4.0
MS,Debris Burning,2004,1116,11865.800000000001,4.0
MS,Debris Burning,2005,1298,12575.71,4.0
MS,Debris Burning,2006,2031,29563.879999999997,5.0
MS,Debris Burning,2007,1121,15343.529999999999,5.0
MS,Debris Burning,2008,19,234.75,3.0
MS,Debris Burning,2009,22,364.15000000000003,3.0
MS,Debris Burning,2010,24,187.59999999999997,1.5
MS,Debris Burning,2011,40,500.90000000000015,3.0
MS,Debris Burning,2012,499,4156.5,3.0
MS,Debris Burning,2013,618,5776.6,3.0
MS,Debris Burning,2014,957,15542.8,5.0
MS,Debris Burning,2015,840,10093.8,4.0
MS,Equipment Use,1992,52,333.6,2.0
MS,Equipment Use,1993,56,503.3,2.0
MS,Equipment Use,1994,28,263.5,2.5
MS,Equipment Use,1995,79,493.8,3.0
MS,Equipment Use,1996,71,3510.4999999999995,3.0
MS,Equipment Use,1997,50,341.5,2.0
MS,Equipment Use,1998,58,470.6,2.5
MS,Equipment Use,1999,120,1081.4,3.0
MS,Equipment Use,2000,110,3806.8999999999996,3.0
MS,Equipment Use,2001,53,270.3,2.0
MS,Equipment Use,2002,52,555.3,2.0
MS,Equipment Use,2003,38,1389.2999999999997,3.0
MS,Equipment Use,2004,48,545.7,5.0
MS,Equipment Use,2005,77,908.55,3.0
MS,Equipment Use,2006,113,1307.94,3.0
MS,Equipment Use,2007,42,554.9000000000001,3.0
MS,Equipment Use,2008,12,32.66000000000001,0.15000000000000002
MS,Equipment Use,2009,3,0.8,0.2
MS,Equipment Use,2010,11,10.899999999999999,0.3
MS,Equipment Use,2011,12,14.95,1.0
MS,Equipment Use,2012,37,198.4,2.0
MS,Equipment Use,2013,30,279.6,2.0
MS,Equipment Use,2014,13,93.8,1.0
MS,Equipment Use,2015,51,1035.6000000000001,1.0
MS,Fireworks,1992,2,3.1,1.55
MS,Fireworks,1993,1,0.1,0.1
MS,Fireworks,1997,2,65.0,32.5
MS,Fireworks,2000,1,0.1,0.1
MS,Fireworks,2006,1,2.0,2.0
MS,Fireworks,2012,1,0.1,0.1
MS,Fireworks,2014,1,0.1,0.1
MS,Lightning,1992,6,100.7,3.0
MS,Lightning,1993,14,86.6,2.0
MS,Lightning,1994,7,13.0,1.0
MS,Lightning,1995,22,104.4,1.0
MS,Lightning,1996,21,93.1,2.0
MS,Lightning,1997,6,331.0,4.0
MS,Lightning,1998,29,185.2,2.0
MS,Lightning,1999,39,403.0,2.0
MS,Lightning,2000,154,1691.0,3.0
MS,Lightning,2001,20,338.30000000000007,1.0
MS,Lightning,2002,15,131.4,1.0
MS,Lightning,2003,4,18.0,3.5
MS,Lightning,2004,3,5.0,1.0
MS,Lightning,2005,11,269.01,5.0
MS,Lightning,2006,70,2978.4900000000002,3.0
MS,Lightning,2007,20,292.4,2.0
MS,Lightning,2008,4,24.1,0.545
MS,Lightning,2009,1,0.3,0.3
MS,Lightning,2010,5,3.6,0.4
MS,Lightning,2011,24,779.1,1.0
MS,Lightning,2012,29,456.4,4.0
MS,Lightning,2013,14,734.6,1.0
MS,Lightning,2014,17,338.0,3.0
MS,Lightning,2015,16,2308.0,37.5
MS,Miscellaneous,1992,155,1355.7,2.0
MS,Miscellaneous,1993,159,2323.1,2.5
MS,Miscellaneous,1994,120,4612.8,2.0
MS,Miscellaneous,1995,204,3283.3,2.5
MS,Miscellaneous,1996,169,4455.1,3.0
MS,Miscellaneous,1997,178,2718.1,3.0
MS,Miscellaneous,1998,218,2149.6,2.0
MS,Miscellaneous,1999,460,4739.0,2.0
MS,Miscellaneous,2000,5092,9723.700000001058,0.1
MS,Miscellaneous,2001,702,4986.9000000000415,0.1
MS,Miscellaneous,2002,627,3385.8999999999805,0.1
MS,Miscellaneous,2003,153,1856.8,2.0
MS,Miscellaneous,2004,186,2312.6800000000003,2.0
MS,Miscellaneous,2005,297,10753.750000000002,2.0
MS,Miscellaneous,2006,676,21775.819999999996,5.0
MS,Miscellaneous,2007,282,3651.6900000000005,3.0
MS,Miscellaneous,2008,56,7630.620000000003,1.4
MS,Miscellaneous,2009,45,1082.8499999999985,0.5
MS,Miscellaneous,2010,62,7191.200000000007,1.0
MS,Miscellaneous,2011,86,3507.519999999999,1.0
MS,Miscellaneous,2012,129,977.5,3.0
MS,Miscellaneous,2013,131,6098.2,3.0
MS,Miscellaneous,2014,182,2618.0,3.0
MS,Miscellaneous,2015,500,8366.9,3.0
MS,Missing/Undefined,1994,1,6.5,6.5
MS,Missing/Undefined,2001,1,500.0,500.0
MS,Missing/Undefined,2005,1,0.1,0.1
MS,Missing/Undefined,2006,2,878.0,439.0
MS,Missing/Undefined,2007,21,2145.7,100.0
MS,Missing/Undefined,2008,1872,27679.0,4.0
MS,Missing/Undefined,2009,1850,24690.9,4.0
MS,Missing/Undefined,2010,2748,27951.3,3.0
MS,Missing/Undefined,2011,1388,21647.6,4.0
MS,Missing/Undefined,2012,21,169.6,1.0
MS,Missing/Undefined,2013,21,243.89999999999995,2.0
MS,Missing/Undefined,2014,17,4885.2,2.3
MS,Missing/Undefined,2015,15,2760.3,1.0
MS,Powerline,1993,1,3.0,3.0
MS,Powerline,2000,1,1.1,1.1
MS,Powerline,2010,2,0.6,0.3
MS,Powerline,2011,1,0.5,0.5
MS,Powerline,2013,1,3.3,3.3
MS,Railroad,1992,9,19.0,2.0
MS,Railroad,1993,19,192.0,3.0
MS,Railroad,1994,15,154.1,4.0
MS,Railroad,1995,27,223.3,2.0
MS,Railroad,1996,27,206.1,3.0
MS,Railroad,1997,13,293.0,2.0
MS,Railroad,1998,25,243.6,2.0
MS,Railroad,1999,33,650.2,5.0
MS,Railroad,2000,27,463.1,4.0
MS,Railroad,2001,11,82.0,2.0
MS,Railroad,2002,5,9.1,1.0
MS,Railroad,2003,13,119.0,5.0
MS,Railroad,2004,15,181.0,9.0
MS,Railroad,2005,5,29.0,5.0
MS,Railroad,2006,25,278.0,4.0
MS,Railroad,2007,15,339.0,10.0
MS,Railroad,2010,1,1.0,1.0
MS,Railroad,2011,1,5.75,5.75
MS,Railroad,2012,8,102.1,2.5
MS,Railroad,2013,3,101.0,6.0
MS,Railroad,2014,38,492.0,2.0
MS,Railroad,2015,22,278.0,1.5
MS,Smoking,1992,94,699.3,2.5
MS,Smoking,1993,96,783.1,3.0
MS,Smoking,1994,62,609.5,3.0
MS,Smoking,1995,188,2177.5,3.0
MS,Smoking,1996,123,3085.1,4.0
MS,Smoking,1997,54,614.0,5.0
MS,Smoking,1998,81,994.3,5.0
MS,Smoking,1999,96,1405.2,3.0
MS,Smoking,2000,68,756.7,3.0
MS,Smoking,2001,21,165.2,2.0
MS,Smoking,2002,21,112.0,3.0
MS,Smoking,2003,7,45.1,1.0
MS,Smoking,2004,10,90.5,1.5
MS,Smoking,2005,19,242.2,3.0
MS,Smoking,2006,31,210.2,3.0
MS,Smoking,2007,13,94.1,2.0
MS,Smoking,2008,1,36.94,36.94
MS,Smoking,2009,3,4.8,1.0
MS,Smoking,2010,2,3.0,1.5
MS,Smoking,2012,14,70.0,3.0
MS,Smoking,2013,6,64.0,4.0
MS,Smoking,2014,15,160.0,5.0
MS,Smoking,2015,18,137.0,2.0
MT,Arson,1992,28,163.29999999999998,0.65
MT,Arson,1993,33,325.59999999999997,1.0
MT,Arson,1994,30,60398.29999999999,0.55
MT,Arson,1995,15,35.4,0.1
MT,Arson,1996,57,857.5000000000003,1.0
MT,Arson,1997,19,239.29999999999998,1.0
MT,Arson,1998,90,7785.400000000008,0.5
MT,Arson,1999,104,773.0,0.2
MT,Arson,2000,61,30221.139999999978,1.0
MT,Arson,2001,39,210.90999999999997,0.6
MT,Arson,2002,33,41.220000000000006,0.1
MT,Arson,2003,59,106.90999999999998,0.2
MT,Arson,2004,54,188.5699999999999,0.1
MT,Arson,2005,81,218.9899999999998,0.1
MT,Arson,2006,188,9422.540000000026,0.275
MT,Arson,2007,68,570.7300000000005,0.25
MT,Arson,2008,160,5920.260000000002,0.2
MT,Arson,2009,115,130.49999999999986,0.2
MT,Arson,2010,76,1993.5500000000002,0.2
MT,Arson,2011,58,3943.9999999999986,0.15000000000000002
MT,Arson,2012,95,2604.699999999999,0.3
MT,Arson,2013,56,2583.6599999999994,0.8
MT,Arson,2014,92,1177.0499999999995,0.2
MT,Arson,2015,103,5193.709999999998,0.3
MT,Campfire,1992,136,200.59999999999994,0.1
MT,Campfire,1993,86,201.59999999999997,0.1
MT,Campfire,1994,125,95.49999999999996,0.1
MT,Campfire,1995,106,233.0999999999998,0.1
MT,Campfire,1996,190,1008.7000000000011,0.1
MT,Campfire,1997,106,99.99999999999997,0.1
MT,Campfire,1998,140,960.1000000000015,0.1
MT,Campfire,1999,222,1525.7000000000003,0.1
MT,Campfire,2000,162,27651.13000000004,0.1
MT,Campfire,2001,231,506.88000000000056,0.1
MT,Campfire,2002,233,858.6799999999998,0.1
MT,Campfire,2003,203,4478.469990000007,0.1
MT,Campfire,2004,186,243.71999999999977,0.1
MT,Campfire,2005,219,4062.4299999999976,0.1
MT,Campfire,2006,243,497.1700000000037,0.1
MT,Campfire,2007,188,18235.069999999952,0.1
MT,Campfire,2008,275,794.0599999999991,0.1
MT,Campfire,2009,223,320.05000000000007,0.1
MT,Campfire,2010,194,287.4599999999997,0.1
MT,Campfire,2011,191,5432.440000000048,0.1
MT,Campfire,2012,195,182.82999999999925,0.1
MT,Campfire,2013,178,451.1700000000002,0.1
MT,Campfire,2014,136,310.08,0.1
MT,Campfire,2015,155,422.0200000000001,0.1
MT,Children,1992,67,215.3,1.0
MT,Children,1993,31,43.40000000000001,0.4
MT,Children,1994,69,74.20000000000003,0.2
MT,Children,1995,35,25.599999999999998,0.5
MT,Children,1996,92,465.6,0.5
MT,Children,1997,72,249.6,0.5
MT,Children,1998,55,321.1000000000001,1.0
MT,Children,1999,59,72.09999999999997,0.5
MT,Children,2000,75,376.3000000000001,1.0
MT,Children,2001,64,1736.8299999999986,0.35
MT,Children,2002,45,279.96000000000004,0.2
MT,Children,2003,93,484.94999999999976,0.1
MT,Children,2004,52,63.11000000000005,0.1
MT,Children,2005,181,420.46000000000174,0.1
MT,Children,2006,125,4309.870000000001,0.2
MT,Children,2007,72,1260.9099999999996,0.3
MT,Children,2008,59,822.4300000000001,0.1
MT,Children,2009,28,11.599999999999996,0.1
MT,Children,2010,25,24.309999999999995,0.1
MT,Children,2011,12,6.799999999999999,0.1
MT,Children,2012,92,226.71999999999994,0.3
MT,Children,2013,22,28.400000000000002,0.275
MT,Children,2014,29,261.3500000000001,0.1
MT,Children,2015,28,12.709999999999999,0.1
MT,Debris Burning,1992,223,4578.6,1.0
MT,Debris Burning,1993,114,1405.7999999999997,0.5
MT,Debris Burning,1994,201,3665.599999999996,1.0
MT,Debris Burning,1995,136,5108.999999999998,0.6499999999999999
MT,Debris Burning,1996,120,1418.2,1.5
MT,Debris Burning,1997,71,306.1,1.0
MT,Debris Burning,1998,133,5543.600000000006,1.0
MT,Debris Burning,1999,169,4000.199999999998,1.0
MT,Debris Burning,2000,177,5950.350000000006,1.0
MT,Debris Burning,2001,178,3827.109999999998,0.5
MT,Debris Burning,2002,147,3504.1500000000033,0.6
MT,Debris Burning,2003,175,2353.170000000003,0.3
MT,Debris Burning,2004,173,977.4500000000005,0.5
MT,Debris Burning,2005,149,2344.129999999999,0.5
MT,Debris Burning,2006,143,3521.919999999995,0.25
MT,Debris Burning,2007,142,2710.87,0.25
MT,Debris Burning,2008,193,12852.510000000011,0.5
MT,Debris Burning,2009,118,817.4600000000005,0.35
MT,Debris Burning,2010,150,1504.0400000000002,0.3
MT,Debris Burning,2011,62,358.25,0.1
MT,Debris Burning,2012,104,17630.45999999999,0.5
MT,Debris Burning,2013,100,1818.1699999999983,0.5
MT,Debris Burning,2014,113,802.0000000000002,1.0
MT,Debris Burning,2015,134,9549.990000000009,0.4
MT,Equipment Use,1992,30,295.4,0.5
MT,Equipment Use,1993,17,128.7,0.1
MT,Equipment Use,1994,50,8236.5,2.75
MT,Equipment Use,1995,30,991.8000000000001,1.25
MT,Equipment Use,1996,77,28548.699999999993,3.0
MT,Equipment Use,1997,38,534.8,0.5
MT,Equipment Use,1998,39,1271.9999999999995,0.3
MT,Equipment Use,1999,42,6890.999999999998,1.0
MT,Equipment Use,2000,61,83490.92000000003,0.7
MT,Equipment Use,2001,60,968.4000000000002,0.85
MT,Equipment Use,2002,29,1884.7099999999998,0.5
MT,Equipment Use,2003,93,14439.050000000008,0.69
MT,Equipment Use,2004,44,1300.1499999999996,0.525
MT,Equipment Use,2005,67,8234.9,1.1
MT,Equipment Use,2006,87,39296.32,1.0
MT,Equipment Use,2007,102,14095.330000000005,0.5
MT,Equipment Use,2008,81,8750.57,1.0
MT,Equipment Use,2009,50,15435.300000000001,0.4
MT,Equipment Use,2010,48,1507.38,1.0
MT,Equipment Use,2011,53,416.94000000000017,0.3
MT,Equipment Use,2012,92,31433.199999999993,1.0
MT,Equipment Use,2013,67,3817.239999999998,0.25
MT,Equipment Use,2014,70,2239.7,1.75
MT,Equipment Use,2015,106,10898.850000000002,0.3
MT,Fireworks,1992,43,59.800000000000004,0.5
MT,Fireworks,1993,26,27.700000000000003,0.1
MT,Fireworks,1994,65,36.200000000000024,0.4
MT,Fireworks,1995,9,6.799999999999999,0.4
MT,Fireworks,1996,57,132.4,0.5
MT,Fireworks,1997,20,9.2,0.3
MT,Fireworks,1998,25,102.60000000000001,1.0
MT,Fireworks,1999,35,20.000000000000018,0.1
MT,Fireworks,2000,60,40.4,0.2
MT,Fireworks,2001,63,50.40000000000001,0.5
MT,Fireworks,2002,69,43.70000000000003,0.1
MT,Fireworks,2003,126,803.2000000000021,0.1
MT,Fireworks,2004,51,12.79999999999999,0.1
MT,Fireworks,2005,53,32.80000000000001,0.1
MT,Fireworks,2006,227,143.79999999999956,0.1
MT,Fireworks,2007,124,695.2000000000002,0.1
MT,Fireworks,2008,66,91.20000000000002,0.1
MT,Fireworks,2009,90,149.95,0.1
MT,Fireworks,2010,30,24.399999999999995,0.1
MT,Fireworks,2011,46,7.6999999999999975,0.1
MT,Fireworks,2012,93,15384.610000000006,0.1
MT,Fireworks,2013,45,19.170000000000012,0.1
MT,Fireworks,2014,61,10.369999999999994,0.1
MT,Fireworks,2015,134,196.22999999999985,0.1
MT,Lightning,1992,516,18258.400000000056,0.1
MT,Lightning,1993,157,1399.9999999999998,0.1
MT,Lightning,1994,1496,159874.30000000188,0.2
MT,Lightning,1995,345,6972.500000000006,0.1
MT,Lightning,1996,810,75876.09999999999,0.3
MT,Lightning,1997,343,3360.9999999999973,0.1
MT,Lightning,1998,895,72435.80000000002,0.2
MT,Lightning,1999,755,63483.29999999998,0.1
MT,Lightning,2000,1479,647936.7599999922,0.3
MT,Lightning,2001,645,149310.95000000083,0.2
MT,Lightning,2002,789,103636.87000000053,0.2
MT,Lightning,2003,1358,655249.5101899946,0.2
MT,Lightning,2004,698,16237.940000000086,0.1
MT,Lightning,2005,518,73778.6300000001,0.25
MT,Lightning,2006,1054,766350.8399999953,0.25
MT,Lightning,2007,981,585593.6499999973,0.2
MT,Lightning,2008,421,125796.4500000001,0.25
MT,Lightning,2009,706,27391.949999999815,0.1
MT,Lightning,2010,379,35921.74000000002,0.2
MT,Lightning,2011,566,126124.03000000038,0.2
MT,Lightning,2012,793,825681.1099999989,0.3
MT,Lightning,2013,665,58837.0999999998,0.2
MT,Lightning,2014,493,16077.780000000037,0.17
MT,Lightning,2015,773,294198.24000000005,0.25
MT,Miscellaneous,1992,91,1185.8999999999994,0.1
MT,Miscellaneous,1993,29,100.1,0.1
MT,Miscellaneous,1994,134,6656.000000000013,0.3
MT,Miscellaneous,1995,58,1016.2000000000005,0.2
MT,Miscellaneous,1996,105,11115.4,0.5
MT,Miscellaneous,1997,75,2524.2999999999997,0.5
MT,Miscellaneous,1998,120,1659.100000000001,0.5
MT,Miscellaneous,1999,196,4085.3999999999965,0.45
MT,Miscellaneous,2000,238,21910.899999999932,0.2
MT,Miscellaneous,2001,222,4342.410000000008,0.2
MT,Miscellaneous,2002,192,11767.28000000002,0.1
MT,Miscellaneous,2003,280,69550.83000000038,0.1
MT,Miscellaneous,2004,200,708.0800000000008,0.1
MT,Miscellaneous,2005,168,23505.659999999938,0.2
MT,Miscellaneous,2006,304,40086.44,0.1
MT,Miscellaneous,2007,258,19938.66000000003,0.19
MT,Miscellaneous,2008,218,12860.240000000034,0.1
MT,Miscellaneous,2009,275,8030.3300000000045,1.0
MT,Miscellaneous,2010,180,14574.850000000017,0.2
MT,Miscellaneous,2011,156,2876.1099999999933,0.1
MT,Miscellaneous,2012,324,97654.33000000003,0.25
MT,Miscellaneous,2013,163,7924.060000000023,0.2
MT,Miscellaneous,2014,153,3569.2,0.1
MT,Miscellaneous,2015,329,22214.630000000005,0.1
MT,Missing/Undefined,1992,394,6799.220000000055,0.01
MT,Missing/Undefined,1993,188,7862.310000000019,0.01
MT,Missing/Undefined,1994,664,23446.84999999956,0.1
MT,Missing/Undefined,1995,230,4963.550000000021,0.1
MT,Missing/Undefined,1996,378,81116.44999999974,0.1
MT,Missing/Undefined,1997,187,1469.629999999998,0.01
MT,Missing/Undefined,1998,326,10698.170000000013,0.1
MT,Missing/Undefined,1999,386,31641.739999999863,0.1
MT,Missing/Undefined,2000,3,490.0,9.0
MT,Missing/Undefined,2001,4,1331.0,225.0
MT,Missing/Undefined,2002,6,1022.9,10.0
MT,Missing/Undefined,2003,3,433.0,5.0
MT,Missing/Undefined,2004,6,3098.0,7.0
MT,Missing/Undefined,2005,6,183.9,4.75
MT,Missing/Undefined,2006,11,337.7,1.0
MT,Missing/Undefined,2007,11,100950.4,21.0
MT,Missing/Undefined,2008,12,1564.8,31.4
MT,Missing/Undefined,2009,10,229.49999999999997,1.5
MT,Missing/Undefined,2010,6,481.3,1.35
MT,Missing/Undefined,2011,5,35.8,3.5
MT,Missing/Undefined,2012,10,626.9,2.45
MT,Missing/Undefined,2013,9,612.1,27.2
MT,Missing/Undefined,2014,9,898.1999999999999,7.9
MT,Missing/Undefined,2015,19,6889.5,160.0
MT,Powerline,1992,5,160.0,10.0
MT,Powerline,1993,1,200.0,200.0
MT,Powerline,1994,9,38.7,2.0
MT,Powerline,1995,1,8.3,8.3
MT,Powerline,1996,6,11.3,1.0
MT,Powerline,1997,1,0.1,0.1
MT,Powerline,1998,2,6.0,3.0
MT,Powerline,1999,3,65.8,0.7
MT,Powerline,2000,7,854.1,1.0
MT,Powerline,2001,11,132.5,1.1
MT,Powerline,2002,5,3024.4,3.0
MT,Powerline,2003,10,10.799999999999999,0.3
MT,Powerline,2004,2,2.0,1.0
MT,Powerline,2005,6,339.5,0.8
MT,Powerline,2006,3,11.0,5.0
MT,Powerline,2007,8,100.89999999999999,0.4
MT,Powerline,2008,2,185.4,92.7
MT,Powerline,2009,19,1022.1999999999999,0.1
MT,Powerline,2010,18,985.26,0.1
MT,Powerline,2011,16,24.60000000000001,0.225
MT,Powerline,2012,18,8929.200000000003,4.55
MT,Powerline,2013,20,930.51,0.1
MT,Powerline,2014,19,9561.330000000002,0.1
MT,Powerline,2015,25,381.8300000000001,0.25
MT,Railroad,1992,34,130.6,0.3
MT,Railroad,1993,16,45.800000000000004,1.0
MT,Railroad,1994,51,202.7,0.5
MT,Railroad,1995,29,197.2,1.0
MT,Railroad,1996,29,4747.9,2.0
MT,Railroad,1997,23,143.4,1.0
MT,Railroad,1998,47,154.59999999999997,1.0
MT,Railroad,1999,34,2605.7,1.0
MT,Railroad,2000,38,49.0,0.225
MT,Railroad,2001,32,51.8,0.4
MT,Railroad,2002,17,18.939999999999998,0.5
MT,Railroad,2003,23,57.68,0.1
MT,Railroad,2004,21,27.48,0.1
MT,Railroad,2005,33,314.14,0.75
MT,Railroad,2006,23,2263.61,0.5
MT,Railroad,2007,18,19.0,0.2
MT,Railroad,2008,21,184.81,0.2
MT,Railroad,2009,11,57.42,0.25
MT,Railroad,2010,17,23.759999999999998,0.7
MT,Railroad,2011,14,49.61000000000001,0.275
MT,Railroad,2012,16,6705.050000000001,0.2
MT,Railroad,2013,26,378.65000000000015,0.65
MT,Railroad,2014,18,11.709999999999999,0.1
MT,Railroad,2015,22,61.07999999999999,0.1
MT,Smoking,1992,75,6544.600000000002,1.0
MT,Smoking,1993,45,857.4000000000001,0.5
MT,Smoking,1994,86,2957.799999999999,0.5
MT,Smoking,1995,57,5623.5,1.1
MT,Smoking,1996,69,3540.7999999999997,0.4
MT,Smoking,1997,36,2400.9999999999995,1.0
MT,Smoking,1998,37,418.79999999999995,0.8
MT,Smoking,1999,80,2292.799999999997,0.5
MT,Smoking,2000,66,3889.21,1.25
MT,Smoking,2001,53,79.89999999999996,0.2
MT,Smoking,2002,31,17.020000000000007,0.1
MT,Smoking,2003,45,381.7400000000002,0.1
MT,Smoking,2004,12,3.4699999999999998,0.125
MT,Smoking,2005,12,1141.2199999999998,0.1
MT,Smoking,2006,47,408.45000000000005,0.1
MT,Smoking,2007,23,370.64,0.1
MT,Smoking,2008,23,46.269999999999996,0.1
MT,Smoking,2009,15,69.63,0.1
MT,Smoking,2010,14,129.75,0.1
MT,Smoking,2011,10,9.8,0.1
MT,Smoking,2012,12,105.47000000000001,0.15000000000000002
MT,Smoking,2013,7,3.85,0.1
MT,Smoking,2014,5,0.5,0.1
MT,Smoking,2015,25,7.149999999999999,0.1
MT,Structure,1994,4,6.7,1.25
MT,Structure,1995,1,1.0,1.0
MT,Structure,1996,3,1.4,0.5
MT,Structure,1997,2,4.7,2.35
MT,Structure,1999,4,2.6,0.75
MT,Structure,2000,1,0.1,0.1
MT,Structure,2001,1,0.1,0.1
MT,Structure,2002,1,0.5,0.5
MT,Structure,2003,3,47.0,1.5
MT,Structure,2004,4,5.299999999999999,0.1
MT,Structure,2005,4,11.1,1.0
MT,Structure,2006,5,2.4000000000000004,0.1
MT,Structure,2007,2,1.5,0.75
MT,Structure,2008,1,0.3,0.3
MT,Structure,2009,2,40.5,20.25
MT,Structure,2010,3,18.3,0.2
MT,Structure,2011,1,0.1,0.1
MT,Structure,2012,10,45.0,0.3
MT,Structure,2013,1,0.1,0.1
MT,Structure,2014,5,0.65,0.1
MT,Structure,2015,13,7.919999999999998,0.3
NC,Arson,1992,1235,11529.6000000001,1.0
NC,Arson,1993,1084,6846.800000000031,1.0
NC,Arson,1994,1154,31203.09999999966,1.0
NC,Arson,1995,1128,11173.400000000098,1.0
NC,Arson,1996,790,4778.000000000018,1.0
NC,Arson,1997,916,6151.300000000008,1.0
NC,Arson,1998,929,6155.400000000014,2.0
NC,Arson,1999,682,10661.400000000072,1.0
NC,Arson,2000,934,8693.600000000066,1.0
NC,Arson,2001,1584,23323.799999999825,1.0
NC,Arson,2002,960,9132.800000000032,2.0
NC,Arson,2003,358,1550.4999999999995,1.0
NC,Arson,2004,689,4589.7,1.0
NC,Arson,2005,752,4457.7,1.0
NC,Arson,2006,934,5973.599999999994,1.0
NC,Arson,2007,77,1165.8499999999985,0.5
NC,Arson,2008,39,796.2000000000003,0.5
NC,Arson,2009,642,5070.549999999993,1.0
NC,Arson,2010,826,6376.100000000022,1.0
NC,Arson,2011,30,303.9,1.0
NC,Arson,2012,729,4145.999999999976,0.3
NC,Arson,2013,591,5731.200000000012,0.5
NC,Arson,2014,728,4280.5499999999865,0.4
NC,Arson,2015,268,1569.8199999999927,0.2
NC,Campfire,1992,8,29.900000000000002,1.25
NC,Campfire,1993,7,12.799999999999999,0.5
NC,Campfire,1994,7,209.9,0.5
NC,Campfire,1995,5,92.1,10.0
NC,Campfire,1996,5,21.6,2.5
NC,Campfire,1997,6,8.7,1.0
NC,Campfire,1998,14,7.5,0.5
NC,Campfire,1999,16,321.4,0.4
NC,Campfire,2000,15,10524.5,6.0
NC,Campfire,2001,18,61.900000000000006,1.0
NC,Campfire,2002,9,132.49999999999997,0.1
NC,Campfire,2003,3,1.2,0.1
NC,Campfire,2004,3,16.0,5.0
NC,Campfire,2005,48,132.2,1.0
NC,Campfire,2006,64,121.55000000000001,1.0
NC,Campfire,2007,22,300.75000000000017,0.375
NC,Campfire,2008,11,103.25,0.25
NC,Campfire,2009,39,150.6999999999999,0.3
NC,Campfire,2010,48,88.50000000000001,0.225
NC,Campfire,2011,53,245.5999999999998,0.1
NC,Campfire,2012,56,442.4000000000001,0.5
NC,Campfire,2013,48,2856.1499999999987,0.3
NC,Campfire,2014,54,117.6499999999999,0.5
NC,Campfire,2015,29,56.43000000000002,0.33
NC,Children,1992,437,836.7000000000023,1.0
NC,Children,1993,428,979.4000000000035,1.0
NC,Children,1994,502,795.7000000000032,0.45
NC,Children,1995,548,833.9000000000035,0.75
NC,Children,1996,415,734.9000000000035,0.4
NC,Children,1997,464,643.1000000000025,0.3
NC,Children,1998,377,546.3000000000015,0.3
NC,Children,1999,383,1202.699999999994,0.3
NC,Children,2000,435,749.6000000000022,0.3
NC,Children,2001,722,1169.8999999999942,0.3
NC,Children,2002,485,713.1000000000026,0.5
NC,Children,2003,147,229.19999999999976,0.2
NC,Children,2004,322,616.3000000000012,0.35
NC,Children,2005,308,742.8000000000015,0.5
NC,Children,2006,384,473.00000000000085,0.3
NC,Children,2007,2,2419.0,1209.5
NC,Children,2008,2,27.0,13.5
NC,Children,2009,236,289.5999999999997,0.2
NC,Children,2010,268,311.8999999999999,0.3
NC,Children,2011,6,12.2,0.5
NC,Children,2012,218,227.99999999999972,0.2
NC,Children,2013,187,240.89999999999964,0.2
NC,Children,2014,202,150.59999999999974,0.2
NC,Children,2015,130,160.91999999999982,0.2
NC,Debris Burning,1992,2311,9510.700000000154,1.0
NC,Debris Burning,1993,1690,8750.900000000081,1.0
NC,Debris Burning,1994,2458,6393.200000000071,1.0
NC,Debris Burning,1995,2144,5572.700000000059,1.0
NC,Debris Burning,1996,1836,6585.100000000042,1.0
NC,Debris Burning,1997,1882,6242.90000000004,1.0
NC,Debris Burning,1998,1745,4990.3000000000275,1.0
NC,Debris Burning,1999,1734,6262.300000000014,0.8
NC,Debris Burning,2000,2014,10030.50000000007,0.8
NC,Debris Burning,2001,3212,11054.600000000073,1.0
NC,Debris Burning,2002,2228,9719.900000000096,1.0
NC,Debris Burning,2003,867,2072.599999999992,0.5
NC,Debris Burning,2004,2008,5716.650000000025,0.8
NC,Debris Burning,2005,1673,5592.900010000004,1.0
NC,Debris Burning,2006,2092,8436.450000000026,0.5
NC,Debris Burning,2007,100,3442.5999999999985,1.0
NC,Debris Burning,2008,57,703.8500000000001,3.0
NC,Debris Burning,2009,1317,5150.2,0.5
NC,Debris Burning,2010,1646,4454.949999999988,0.5
NC,Debris Burning,2011,42,257.5,1.0
NC,Debris Burning,2012,1209,4253.34999999999,0.5
NC,Debris Burning,2013,1433,2929.6499999999855,0.5
NC,Debris Burning,2014,2211,4566.249999999998,0.5
NC,Debris Burning,2015,1111,2680.3999999999896,0.4
NC,Equipment Use,1992,382,1306.599999999998,1.0
NC,Equipment Use,1993,353,1227.9999999999989,1.0
NC,Equipment Use,1994,368,723.300000000001,1.0
NC,Equipment Use,1995,323,3030.8999999999883,1.0
NC,Equipment Use,1996,256,1573.6999999999973,0.8
NC,Equipment Use,1997,279,2118.9999999999955,1.0
NC,Equipment Use,1998,301,1688.5999999999958,0.5
NC,Equipment Use,1999,253,576.1000000000016,0.2
NC,Equipment Use,2000,439,4189.199999999985,0.5
NC,Equipment Use,2001,724,4042.2999999999856,0.5
NC,Equipment Use,2002,468,3258.299999999989,0.5
NC,Equipment Use,2003,202,3337.2999999999925,0.5
NC,Equipment Use,2004,373,1863.9999999999955,0.5
NC,Equipment Use,2005,332,2251.399999999999,0.6
NC,Equipment Use,2006,396,2103.2499999999973,0.3
NC,Equipment Use,2007,11,195.04999999999998,1.0
NC,Equipment Use,2008,13,14.7,1.0
NC,Equipment Use,2009,279,510.1000000000007,0.3
NC,Equipment Use,2010,424,1765.7999999999965,0.2
NC,Equipment Use,2011,9,7.75,0.5
NC,Equipment Use,2012,385,1240.4999999999968,0.2
NC,Equipment Use,2013,341,803.4500000000043,0.2
NC,Equipment Use,2014,455,1366.4999999999914,0.2
NC,Equipment Use,2015,245,372.5299999999993,0.1
NC,Fireworks,1992,1,0.1,0.1
NC,Fireworks,1993,1,3.0,3.0
NC,Fireworks,1994,1,0.1,0.1
NC,Fireworks,1995,4,3.0,0.2
NC,Fireworks,1996,2,1.9000000000000001,0.9500000000000001
NC,Fireworks,1997,1,0.3,0.3
NC,Fireworks,1998,2,0.30000000000000004,0.15000000000000002
NC,Fireworks,1999,1,0.1,0.1
NC,Fireworks,2000,1,0.5,0.5
NC,Fireworks,2001,1,0.1,0.1
NC,Fireworks,2003,3,0.30000000000000004,0.1
NC,Fireworks,2004,2,0.4,0.2
NC,Fireworks,2006,2,0.4,0.2
NC,Fireworks,2007,3,2.0,0.5
NC,Fireworks,2008,1,0.5,0.5
NC,Fireworks,2009,57,64.10000000000005,0.2
NC,Fireworks,2010,51,68.69999999999995,0.2
NC,Fireworks,2012,29,303.0000000000002,0.1
NC,Fireworks,2013,19,10.299999999999999,0.2
NC,Fireworks,2014,34,40.100000000000016,0.2
NC,Fireworks,2015,24,63.43000000000001,0.155
NC,Lightning,1992,66,1802.8999999999983,1.0
NC,Lightning,1993,219,5269.800000000007,1.0
NC,Lightning,1994,97,2544.7999999999984,1.0
NC,Lightning,1995,55,521.0,1.0
NC,Lightning,1996,49,1427.7000000000003,0.1
NC,Lightning,1997,140,1069.8,0.6
NC,Lightning,1998,100,1796.4999999999977,0.5
NC,Lightning,1999,85,2895.9999999999977,1.0
NC,Lightning,2000,60,610.8000000000005,1.75
NC,Lightning,2001,85,309.4000000000004,0.5
NC,Lightning,2002,265,2240.1999999999957,1.0
NC,Lightning,2003,13,187.59999999999997,1.0
NC,Lightning,2004,35,184.49999999999997,0.5
NC,Lightning,2005,53,473.90000000000026,1.0
NC,Lightning,2006,106,1748.7999899999993,1.0
NC,Lightning,2007,25,6868.100000000001,5.0
NC,Lightning,2008,33,42115.799999999996,4.0
NC,Lightning,2009,63,3758.6499999999974,0.5
NC,Lightning,2010,77,1073.9000000000005,0.5
NC,Lightning,2011,38,82184.65,1.5
NC,Lightning,2012,139,1000.8500000000014,0.5
NC,Lightning,2013,25,278.3000000000003,0.1
NC,Lightning,2014,58,869.5000000000007,0.2
NC,Lightning,2015,48,2906.229999999999,1.15
NC,Miscellaneous,1992,584,1092.3000000000013,1.0
NC,Miscellaneous,1993,575,1897.0999999999885,0.4
NC,Miscellaneous,1994,622,1958.399999999986,1.0
NC,Miscellaneous,1995,540,1371.6999999999891,0.35
NC,Miscellaneous,1996,505,960.9000000000035,0.4
NC,Miscellaneous,1997,467,629.5000000000027,0.3
NC,Miscellaneous,1998,492,881.500000000004,0.3
NC,Miscellaneous,1999,546,2025.199999999989,0.3
NC,Miscellaneous,2000,620,2081.1999999999916,0.5
NC,Miscellaneous,2001,990,2819.599999999982,0.5
NC,Miscellaneous,2002,742,2436.399999999978,0.5
NC,Miscellaneous,2003,309,575.0000000000009,0.3
NC,Miscellaneous,2004,628,1440.5499999999931,0.5
NC,Miscellaneous,2005,556,1713.9499999999987,0.3
NC,Miscellaneous,2006,697,2371.549999999991,0.3
NC,Miscellaneous,2007,56,918.2500000000002,2.0
NC,Miscellaneous,2008,31,2331.2,2.0
NC,Miscellaneous,2009,475,1081.850000000004,0.2
NC,Miscellaneous,2010,555,1274.7499999999998,0.2
NC,Miscellaneous,2011,70,293.08000000000015,0.5
NC,Miscellaneous,2012,657,23486.049999999632,0.2
NC,Miscellaneous,2013,559,997.2500000000059,0.2
NC,Miscellaneous,2014,710,1465.3999999999926,0.2
NC,Miscellaneous,2015,474,1030.8300000000015,0.2
NC,Missing/Undefined,1999,2,255.0,127.5
NC,Missing/Undefined,2002,1,375.0,375.0
NC,Missing/Undefined,2004,1,1500.0,1500.0
NC,Missing/Undefined,2006,3,1252.0,337.0
NC,Missing/Undefined,2007,6982,34904.29999999958,0.5
NC,Missing/Undefined,2008,4181,36093.30000999864,0.5
NC,Missing/Undefined,2010,12,405.3,1.5
NC,Missing/Undefined,2011,5173,26175.40000000001,0.5
NC,Missing/Undefined,2012,11,41.20000000000001,0.1
NC,Missing/Undefined,2013,10,167.79999999999998,0.2
NC,Missing/Undefined,2014,9,1834.4,0.2
NC,Missing/Undefined,2015,12,2100.51,132.0
NC,Powerline,1992,2,0.6,0.3
NC,Powerline,1993,3,10.2,0.1
NC,Powerline,1994,1,0.1,0.1
NC,Powerline,1995,2,0.30000000000000004,0.15000000000000002
NC,Powerline,1996,1,2.5,2.5
NC,Powerline,1997,1,3.0,3.0
NC,Powerline,1998,1,13.2,13.2
NC,Powerline,1999,3,37.2,5.0
NC,Powerline,2000,1,145.0,145.0
NC,Powerline,2004,1,1.4,1.4
NC,Powerline,2005,1,0.2,0.2
NC,Powerline,2006,2,1.3,0.65
NC,Powerline,2007,1,0.1,0.1
NC,Powerline,2008,3,1.2000000000000002,0.1
NC,Powerline,2009,2,2307.3,1153.65
NC,Powerline,2010,1,0.3,0.3
NC,Powerline,2012,1,1.1,1.1
NC,Powerline,2013,1,7.5,7.5
NC,Powerline,2014,4,1.95,0.425
NC,Powerline,2015,64,34.57999999999999,0.11
NC,Railroad,1992,56,116.69999999999999,1.0
NC,Railroad,1993,56,589.5000000000006,1.0
NC,Railroad,1994,61,111.69999999999997,1.0
NC,Railroad,1995,48,113.1999999999999,1.0
NC,Railroad,1996,80,605.8000000000003,0.5
NC,Railroad,1997,85,190.7,1.0
NC,Railroad,1998,61,200.59999999999997,0.5
NC,Railroad,1999,55,125.99999999999996,0.5
NC,Railroad,2000,113,733.3000000000008,0.5
NC,Railroad,2001,117,533.6000000000005,0.5
NC,Railroad,2002,62,96.69999999999997,0.5
NC,Railroad,2003,16,24.599999999999994,0.25
NC,Railroad,2004,36,65.00000000000001,0.5
NC,Railroad,2005,46,74.6,0.5
NC,Railroad,2006,48,177.29999999999995,1.0
NC,Railroad,2007,1,0.5,0.5
NC,Railroad,2008,3,65.25,20.0
NC,Railroad,2009,28,407.00000000000017,0.45
NC,Railroad,2010,26,515.1000000000001,1.0
NC,Railroad,2011,3,18.2,3.8
NC,Railroad,2012,37,129.29999999999998,0.2
NC,Railroad,2013,13,52.500000000000014,0.5
NC,Railroad,2014,30,84.99999999999999,0.5
NC,Railroad,2015,1,1.0,1.0
NC,Smoking,1992,614,1262.999999999997,1.0
NC,Smoking,1993,392,873.7000000000021,1.0
NC,Smoking,1994,468,995.9000000000034,1.0
NC,Smoking,1995,456,692.1000000000034,0.3
NC,Smoking,1996,299,665.9000000000016,0.6
NC,Smoking,1997,270,353.60000000000076,0.4
NC,Smoking,1998,302,633.2000000000015,0.5
NC,Smoking,1999,281,697.2000000000016,0.5
NC,Smoking,2000,355,1090.7999999999954,0.3
NC,Smoking,2001,689,1349.0999999999929,0.5
NC,Smoking,2002,370,1517.0999999999956,0.5
NC,Smoking,2003,122,123.49999999999984,0.3
NC,Smoking,2004,245,707.1000000000016,0.3
NC,Smoking,2005,276,716.7000000000011,0.5
NC,Smoking,2006,331,710.7500000000008,0.3
NC,Smoking,2007,4,200.29999999999998,0.1
NC,Smoking,2008,7,3.3000000000000003,0.25
NC,Smoking,2009,181,568.1000000000013,0.3
NC,Smoking,2010,165,651.7000000000002,0.3
NC,Smoking,2011,3,0.5,0.1
NC,Smoking,2012,88,47.00000000000002,0.2
NC,Smoking,2013,100,73.29999999999998,0.2
NC,Smoking,2014,90,132.39999999999992,0.2
NC,Smoking,2015,56,65.39000000000001,0.115
NC,Structure,1997,1,0.1,0.1
NC,Structure,2001,1,0.1,0.1
NC,Structure,2003,1,1.3,1.3
NC,Structure,2008,1,0.1,0.1
NC,Structure,2010,1,0.3,0.3
NC,Structure,2013,2,0.4,0.2
NC,Structure,2014,2,81.1,40.55
NC,Structure,2015,9,2.6599999999999993,0.17
ND,Arson,1992,69,578.4,2.0
ND,Arson,1993,120,758.4999999999999,1.0
ND,Arson,1994,133,961.0000000000002,1.0
ND,Arson,1995,97,264.6,1.0
ND,Arson,1996,216,2599.5999999999995,2.0
ND,Arson,1997,180,703.0,1.0
ND,Arson,1998,224,2526.7999999999997,0.5
ND,Arson,1999,274,3856.099999999999,0.5
ND,Arson,2000,345,1348.0999999999997,1.0
ND,Arson,2001,260,1361.3999999999999,1.0
ND,Arson,2002,403,20098.399999999994,1.0
ND,Arson,2003,406,4647.6,1.0
ND,Arson,2004,441,1976.9999999999998,1.0
ND,Arson,2005,433,4091.899999999999,1.0
ND,Arson,2006,688,5664.099999999998,1.0
ND,Arson,2007,531,7849.900000000004,1.0
ND,Arson,2008,310,3934.299999999998,1.0
ND,Arson,2009,244,380.5,1.0
ND,Arson,2010,260,813.8000000000012,1.0
ND,Arson,2011,175,537.4,1.0
ND,Arson,2012,507,3266.899999999991,1.0
ND,Arson,2013,261,2010.7000000000003,1.0
ND,Arson,2014,323,2393.999999999997,1.0
ND,Arson,2015,418,9289.900000000001,1.0
ND,Campfire,1992,7,92.39999999999998,0.1
ND,Campfire,1993,5,26.6,0.5
ND,Campfire,1994,14,32.400000000000006,0.65
ND,Campfire,1995,8,5.299999999999999,1.0
ND,Campfire,1996,13,31.800000000000004,0.3
ND,Campfire,1997,6,44.1,0.75
ND,Campfire,1998,8,3.9000000000000004,0.1
ND,Campfire,1999,7,22.700000000000003,1.0
ND,Campfire,2000,6,1262.9999999999998,3.0
ND,Campfire,2001,3,2.5,1.0
ND,Campfire,2002,19,603.6,0.2
ND,Campfire,2003,8,6063.900000000001,0.3
ND,Campfire,2004,12,1934.1,1.0
ND,Campfire,2005,16,325.2,1.5
ND,Campfire,2006,4,2.4000000000000004,0.15000000000000002
ND,Campfire,2007,4,4.2,0.3
ND,Campfire,2008,6,198.0,0.1
ND,Campfire,2009,8,2.0,0.1
ND,Campfire,2010,6,242.6,1.0
ND,Campfire,2011,5,498.40000000000003,0.1
ND,Campfire,2012,9,4056.1,1.0
ND,Campfire,2013,1,0.1,0.1
ND,Campfire,2014,1,0.1,0.1
ND,Campfire,2015,13,44.2,1.0
ND,Children,1992,48,638.4000000000002,1.0
ND,Children,1993,17,104.8,1.0
ND,Children,1994,41,271.3,1.0
ND,Children,1995,13,42.3,1.0
ND,Children,1996,22,46.1,0.25
ND,Children,1997,19,90.89999999999999,1.0
ND,Children,1998,25,52.30000000000002,0.5
ND,Children,1999,22,305.40000000000003,1.0
ND,Children,2000,18,187.39999999999998,1.0
ND,Children,2001,30,225.5,1.05
ND,Children,2002,37,212.59999999999994,0.5
ND,Children,2003,36,341.00000000000017,1.0
ND,Children,2004,33,483.7,1.0
ND,Children,2005,44,67.50000000000001,1.0
ND,Children,2006,31,52.80000000000001,0.3
ND,Children,2007,10,10.899999999999999,0.8
ND,Children,2008,24,725.3,0.25
ND,Children,2009,4,5.6,0.55
ND,Children,2010,7,3.3000000000000003,0.2
ND,Children,2011,7,4.4,0.1
ND,Children,2012,21,15.299999999999997,0.3
ND,Children,2013,6,16.2,0.2
ND,Children,2014,9,8.199999999999998,0.1
ND,Children,2015,8,825.5,0.6
ND,Debris Burning,1992,103,792.3,2.0
ND,Debris Burning,1993,91,1830.8000000000002,5.0
ND,Debris Burning,1994,100,3433.6,2.0
ND,Debris Burning,1995,67,792.5,1.5
ND,Debris Burning,1996,98,565.9000000000003,1.9
ND,Debris Burning,1997,85,1773.2,2.3
ND,Debris Burning,1998,72,2092.3999999999996,1.1
ND,Debris Burning,1999,97,55002.69999999999,2.1
ND,Debris Burning,2000,81,1618.8999999999999,2.5
ND,Debris Burning,2001,107,1870.0000000000002,1.5
ND,Debris Burning,2002,128,2762.0999999999995,1.5
ND,Debris Burning,2003,94,3556.5000000000005,1.1
ND,Debris Burning,2004,75,837.6000000000003,1.0
ND,Debris Burning,2005,98,1583.1000000000001,1.5
ND,Debris Burning,2006,52,3664.8,3.1
ND,Debris Burning,2007,100,3502.7999999999997,1.2
ND,Debris Burning,2008,92,825.4000000000001,0.55
ND,Debris Burning,2009,38,109.09999999999998,1.0
ND,Debris Burning,2010,43,93.69999999999999,1.0
ND,Debris Burning,2011,27,220.2,0.7
ND,Debris Burning,2012,100,2217.2599999999993,1.0
ND,Debris Burning,2013,73,2543.3199999999993,2.0
ND,Debris Burning,2014,41,731.0500000000001,1.0
ND,Debris Burning,2015,184,3162.2,2.0
ND,Equipment Use,1992,20,118.29999999999998,1.0
ND,Equipment Use,1993,15,76.09999999999998,1.0
ND,Equipment Use,1994,16,402.6,1.75
ND,Equipment Use,1995,13,562.0,1.0
ND,Equipment Use,1996,9,55.2,1.0
ND,Equipment Use,1997,15,498.1,0.5
ND,Equipment Use,1998,12,103.6,1.0
ND,Equipment Use,1999,16,89.5,0.35
ND,Equipment Use,2000,21,5052.4,2.0
ND,Equipment Use,2001,15,136.5,1.0
ND,Equipment Use,2002,17,111.5,1.0
ND,Equipment Use,2003,26,566.7,2.15
ND,Equipment Use,2004,20,6936.4,3.2
ND,Equipment Use,2005,82,3499.2,5.0
ND,Equipment Use,2006,47,675.0500000000001,1.7
ND,Equipment Use,2007,38,2591.43,1.0
ND,Equipment Use,2008,43,2929.6000000000004,1.5
ND,Equipment Use,2009,20,232.69999999999996,1.0
ND,Equipment Use,2010,16,608.0,1.0
ND,Equipment Use,2011,29,308.64,1.0
ND,Equipment Use,2012,85,5119.2,4.0
ND,Equipment Use,2013,44,350.23999999999995,1.0
ND,Equipment Use,2014,21,101.9,0.5
ND,Equipment Use,2015,100,7309.71,2.0
ND,Fireworks,1992,8,5.699999999999999,0.65
ND,Fireworks,1993,16,22.5,1.0
ND,Fireworks,1994,18,21.0,1.0
ND,Fireworks,1995,8,10.000000000000002,0.9
ND,Fireworks,1996,25,13.2,0.5
ND,Fireworks,1997,21,18.499999999999996,0.5
ND,Fireworks,1998,15,9.099999999999998,0.2
ND,Fireworks,1999,5,2.1999999999999997,0.2
ND,Fireworks,2000,11,6.0,0.1
ND,Fireworks,2001,14,38.0,1.05
ND,Fireworks,2002,29,483.6000000000001,0.5
ND,Fireworks,2003,28,16.799999999999997,0.1
ND,Fireworks,2004,38,37.90000000000001,0.75
ND,Fireworks,2005,16,10.299999999999999,0.75
ND,Fireworks,2006,124,147.39999999999975,0.3
ND,Fireworks,2007,15,19.0,1.0
ND,Fireworks,2008,57,99.6,1.0
ND,Fireworks,2009,33,21.400000000000013,0.3
ND,Fireworks,2010,39,51.20000000000002,0.2
ND,Fireworks,2011,15,10.1,1.0
ND,Fireworks,2012,81,42.60000000000005,0.2
ND,Fireworks,2013,38,41.40000000000003,0.15000000000000002
ND,Fireworks,2014,21,18.200000000000003,1.0
ND,Fireworks,2015,28,390.00000000000006,1.0
ND,Lightning,1992,9,643.6,9.4
ND,Lightning,1993,6,18.2,1.25
ND,Lightning,1994,15,510.7,1.0
ND,Lightning,1995,2,40.1,20.05
ND,Lightning,1996,8,338.70000000000005,5.0
ND,Lightning,1997,6,23.700000000000003,3.75
ND,Lightning,1998,26,1972.5,9.25
ND,Lightning,1999,7,141.39999999999998,1.8
ND,Lightning,2000,43,3648.9999999999995,5.0
ND,Lightning,2001,6,15.6,1.0
ND,Lightning,2002,25,16823.7,15.0
ND,Lightning,2003,22,2474.6000000000004,3.0
ND,Lightning,2004,21,1876.57,10.0
ND,Lightning,2005,26,125.6,1.0
ND,Lightning,2006,49,10622.2,2.7
ND,Lightning,2007,18,374.9700000000001,5.7
ND,Lightning,2008,29,2856.3999999999996,3.5
ND,Lightning,2009,8,178.25,1.5
ND,Lightning,2010,7,301.40000000000003,0.1
ND,Lightning,2011,17,143.44,3.0
ND,Lightning,2012,22,3835.799999999999,1.8
ND,Lightning,2013,10,35.31,1.0
ND,Lightning,2014,9,138.39999999999998,4.0
ND,Lightning,2015,27,744.4,2.0
ND,Miscellaneous,1992,126,3492.5999999999995,2.0
ND,Miscellaneous,1993,112,1072.7,1.5
ND,Miscellaneous,1994,156,6063.6,1.9
ND,Miscellaneous,1995,62,325.4000000000001,1.0
ND,Miscellaneous,1996,110,1045.9000000000005,1.0
ND,Miscellaneous,1997,117,2915.8,1.4
ND,Miscellaneous,1998,105,933.4000000000007,1.1
ND,Miscellaneous,1999,68,9406.300000000003,3.1
ND,Miscellaneous,2000,95,3529.6999999999994,2.0
ND,Miscellaneous,2001,113,2905.2999999999993,1.0
ND,Miscellaneous,2002,232,8502.899999999996,1.5
ND,Miscellaneous,2003,198,3193.199999999998,2.0
ND,Miscellaneous,2004,154,2301.199999999999,1.0
ND,Miscellaneous,2005,165,8620.7,1.8
ND,Miscellaneous,2006,52,279.69999999999993,1.0
ND,Miscellaneous,2007,144,4503.5999999999985,2.0
ND,Miscellaneous,2008,127,3495.9500000000016,1.0
ND,Miscellaneous,2009,45,2097.3999999999987,1.0
ND,Miscellaneous,2010,49,1615.0,1.0
ND,Miscellaneous,2011,78,2174.4000000000005,1.0
ND,Miscellaneous,2012,227,5701.6799999999985,1.0
ND,Miscellaneous,2013,73,391.89999999999986,1.0
ND,Miscellaneous,2014,75,434.1000000000005,1.0
ND,Miscellaneous,2015,159,2565.56,1.0
ND,Missing/Undefined,1992,1,3.0,3.0
ND,Missing/Undefined,1994,1,1.0,1.0
ND,Missing/Undefined,1995,1,5.0,5.0
ND,Missing/Undefined,1996,18,83.89999999999999,0.5
ND,Missing/Undefined,2000,1,300.0,300.0
ND,Missing/Undefined,2002,2,1345.0,672.5
ND,Missing/Undefined,2003,3,1485.0,385.0
ND,Missing/Undefined,2004,5,1790.0,350.0
ND,Missing/Undefined,2005,9,360.0,20.0
ND,Missing/Undefined,2006,4,2550.5,375.0
ND,Missing/Undefined,2007,1,2.0,2.0
ND,Missing/Undefined,2008,25,14753.0,400.0
ND,Missing/Undefined,2009,7,271.1,11.0
ND,Missing/Undefined,2010,2,0.2,0.1
ND,Missing/Undefined,2011,5,2.4,0.1
ND,Missing/Undefined,2012,22,10561.2,30.7
ND,Missing/Undefined,2013,16,918.8000000000001,1.0
ND,Missing/Undefined,2014,6,63.0,2.5
ND,Missing/Undefined,2015,4,18.5,3.0
ND,Powerline,1995,1,0.4,0.4
ND,Powerline,1996,2,0.8,0.4
ND,Powerline,1999,1,1.0,1.0
ND,Powerline,2000,1,200.0,200.0
ND,Powerline,2003,3,6.6,1.5
ND,Powerline,2004,2,20.2,10.1
ND,Powerline,2005,2,16.0,8.0
ND,Powerline,2006,6,14.7,0.75
ND,Powerline,2007,1,1.0,1.0
ND,Powerline,2008,4,25.200000000000003,0.55
ND,Powerline,2009,4,4.0,1.0
ND,Powerline,2010,2,2.0,1.0
ND,Powerline,2011,4,22.0,3.0
ND,Powerline,2012,3,5.3,0.2
ND,Powerline,2013,8,372.57,0.65
ND,Powerline,2015,14,481.30000000000007,1.5
ND,Railroad,1994,1,2.0,2.0
ND,Railroad,1996,1,8.0,8.0
ND,Railroad,1997,1,132.0,132.0
ND,Railroad,2000,2,1002.0,501.0
ND,Railroad,2001,1,1.0,1.0
ND,Railroad,2003,1,105.0,105.0
ND,Railroad,2004,2,30.22,15.11
ND,Railroad,2005,1,3.0,3.0
ND,Railroad,2007,1,0.2,0.2
ND,Railroad,2009,2,8.81,4.405
ND,Railroad,2010,1,23.0,23.0
ND,Railroad,2011,5,126.7,2.0
ND,Railroad,2012,7,6883.85,4.0
ND,Railroad,2013,2,2.25,1.125
ND,Railroad,2014,1,15.6,15.6
ND,Railroad,2015,15,317.1,3.0
ND,Smoking,1992,3,9.0,3.0
ND,Smoking,1993,2,11.5,5.75
ND,Smoking,1994,2,1.1,0.55
ND,Smoking,1996,4,2.7,0.3
ND,Smoking,1997,2,2.5,1.25
ND,Smoking,1998,5,66.1,7.0
ND,Smoking,1999,5,2168.1,2.0
ND,Smoking,2000,3,15.2,5.0
ND,Smoking,2001,4,11.5,1.75
ND,Smoking,2002,8,1863.8,33.0
ND,Smoking,2003,5,5.2,1.0
ND,Smoking,2004,5,3.3000000000000003,1.0
ND,Smoking,2005,7,19.5,1.0
ND,Smoking,2006,2,34.5,17.25
ND,Smoking,2008,2,61.1,30.55
ND,Smoking,2012,11,14.6,1.0
ND,Smoking,2013,2,1.1,0.55
ND,Smoking,2015,18,617.4000000000001,1.0
ND,Structure,1992,2,0.2,0.1
ND,Structure,1993,2,2.2,1.1
ND,Structure,1994,4,43.0,1.0
ND,Structure,1996,1,10.0,10.0
ND,Structure,1997,1,2.0,2.0
ND,Structure,1999,4,2.2,0.55
ND,Structure,2002,7,12.399999999999999,0.5
ND,Structure,2003,5,38.800000000000004,0.5
ND,Structure,2004,11,21.700000000000003,1.0
ND,Structure,2005,4,4.1,1.0
ND,Structure,2006,2,0.2,0.1
ND,Structure,2007,2,0.8999999999999999,0.44999999999999996
ND,Structure,2008,4,2.1999999999999997,0.44999999999999996
ND,Structure,2009,2,3.3000000000000003,1.6500000000000001
ND,Structure,2010,3,0.6000000000000001,0.2
ND,Structure,2011,6,1.2999999999999998,0.1
ND,Structure,2012,3,3.1,1.0
ND,Structure,2013,7,9.799999999999999,0.1
ND,Structure,2014,3,10.9,0.5
ND,Structure,2015,15,28.3,1.0
NE,Arson,1992,2,44.5,22.25
NE,Arson,1994,1,50.0,50.0
NE,Arson,1995,3,165.1,5.0
NE,Arson,1996,2,102.7,51.35
NE,Arson,1999,2,130.0,65.0
NE,Arson,2000,7,932.5,100.0
NE,Arson,2001,1,1.0,1.0
NE,Arson,2002,1,120.0,120.0
NE,Arson,2003,5,6.91,1.0
NE,Arson,2004,2,24.5,12.25
NE,Arson,2005,65,3426.8999999999996,5.0
NE,Arson,2006,28,392.1,2.0
NE,Arson,2007,34,508.1600000000002,1.0
NE,Arson,2008,15,60.11,3.0
NE,Arson,2009,24,449.86,7.5
NE,Arson,2010,17,451.9600000000001,1.0
NE,Arson,2011,26,644.3000000000001,2.0
NE,Arson,2012,41,3135.4360000000006,2.0
NE,Arson,2013,8,53.309999999999995,2.0
NE,Arson,2014,20,90.39999999999999,1.0
NE,Arson,2015,17,133.7,1.5
NE,Campfire,1992,1,0.1,0.1
NE,Campfire,1993,2,10.0,5.0
NE,Campfire,1994,2,42.5,21.25
NE,Campfire,1996,1,85.0,85.0
NE,Campfire,1997,1,80.0,80.0
NE,Campfire,1998,1,2.0,2.0
NE,Campfire,2000,3,44.0,2.0
NE,Campfire,2001,1,45.0,45.0
NE,Campfire,2002,9,2.0,0.1
NE,Campfire,2003,1,0.3,0.3
NE,Campfire,2004,1,16.0,16.0
NE,Campfire,2005,1,25.0,25.0
NE,Campfire,2006,1,0.01,0.01
NE,Campfire,2007,12,38.2,0.1
NE,Campfire,2008,19,1268.9599999999994,0.5
NE,Campfire,2009,8,10.209999999999999,0.5
NE,Campfire,2010,18,1102.7,1.0
NE,Campfire,2011,16,2878.2499999999995,1.0
NE,Campfire,2012,31,647.91,1.0
NE,Campfire,2013,4,1.61,0.3
NE,Campfire,2014,17,1225.74,0.5
NE,Campfire,2015,15,50.22,1.0
NE,Children,1992,1,141.9,141.9
NE,Children,1994,6,94.4,12.0
NE,Children,1995,2,7.0,3.5
NE,Children,1996,1,0.1,0.1
NE,Children,1997,3,7.0,1.0
NE,Children,1998,3,8.0,2.0
NE,Children,1999,2,31.0,15.5
NE,Children,2000,1,4.0,4.0
NE,Children,2003,1,30.0,30.0
NE,Children,2005,2,4.2,2.1
NE,Children,2007,3,0.7,0.1
NE,Children,2008,7,19.009999999999998,1.0
NE,Children,2009,19,312.55,10.0
NE,Children,2010,2,2.0,1.0
NE,Children,2011,30,477.3500000000001,3.0
NE,Children,2012,15,133.64999999999998,1.0
NE,Children,2013,3,11.1,1.0
NE,Children,2014,17,765.5000000000001,10.0
NE,Children,2015,33,2172.95,7.0
NE,Debris Burning,1992,8,167.8,1.0
NE,Debris Burning,1993,3,95.5,25.0
NE,Debris Burning,1994,9,94.0,10.0
NE,Debris Burning,1995,6,90.3,13.5
NE,Debris Burning,1996,16,1316.5,2.5
NE,Debris Burning,1997,4,106.0,11.5
NE,Debris Burning,1998,5,3659.3,11.0
NE,Debris Burning,1999,14,591.0,6.5
NE,Debris Burning,2000,7,68.0,3.0
NE,Debris Burning,2001,19,52.95,1.0
NE,Debris Burning,2002,24,648.7800000000001,8.25
NE,Debris Burning,2003,32,179.46,1.0
NE,Debris Burning,2004,24,711.6000000000001,2.0
NE,Debris Burning,2005,44,472.75,1.75
NE,Debris Burning,2006,16,263.07500000000005,2.0
NE,Debris Burning,2007,224,2315.341,1.0
NE,Debris Burning,2008,243,2728.555099999997,1.0
NE,Debris Burning,2009,340,5728.760000000001,2.0
NE,Debris Burning,2010,213,5743.290000000004,1.0
NE,Debris Burning,2011,292,4369.401000000001,1.0
NE,Debris Burning,2012,319,11862.105000000018,1.0
NE,Debris Burning,2013,179,3213.340999999999,1.1
NE,Debris Burning,2014,294,9621.462100000017,1.0
NE,Debris Burning,2015,218,5413.770000000009,2.0
NE,Equipment Use,1992,4,3.1,0.5
NE,Equipment Use,1993,2,30.5,15.25
NE,Equipment Use,1994,5,1462.0,230.0
NE,Equipment Use,1995,2,120.1,60.05
NE,Equipment Use,1996,1,0.1,0.1
NE,Equipment Use,1997,9,724.7,6.0
NE,Equipment Use,1998,1,250.0,250.0
NE,Equipment Use,1999,10,74902.9,3.25
NE,Equipment Use,2000,11,824.7710000000001,0.2
NE,Equipment Use,2001,11,652.051,2.0
NE,Equipment Use,2002,8,1251.6,13.5
NE,Equipment Use,2003,14,502.30000000000007,3.5
NE,Equipment Use,2004,18,1112.1299999999999,5.0
NE,Equipment Use,2005,21,697.0200000000001,2.0
NE,Equipment Use,2006,15,6332.3,10.0
NE,Equipment Use,2007,129,3089.404999999999,1.0
NE,Equipment Use,2008,86,1595.8900000000003,1.0
NE,Equipment Use,2009,96,2843.2799999999997,1.75
NE,Equipment Use,2010,148,3859.9999999999995,1.0
NE,Equipment Use,2011,177,9294.17000000001,2.0
NE,Equipment Use,2012,213,11221.670000000007,2.0
NE,Equipment Use,2013,70,1167.3799999999999,1.0
NE,Equipment Use,2014,115,2538.289999999999,2.0
NE,Equipment Use,2015,125,6952.810000000004,2.0
NE,Fireworks,1997,1,1.0,1.0
NE,Fireworks,2002,24,945.3,9.0
NE,Fireworks,2003,1,0.1,0.1
NE,Fireworks,2005,1,0.4,0.4
NE,Fireworks,2006,2,2.0,1.0
NE,Fireworks,2008,1,288.0,288.0
NE,Fireworks,2009,10,42.07,0.175
NE,Fireworks,2010,8,15.209999999999999,0.5
NE,Fireworks,2011,15,78.54999999999997,0.2
NE,Fireworks,2012,57,140.5709999999999,0.25
NE,Fireworks,2013,17,49.99000000000001,0.25
NE,Fireworks,2014,19,33.07,1.0
NE,Fireworks,2015,10,178.45,0.75
NE,Lightning,1992,6,512.3000000000001,1.05
NE,Lightning,1993,7,34.300000000000004,2.0
NE,Lightning,1994,36,865.9000000000003,2.5
NE,Lightning,1995,31,9467.500000000002,20.0
NE,Lightning,1996,19,180.39999999999998,3.0
NE,Lightning,1997,26,240.49999999999997,0.5
NE,Lightning,1998,20,8175.8,4.0
NE,Lightning,1999,18,1819.2000000000003,3.95
NE,Lightning,2000,56,112871.20000000003,32.5
NE,Lightning,2001,22,1650.7999999999997,1.0
NE,Lightning,2002,47,851.9000000000001,0.3
NE,Lightning,2003,29,671.3199999999999,0.5
NE,Lightning,2004,24,520.3199999999999,1.0
NE,Lightning,2005,16,361.6,6.5
NE,Lightning,2006,32,78172.67,1.7
NE,Lightning,2007,123,12499.580000000005,1.0
NE,Lightning,2008,59,772.32,1.0
NE,Lightning,2009,35,505.3510000000001,1.0
NE,Lightning,2010,35,3658.5999999999995,4.0
NE,Lightning,2011,39,1194.6999999999996,1.0
NE,Lightning,2012,247,296362.56999999995,10.0
NE,Lightning,2013,38,5668.850000000001,1.0
NE,Lightning,2014,44,1581.51,5.0
NE,Lightning,2015,21,23473.85,10.0
NE,Miscellaneous,1995,3,7.199999999999999,0.1
NE,Miscellaneous,1996,4,6.6,1.75
NE,Miscellaneous,1997,3,0.30000000000000004,0.1
NE,Miscellaneous,1998,3,124.0,4.0
NE,Miscellaneous,1999,2,41.1,20.55
NE,Miscellaneous,2000,5,47.1,3.0
NE,Miscellaneous,2001,10,12.001,0.5
NE,Miscellaneous,2002,12,5108.7300000000005,1.0
NE,Miscellaneous,2003,67,1213.1099999999994,1.0
NE,Miscellaneous,2004,97,1211.02,3.0
NE,Miscellaneous,2005,24,1437.75,3.0
NE,Miscellaneous,2006,23,3890.0499999999997,2.0
NE,Miscellaneous,2007,222,1545.078499999998,0.25
NE,Miscellaneous,2008,126,890.5651000000008,0.5
NE,Miscellaneous,2009,109,906.4400000000005,1.0
NE,Miscellaneous,2010,106,1744.7199999999996,1.0
NE,Miscellaneous,2011,127,6021.350000000013,0.5
NE,Miscellaneous,2012,218,7888.847000000005,1.0
NE,Miscellaneous,2013,58,276.1799999999999,0.275
NE,Miscellaneous,2014,107,2468.210099999999,1.0
NE,Miscellaneous,2015,98,3579.02,1.0
NE,Missing/Undefined,1994,2,3780.0,1890.0
NE,Missing/Undefined,1995,4,45700.0,5350.0
NE,Missing/Undefined,1996,1,5000.0,5000.0
NE,Missing/Undefined,1997,2,7900.0,3950.0
NE,Missing/Undefined,1998,1,1500.0,1500.0
NE,Missing/Undefined,1999,7,40250.0,2830.0
NE,Missing/Undefined,2008,1,0.1,0.1
NE,Missing/Undefined,2011,1,7000.0,7000.0
NE,Missing/Undefined,2012,3,3144.3,637.0
NE,Missing/Undefined,2014,1,2.0,2.0
NE,Missing/Undefined,2015,2,1888.0,944.0
NE,Powerline,2000,2,2.1,1.05
NE,Powerline,2001,1,0.05,0.05
NE,Powerline,2002,1,150.0,150.0
NE,Powerline,2003,4,503.0,1.0
NE,Powerline,2004,1,0.1,0.1
NE,Powerline,2005,2,55.0,27.5
NE,Powerline,2006,3,0.30000000000000004,0.1
NE,Powerline,2009,32,121.82999999999998,1.0
NE,Powerline,2010,38,6644.760000000004,1.0
NE,Powerline,2011,55,6484.261000000002,1.0
NE,Powerline,2013,17,54.81,1.0
NE,Powerline,2014,56,810.405,1.0
NE,Powerline,2015,36,319.25999999999993,0.5
NE,Railroad,1994,1,0.1,0.1
NE,Railroad,2000,3,3.1,1.0
NE,Railroad,2001,5,4.0,0.625
NE,Railroad,2002,3,3.5,0.5
NE,Railroad,2003,4,7.35,1.125
NE,Railroad,2004,1,6.4,6.4
NE,Railroad,2006,2,10.0,5.0
NE,Railroad,2007,51,586.235,1.0
NE,Railroad,2008,34,122.55999999999997,0.875
NE,Railroad,2009,20,157.5,2.0
NE,Railroad,2010,16,89.54999999999998,1.0
NE,Railroad,2011,41,193.49999999999997,1.0
NE,Railroad,2012,39,1052.5899999999995,1.0
NE,Railroad,2013,22,37.22,1.0
NE,Railroad,2014,23,222.295,0.25
NE,Railroad,2015,13,16.95,1.0
NE,Smoking,1992,3,357.40000000000003,59.6
NE,Smoking,1993,3,3.2,0.1
NE,Smoking,1994,18,480.59999999999997,7.5
NE,Smoking,1995,5,200.6,40.0
NE,Smoking,1996,14,1586.9,10.0
NE,Smoking,1997,8,9070.0,11.0
NE,Smoking,1998,9,391.0,10.0
NE,Smoking,1999,20,785.3,3.45
NE,Smoking,2000,19,1297.23,10.0
NE,Smoking,2001,7,55.7,2.0
NE,Smoking,2002,54,1013.2500000000001,9.0
NE,Smoking,2003,3,202.5,1.5
NE,Smoking,2004,1,50.0,50.0
NE,Smoking,2005,1,0.5,0.5
NE,Smoking,2007,24,116.125,0.5
NE,Smoking,2008,20,38.75000000000001,0.5
NE,Smoking,2009,22,108.69999999999999,1.0
NE,Smoking,2010,9,20.900000000000002,1.0
NE,Smoking,2011,13,424.8,1.0
NE,Smoking,2012,40,518.71,1.0
NE,Smoking,2013,7,13.299999999999999,1.0
NE,Smoking,2014,10,854.15,0.375
NE,Smoking,2015,11,15.819999999999999,0.3
NH,Arson,1992,7,7.0,1.0
NH,Arson,1993,10,11.583,0.75
NH,Arson,1994,10,34.617,1.455
NH,Arson,1995,9,12.74,0.94
NH,Arson,1996,4,3.85,0.8
NH,Arson,1997,4,10.83,2.42
NH,Arson,1998,6,5.1,0.625
NH,Arson,2000,6,13.5,1.75
NH,Arson,2001,4,1.75,0.5
NH,Arson,2002,19,32.08,1.5
NH,Arson,2003,1,2.0,2.0
NH,Arson,2004,3,4.0,0.75
NH,Arson,2006,4,9.75,1.125
NH,Arson,2007,3,14.299999999999999,5.0
NH,Arson,2009,1,0.83,0.83
NH,Arson,2010,3,1.2000000000000002,0.1
NH,Arson,2012,4,1.1,0.25
NH,Arson,2013,2,0.35,0.175
NH,Arson,2014,2,0.017,0.0085
NH,Arson,2015,4,5.050000000000001,0.41500000000000004
NH,Campfire,1992,2,1.75,0.875
NH,Campfire,1993,30,37.309,1.0
NH,Campfire,1994,17,23.75,0.91
NH,Campfire,1995,28,32.503,0.5
NH,Campfire,1996,14,14.32,0.625
NH,Campfire,1997,11,14.1,1.0
NH,Campfire,1998,13,27.47,1.5
NH,Campfire,1999,3,15.9,2.5
NH,Campfire,2000,6,3.8,0.3
NH,Campfire,2001,15,8.3,0.1
NH,Campfire,2002,17,9.420000000000002,0.1
NH,Campfire,2003,4,5.85,1.375
NH,Campfire,2004,2,1.25,0.625
NH,Campfire,2005,4,4.5,1.0
NH,Campfire,2006,6,4.109999999999999,0.5
NH,Campfire,2007,9,6.77,0.25
NH,Campfire,2008,7,7.78,1.0
NH,Campfire,2009,3,0.75,0.25
NH,Campfire,2010,8,6.731,0.425
NH,Campfire,2011,1,2.2,2.2
NH,Campfire,2012,5,2.121,0.5
NH,Campfire,2013,9,1.2700000000000002,0.1
NH,Campfire,2014,13,0.8100000000000002,0.025
NH,Campfire,2015,18,28.970000000000006,0.15000000000000002
NH,Children,1992,21,22.273,1.0
NH,Children,1993,25,30.988999999999997,0.91
NH,Children,1994,19,20.503999999999998,1.0
NH,Children,1995,46,58.763000000000005,0.96
NH,Children,1996,12,15.844,0.75
NH,Children,1997,8,7.12,0.625
NH,Children,1998,32,32.92,0.75
NH,Children,2000,5,6.83,0.5
NH,Children,2001,20,34.92,1.0
NH,Children,2002,7,5.25,0.5
NH,Children,2003,3,8.0,0.5
NH,Children,2004,2,1.0,0.5
NH,Children,2005,10,17.0,1.0
NH,Children,2006,8,16.082,1.016
NH,Children,2007,11,39.75,1.0
NH,Children,2008,9,5.91,0.5
NH,Children,2009,5,18.8,1.0
NH,Children,2010,3,3.35,0.5
NH,Children,2012,4,1.525,0.375
NH,Children,2013,1,0.25,0.25
NH,Children,2014,2,0.195,0.0975
NH,Children,2015,3,2.55,0.03
NH,Debris Burning,1992,31,53.242,1.0
NH,Debris Burning,1993,22,16.063,0.5
NH,Debris Burning,1994,23,20.44,0.5
NH,Debris Burning,1995,31,40.25,0.5
NH,Debris Burning,1996,13,12.3,0.75
NH,Debris Burning,1997,23,21.55,0.46
NH,Debris Burning,1998,25,15.02,0.5
NH,Debris Burning,2000,25,29.79,0.5
NH,Debris Burning,2001,20,17.09,0.5
NH,Debris Burning,2002,18,12.58,0.5
NH,Debris Burning,2003,18,23.0,1.0
NH,Debris Burning,2004,22,20.25,0.5
NH,Debris Burning,2005,43,56.16,1.0
NH,Debris Burning,2006,36,77.94500000000001,0.6
NH,Debris Burning,2007,22,15.0,0.25
NH,Debris Burning,2008,18,18.5,0.625
NH,Debris Burning,2009,18,25.407999999999998,0.915
NH,Debris Burning,2010,35,8.607000000000003,0.003
NH,Debris Burning,2012,10,5.96,0.5
NH,Debris Burning,2013,51,13.709999999999992,0.17
NH,Debris Burning,2014,51,5.635999999999998,0.025
NH,Debris Burning,2015,52,31.760000000000026,0.03
NH,Equipment Use,1992,4,4.459,1.25
NH,Equipment Use,1993,2,2.25,1.125
NH,Equipment Use,1994,5,3.33,0.5
NH,Equipment Use,1995,6,6.959,1.25
NH,Equipment Use,1996,1,2.0,2.0
NH,Equipment Use,1997,3,2.08,0.75
NH,Equipment Use,1998,12,21.11,0.75
NH,Equipment Use,2000,3,5.25,2.0
NH,Equipment Use,2001,7,27.75,4.0
NH,Equipment Use,2003,3,4.75,2.0
NH,Equipment Use,2004,2,1.92,0.96
NH,Equipment Use,2005,4,3.76,0.88
NH,Equipment Use,2006,1,0.5,0.5
NH,Equipment Use,2007,1,0.3,0.3
NH,Equipment Use,2008,2,1.25,0.625
NH,Equipment Use,2009,5,7.5,1.0
NH,Equipment Use,2010,5,2.8200000000000003,0.2
NH,Equipment Use,2012,3,1.8,0.5
NH,Equipment Use,2013,3,0.94,0.25
NH,Equipment Use,2014,5,6.11,1.0
NH,Equipment Use,2015,6,11.439999999999998,0.065
NH,Fireworks,2001,1,1.0,1.0
NH,Fireworks,2013,1,0.02,0.02
NH,Fireworks,2014,1,0.11,0.11
NH,Fireworks,2015,1,3.0,3.0
NH,Lightning,1993,2,9.18,4.59
NH,Lightning,1994,2,7.25,3.625
NH,Lightning,1995,10,16.3,0.625
NH,Lightning,1996,7,7.4,0.2
NH,Lightning,1997,4,8.75,1.75
NH,Lightning,1998,8,9.25,0.5
NH,Lightning,1999,1,0.2,0.2
NH,Lightning,2000,3,3.75,1.5
NH,Lightning,2001,4,4.1,0.9
NH,Lightning,2002,15,21.07,1.5
NH,Lightning,2003,2,0.73,0.365
NH,Lightning,2004,1,0.5,0.5
NH,Lightning,2007,4,2.7,0.75
NH,Lightning,2008,6,7.25,1.0
NH,Lightning,2010,3,0.759,0.25
NH,Lightning,2012,6,3.0549999999999997,0.0625
NH,Lightning,2014,1,0.01,0.01
NH,Lightning,2015,3,17.85,0.25
NH,Miscellaneous,1992,28,55.63899999999999,1.0
NH,Miscellaneous,1993,30,39.911,0.96
NH,Miscellaneous,1994,36,64.61000000000001,1.0
NH,Miscellaneous,1995,48,122.41699999999999,0.5
NH,Miscellaneous,1996,18,21.39,0.5
NH,Miscellaneous,1997,26,42.05,0.7849999999999999
NH,Miscellaneous,1998,48,116.33,1.0
NH,Miscellaneous,1999,1,0.1,0.1
NH,Miscellaneous,2000,33,58.540000000000006,1.0
NH,Miscellaneous,2001,40,49.06000000000001,0.75
NH,Miscellaneous,2002,39,77.6,0.91
NH,Miscellaneous,2003,22,30.369999999999997,1.0
NH,Miscellaneous,2004,33,201.46,1.0
NH,Miscellaneous,2005,21,29.060000000000002,0.5
NH,Miscellaneous,2006,43,71.14199999999998,0.69
NH,Miscellaneous,2007,29,44.77,0.75
NH,Miscellaneous,2008,50,125.13000000000001,0.875
NH,Miscellaneous,2009,28,62.099999999999994,1.0
NH,Miscellaneous,2010,36,27.746999999999993,0.19
NH,Miscellaneous,2011,2,1.25,0.625
NH,Miscellaneous,2012,57,80.51199999999997,0.5
NH,Miscellaneous,2013,66,52.830000000000005,0.25
NH,Miscellaneous,2014,32,51.402,0.1
NH,Miscellaneous,2015,36,460.83,0.48
NH,Powerline,1998,3,6.09,0.75
NH,Powerline,2000,1,0.3,0.3
NH,Powerline,2001,3,1.59,0.34
NH,Powerline,2004,1,0.1,0.1
NH,Powerline,2009,1,0.75,0.75
NH,Powerline,2013,5,2.73,0.24
NH,Powerline,2014,11,7.8759999999999994,0.2
NH,Powerline,2015,4,5.5600000000000005,1.155
NH,Railroad,1992,1,1.0,1.0
NH,Railroad,1993,5,10.277999999999999,2.0
NH,Railroad,1994,5,10.0,1.0
NH,Railroad,1995,3,2.75,1.0
NH,Railroad,1996,3,8.0,1.5
NH,Railroad,1998,5,5.25,0.5
NH,Railroad,2000,2,4.25,2.125
NH,Railroad,2003,1,1.0,1.0
NH,Railroad,2006,2,100.25,50.125
NH,Railroad,2007,4,11.9,1.75
NH,Railroad,2008,2,1.25,0.625
NH,Railroad,2009,1,1.0,1.0
NH,Railroad,2010,1,0.2,0.2
NH,Railroad,2011,1,1.0,1.0
NH,Smoking,1992,13,19.308,1.0
NH,Smoking,1993,16,9.1,0.5
NH,Smoking,1994,16,22.733000000000004,0.8300000000000001
NH,Smoking,1995,14,16.359999999999996,0.39
NH,Smoking,1996,11,10.63,0.28
NH,Smoking,1997,6,1.6900000000000002,0.25
NH,Smoking,1998,19,18.48,0.5
NH,Smoking,2000,2,4.75,2.375
NH,Smoking,2001,7,5.5,0.5
NH,Smoking,2002,1,0.75,0.75
NH,Smoking,2003,2,13.85,6.925
NH,Smoking,2004,4,1.9,0.45
NH,Smoking,2005,6,4.25,0.375
NH,Smoking,2006,11,11.46,0.5
NH,Smoking,2007,12,10.0,0.375
NH,Smoking,2008,8,18.0,1.25
NH,Smoking,2009,6,4.647,0.875
NH,Smoking,2010,4,0.629,0.0635
NH,Smoking,2012,11,4.987000000000001,0.5
NH,Smoking,2013,9,13.419999999999998,0.1
NH,Smoking,2014,7,6.3,0.25
NH,Smoking,2015,12,24.630000000000006,0.25
NH,Structure,2000,1,1.5,1.5
NH,Structure,2001,3,1.75,0.5
NH,Structure,2015,1,0.03,0.03
NJ,Arson,1992,663,9453.0,0.25
NJ,Arson,1993,345,352.2,0.25
NJ,Arson,1994,555,1159.5,0.25
NJ,Arson,1995,778,20617.1,0.25
NJ,Arson,1996,347,536.25,0.25
NJ,Arson,1997,512,2981.25,0.25
NJ,Arson,1998,464,507.24,0.25
NJ,Arson,1999,598,1945.75,0.25
NJ,Arson,2000,385,893.75,0.25
NJ,Arson,2001,632,1831.35,0.25
NJ,Arson,2002,571,1255.15,0.25
NJ,Arson,2003,228,589.5,0.25
NJ,Arson,2004,238,137.25,0.25
NJ,Arson,2005,202,769.0,0.25
NJ,Arson,2006,333,437.75,0.25
NJ,Arson,2007,307,17523.25,0.25
NJ,Arson,2008,283,2514.0,0.25
NJ,Arson,2009,120,152.85,0.25
NJ,Arson,2010,189,174.5,0.25
NJ,Arson,2011,81,56.8,0.25
NJ,Arson,2012,152,2116.5,0.25
NJ,Arson,2013,133,669.25,0.25
NJ,Arson,2014,119,4309.25,0.25
NJ,Arson,2015,80,855.5,0.25
NJ,Campfire,1992,36,115.0,0.375
NJ,Campfire,1993,39,64.75,0.25
NJ,Campfire,1994,56,128.1,0.375
NJ,Campfire,1995,97,984.75,0.25
NJ,Campfire,1996,26,41.0,0.25
NJ,Campfire,1997,35,23.75,0.25
NJ,Campfire,1998,69,58.85,0.25
NJ,Campfire,1999,74,75.15,0.25
NJ,Campfire,2000,42,37.75,0.25
NJ,Campfire,2001,82,101.6,0.25
NJ,Campfire,2002,57,1312.25,0.25
NJ,Campfire,2003,37,74.25,0.25
NJ,Campfire,2004,44,26.5,0.25
NJ,Campfire,2005,60,51.75,0.25
NJ,Campfire,2006,64,80.35,0.25
NJ,Campfire,2007,83,76.8,0.25
NJ,Campfire,2008,78,52.05,0.25
NJ,Campfire,2009,50,39.8,0.25
NJ,Campfire,2010,78,580.75,0.25
NJ,Campfire,2011,16,6.75,0.25
NJ,Campfire,2012,84,61.95,0.25
NJ,Campfire,2013,70,132.95,0.25
NJ,Campfire,2014,60,54.55,0.25
NJ,Campfire,2015,65,64.75,0.25
NJ,Children,1992,221,175.25,0.25
NJ,Children,1993,117,46.5,0.25
NJ,Children,1994,278,187.5,0.25
NJ,Children,1995,325,247.995,0.25
NJ,Children,1996,138,71.0,0.25
NJ,Children,1997,228,160.75,0.25
NJ,Children,1998,234,115.0,0.25
NJ,Children,1999,255,173.25,0.25
NJ,Children,2000,158,245.0,0.25
NJ,Children,2001,258,115.75,0.25
NJ,Children,2002,173,69.5,0.25
NJ,Children,2003,150,75.5,0.25
NJ,Children,2004,166,52.75,0.25
NJ,Children,2005,189,81.25,0.25
NJ,Children,2006,233,168.75,0.25
NJ,Children,2007,188,125.0,0.25
NJ,Children,2008,206,103.75,0.25
NJ,Children,2009,95,31.75,0.25
NJ,Children,2010,170,62.0,0.25
NJ,Children,2011,31,10.25,0.25
NJ,Children,2012,135,78.5,0.25
NJ,Children,2013,101,65.0,0.25
NJ,Children,2014,73,47.5,0.25
NJ,Children,2015,70,39.75,0.25
NJ,Debris Burning,1992,67,175.75,0.25
NJ,Debris Burning,1993,36,20.5,0.25
NJ,Debris Burning,1994,56,67.75,0.25
NJ,Debris Burning,1995,56,57.001000000000005,0.25
NJ,Debris Burning,1996,28,13.5,0.25
NJ,Debris Burning,1997,50,109.75,0.25
NJ,Debris Burning,1998,51,36.25,0.25
NJ,Debris Burning,1999,68,66.75,0.25
NJ,Debris Burning,2000,47,379.25,0.25
NJ,Debris Burning,2001,46,36.85,0.25
NJ,Debris Burning,2002,29,40.0,0.5
NJ,Debris Burning,2003,19,12.25,0.25
NJ,Debris Burning,2004,30,11.75,0.25
NJ,Debris Burning,2005,44,25.25,0.25
NJ,Debris Burning,2006,51,26.0,0.25
NJ,Debris Burning,2007,38,115.25,0.25
NJ,Debris Burning,2008,37,15.25,0.25
NJ,Debris Burning,2009,15,16.75,0.25
NJ,Debris Burning,2010,19,9.25,0.25
NJ,Debris Burning,2011,5,1.25,0.25
NJ,Debris Burning,2012,42,25.25,0.25
NJ,Debris Burning,2013,33,95.5,0.25
NJ,Debris Burning,2014,38,32.5,0.25
NJ,Debris Burning,2015,44,62.25,0.25
NJ,Equipment Use,1992,46,39.25,0.25
NJ,Equipment Use,1993,37,44.25,0.25
NJ,Equipment Use,1994,51,55.0,0.25
NJ,Equipment Use,1995,67,53.75,0.25
NJ,Equipment Use,1996,50,78.0,0.25
NJ,Equipment Use,1997,88,114.75,0.25
NJ,Equipment Use,1998,75,118.8,0.25
NJ,Equipment Use,1999,137,12403.0,0.25
NJ,Equipment Use,2000,57,36.0,0.25
NJ,Equipment Use,2001,124,66.4,0.25
NJ,Equipment Use,2002,169,95.0,0.25
NJ,Equipment Use,2003,76,50.75,0.25
NJ,Equipment Use,2004,92,77.75,0.25
NJ,Equipment Use,2005,137,71.75,0.25
NJ,Equipment Use,2006,142,64.75,0.25
NJ,Equipment Use,2007,109,67.5,0.25
NJ,Equipment Use,2008,147,105.75,0.25
NJ,Equipment Use,2009,41,18.0,0.25
NJ,Equipment Use,2010,139,146.1,0.25
NJ,Equipment Use,2011,23,7.75,0.25
NJ,Equipment Use,2012,143,91.85,0.25
NJ,Equipment Use,2013,124,74.5,0.25
NJ,Equipment Use,2014,129,67.25,0.25
NJ,Equipment Use,2015,147,123.25,0.25
NJ,Fireworks,2009,14,3.75,0.25
NJ,Fireworks,2010,44,19.5,0.25
NJ,Lightning,1992,4,1.25,0.25
NJ,Lightning,1993,8,9.0,0.25
NJ,Lightning,1994,8,32.25,0.5
NJ,Lightning,1995,8,2.75,0.25
NJ,Lightning,1996,2,0.5,0.25
NJ,Lightning,1997,23,108.5,0.25
NJ,Lightning,1998,10,140.75,3.75
NJ,Lightning,1999,20,20.5,0.25
NJ,Lightning,2000,10,13.0,0.25
NJ,Lightning,2001,8,2.0,0.25
NJ,Lightning,2002,27,34.5,0.25
NJ,Lightning,2003,2,0.5,0.25
NJ,Lightning,2004,3,0.75,0.25
NJ,Lightning,2005,5,6.0,1.5
NJ,Lightning,2006,5,4.75,0.25
NJ,Lightning,2007,12,7.0,0.25
NJ,Lightning,2008,12,15.25,0.25
NJ,Lightning,2009,2,0.5,0.25
NJ,Lightning,2010,6,1661.75,47.25
NJ,Lightning,2011,4,0.85,0.25
NJ,Lightning,2012,11,251.0,0.25
NJ,Lightning,2013,3,1.0,0.25
NJ,Lightning,2014,5,1.25,0.25
NJ,Lightning,2015,10,29.25,0.25
NJ,Miscellaneous,1992,194,6578.45,0.25
NJ,Miscellaneous,1993,163,302.5,0.25
NJ,Miscellaneous,1994,185,489.75,0.25
NJ,Miscellaneous,1995,327,462.3,0.25
NJ,Miscellaneous,1996,121,136.85,0.25
NJ,Miscellaneous,1997,229,351.25,0.25
NJ,Miscellaneous,1998,287,228.8,0.25
NJ,Miscellaneous,1999,351,643.35,0.25
NJ,Miscellaneous,2000,173,204.75,0.25
NJ,Miscellaneous,2001,274,2113.75,0.25
NJ,Miscellaneous,2002,219,2903.1,0.25
NJ,Miscellaneous,2003,98,81.5,0.25
NJ,Miscellaneous,2004,152,142.3,0.25
NJ,Miscellaneous,2005,261,245.0,0.25
NJ,Miscellaneous,2006,396,1663.4,0.25
NJ,Miscellaneous,2007,253,148.3,0.25
NJ,Miscellaneous,2008,276,387.85,0.25
NJ,Miscellaneous,2009,161,253.2,0.25
NJ,Miscellaneous,2010,261,629.65,0.25
NJ,Miscellaneous,2011,64,50.35,0.25
NJ,Miscellaneous,2012,333,406.95,0.25
NJ,Miscellaneous,2013,286,219.35,0.25
NJ,Miscellaneous,2014,266,1299.0,0.25
NJ,Miscellaneous,2015,239,184.05,0.25
NJ,Missing/Undefined,1995,1,0.5,0.5
NJ,Missing/Undefined,1996,1,6.5,6.5
NJ,Missing/Undefined,1997,9,10.75,0.25
NJ,Missing/Undefined,1999,2,395.0,197.5
NJ,Missing/Undefined,2001,3,35.75,0.5
NJ,Missing/Undefined,2002,5,2.75,0.25
NJ,Missing/Undefined,2003,1,0.25,0.25
NJ,Missing/Undefined,2004,1,0.5,0.5
NJ,Missing/Undefined,2007,1,2450.0,2450.0
NJ,Missing/Undefined,2010,4,3430.0,470.0
NJ,Missing/Undefined,2012,11,4.95,0.5
NJ,Missing/Undefined,2014,6,3942.0,306.5
NJ,Missing/Undefined,2015,1,1012.0,1012.0
NJ,Powerline,1993,1,0.1,0.1
NJ,Powerline,1997,1,1.3,1.3
NJ,Powerline,1999,1,0.3,0.3
NJ,Powerline,2003,1,3.0,3.0
NJ,Powerline,2009,52,28.25,0.25
NJ,Powerline,2010,2,0.30000000000000004,0.15000000000000002
NJ,Railroad,1992,11,6.75,0.25
NJ,Railroad,1993,25,12.25,0.25
NJ,Railroad,1994,56,32.0,0.25
NJ,Railroad,1995,44,406.25,0.25
NJ,Railroad,1996,15,9.5,0.5
NJ,Railroad,1997,79,116.5,0.25
NJ,Railroad,1998,28,11.5,0.25
NJ,Railroad,1999,60,53.0,0.25
NJ,Railroad,2000,42,132.0,0.25
NJ,Railroad,2001,17,20.0,0.25
NJ,Railroad,2002,46,20.75,0.25
NJ,Railroad,2003,6,3.25,0.375
NJ,Railroad,2004,34,11.25,0.25
NJ,Railroad,2005,21,12.75,0.5
NJ,Railroad,2006,18,9.25,0.25
NJ,Railroad,2007,34,29.0,0.25
NJ,Railroad,2008,26,17.5,0.25
NJ,Railroad,2009,11,3.25,0.25
NJ,Railroad,2010,18,11.5,0.25
NJ,Railroad,2011,17,4.75,0.25
NJ,Railroad,2012,25,42.25,0.25
NJ,Railroad,2013,31,105.25,0.5
NJ,Railroad,2014,34,20.0,0.25
NJ,Railroad,2015,5,131.5,0.5
NJ,Smoking,1992,83,58.95,0.25
NJ,Smoking,1993,71,70.65,0.25
NJ,Smoking,1994,81,574.0,0.25
NJ,Smoking,1995,114,129.75,0.25
NJ,Smoking,1996,40,36.5,0.25
NJ,Smoking,1997,129,789.25,0.25
NJ,Smoking,1998,94,103.25,0.25
NJ,Smoking,1999,192,254.25,0.25
NJ,Smoking,2000,58,75.0,0.25
NJ,Smoking,2001,127,86.75,0.25
NJ,Smoking,2002,123,58.75,0.25
NJ,Smoking,2003,56,35.5,0.25
NJ,Smoking,2004,59,20.75,0.25
NJ,Smoking,2005,77,83.5,0.25
NJ,Smoking,2006,110,52.25,0.25
NJ,Smoking,2007,72,72.5,0.25
NJ,Smoking,2008,87,40.55,0.25
NJ,Smoking,2009,48,18.65,0.25
NJ,Smoking,2010,80,32.5,0.25
NJ,Smoking,2011,31,10.5,0.25
NJ,Smoking,2012,92,42.75,0.25
NJ,Smoking,2013,91,49.5,0.25
NJ,Smoking,2014,69,31.0,0.25
NJ,Smoking,2015,109,38.5,0.25
NJ,Structure,2009,5,1.5,0.25
NJ,Structure,2012,1,0.1,0.1
NM,Arson,1992,79,252.39999999999975,0.2
NM,Arson,1993,101,453.00000000000006,1.0
NM,Arson,1994,32,4483.6,1.5
NM,Arson,1995,31,700.1,1.1
NM,Arson,1996,39,898.0000000000001,0.5
NM,Arson,1997,39,288.99999999999994,0.3
NM,Arson,1998,23,5272.700000000003,1.0
NM,Arson,1999,36,5164.200000000006,0.1
NM,Arson,2000,88,29917.85,0.75
NM,Arson,2001,56,356.75,0.45
NM,Arson,2002,64,14886.950000000006,0.5
NM,Arson,2003,52,4184.4,0.275
NM,Arson,2004,37,151.79999999999995,0.5
NM,Arson,2005,83,26098.049999999996,0.2
NM,Arson,2006,102,4902.558000000002,0.15000000000000002
NM,Arson,2007,75,932.85,1.0
NM,Arson,2008,57,2467.8500000000004,0.3
NM,Arson,2009,60,11912.65,1.0
NM,Arson,2010,58,8184.450000000001,0.5
NM,Arson,2011,96,43585.06,0.5
NM,Arson,2012,78,1859.9699999999998,0.35
NM,Arson,2013,57,260.6499999999999,0.2
NM,Arson,2014,36,155.29999999999993,0.225
NM,Arson,2015,47,846.4500000000003,0.25
NM,Campfire,1992,67,609.6000000000004,0.2
NM,Campfire,1993,132,6118.500000000016,0.1
NM,Campfire,1994,100,67.50000000000006,0.1
NM,Campfire,1995,140,14396.100000000028,0.1
NM,Campfire,1996,79,17078.19999999997,0.1
NM,Campfire,1997,102,46.10000000000007,0.1
NM,Campfire,1998,118,179.59999999999954,0.1
NM,Campfire,1999,57,350.3000000000004,0.1
NM,Campfire,2000,74,1475.4500000000003,0.1
NM,Campfire,2001,67,4566.15000000001,0.1
NM,Campfire,2002,77,5258.650000000009,0.1
NM,Campfire,2003,49,2593.5600000000004,0.1
NM,Campfire,2004,50,5644.400000000008,0.1
NM,Campfire,2005,73,38.59999999999998,0.1
NM,Campfire,2006,54,55325.31499999999,0.1
NM,Campfire,2007,45,64.47,0.1
NM,Campfire,2008,46,17689.809999999998,0.1
NM,Campfire,2009,59,5727.100000000001,0.1
NM,Campfire,2010,102,1814.7399999999982,0.05
NM,Campfire,2011,103,170191.56000000003,0.1
NM,Campfire,2012,109,1745.63,0.1
NM,Campfire,2013,101,187.5099999999999,0.1
NM,Campfire,2014,72,400.53000000000037,0.1
NM,Campfire,2015,47,40.93000000000005,0.1
NM,Children,1992,20,22.3,0.3
NM,Children,1993,23,22.200000000000003,0.2
NM,Children,1994,20,42.400000000000006,0.75
NM,Children,1995,24,105.99999999999997,0.8
NM,Children,1996,15,428.3,0.5
NM,Children,1997,14,10.699999999999998,0.15000000000000002
NM,Children,1998,21,114.7,0.4
NM,Children,1999,18,6.299999999999999,0.1
NM,Children,2000,43,519.35,0.5
NM,Children,2001,28,16.579999999999995,0.25
NM,Children,2002,22,873.96,1.0
NM,Children,2003,16,4.5,0.1
NM,Children,2004,22,8649.000000000002,0.175
NM,Children,2005,30,21.679999999999996,0.125
NM,Children,2006,23,175.77999999999997,0.5
NM,Children,2007,11,2502.2000000000003,0.25
NM,Children,2008,15,40.00000000000001,0.1
NM,Children,2009,12,10.66,0.225
NM,Children,2010,9,2.5700000000000003,0.1
NM,Children,2011,34,66.60000000000001,0.2
NM,Children,2012,17,26.400000000000006,0.1
NM,Children,2013,11,65.25,0.4
NM,Children,2014,8,453.50000000000006,0.2
NM,Children,2015,6,2.2,0.25
NM,Debris Burning,1992,152,4544.700000000001,1.25
NM,Debris Burning,1993,141,2665.7000000000003,1.0
NM,Debris Burning,1994,120,5652.300000000006,1.0
NM,Debris Burning,1995,188,4208.400000000014,0.3
NM,Debris Burning,1996,184,8919.300000000025,0.3
NM,Debris Burning,1997,113,1516.4999999999977,0.4
NM,Debris Burning,1998,144,838.7000000000007,0.5
NM,Debris Burning,1999,152,1798.4000000000015,0.2
NM,Debris Burning,2000,326,75668.33000000016,1.0
NM,Debris Burning,2001,171,755.5999999999999,0.1
NM,Debris Burning,2002,296,1687.0100000000002,0.2
NM,Debris Burning,2003,141,1846.4499999999982,0.5
NM,Debris Burning,2004,131,542.2,0.25
NM,Debris Burning,2005,145,4651.035000000003,0.5
NM,Debris Burning,2006,208,1380.7240000000002,0.3
NM,Debris Burning,2007,147,2431.659999999998,0.5
NM,Debris Burning,2008,115,533.5,0.5
NM,Debris Burning,2009,167,1570.7299999999996,1.0
NM,Debris Burning,2010,196,19896.899999999976,1.0
NM,Debris Burning,2011,255,58872.82,0.5
NM,Debris Burning,2012,81,1772.4199999999992,0.75
NM,Debris Burning,2013,137,382.3100000000004,0.5
NM,Debris Burning,2014,145,15239.460000000008,0.5
NM,Debris Burning,2015,82,889.6000000000003,0.5900000000000001
NM,Equipment Use,1992,21,12318.300000000001,1.0
NM,Equipment Use,1993,18,21279.6,1.0
NM,Equipment Use,1994,26,1605.9999999999998,1.0
NM,Equipment Use,1995,23,156.49999999999997,0.5
NM,Equipment Use,1996,14,532.4,0.25
NM,Equipment Use,1997,12,2034.0,0.75
NM,Equipment Use,1998,13,37.60000000000001,0.2
NM,Equipment Use,1999,45,2800.1,0.3
NM,Equipment Use,2000,94,16755.77,1.55
NM,Equipment Use,2001,46,355.90000000000003,1.0
NM,Equipment Use,2002,60,1701.899999999999,0.5
NM,Equipment Use,2003,37,215.47999999999993,0.5
NM,Equipment Use,2004,27,246.95,0.5
NM,Equipment Use,2005,41,15712.6,1.0
NM,Equipment Use,2006,53,6196.319999999999,1.0
NM,Equipment Use,2007,95,43094.919989999995,2.0
NM,Equipment Use,2008,12,3437.4,1.0
NM,Equipment Use,2009,156,30586.659999999985,1.0
NM,Equipment Use,2010,32,211.39999999999998,0.5
NM,Equipment Use,2011,266,150113.09000000008,2.0
NM,Equipment Use,2012,95,2172.4099999999994,0.5
NM,Equipment Use,2013,52,443.11,0.5
NM,Equipment Use,2014,108,8242.800000000005,0.5
NM,Equipment Use,2015,73,1686.7899999999997,0.5
NM,Fireworks,1992,5,8.1,0.5
NM,Fireworks,1993,13,52.2,1.0
NM,Fireworks,1994,20,35.7,1.5
NM,Fireworks,1995,12,9.0,0.6
NM,Fireworks,1997,9,7.7,0.2
NM,Fireworks,1998,14,287.2000000000001,0.15000000000000002
NM,Fireworks,1999,8,5.0,0.1
NM,Fireworks,2000,4,0.7,0.15000000000000002
NM,Fireworks,2001,7,3.1000000000000005,0.1
NM,Fireworks,2002,7,4.999999999999999,0.2
NM,Fireworks,2003,11,5.799999999999999,0.2
NM,Fireworks,2004,7,5.7,0.1
NM,Fireworks,2005,15,6.1,0.1
NM,Fireworks,2007,10,4.9,0.3
NM,Fireworks,2008,7,201.79999999999998,0.2
NM,Fireworks,2009,14,249.59999999999997,5.5
NM,Fireworks,2010,10,202.75,0.25
NM,Fireworks,2011,12,3163.25,0.75
NM,Fireworks,2012,4,0.95,0.175
NM,Fireworks,2013,2,0.75,0.375
NM,Fireworks,2014,12,7.5,0.1
NM,Fireworks,2015,3,2.95,0.1
NM,Lightning,1992,420,49129.89999999981,0.2
NM,Lightning,1993,688,211205.80000000092,0.4
NM,Lightning,1994,1125,178042.80000000077,0.4
NM,Lightning,1995,537,74128.99999999996,0.2
NM,Lightning,1996,790,46887.599999999795,0.2
NM,Lightning,1997,504,37081.99999999989,0.2
NM,Lightning,1998,350,14602.40000000002,0.2
NM,Lightning,1999,473,28130.099999999988,0.2
NM,Lightning,2000,1603,124496.19000000015,0.3
NM,Lightning,2001,1047,48708.31999999996,0.3
NM,Lightning,2002,1182,249226.7399999999,0.2
NM,Lightning,2003,1370,201738.5550000019,0.2
NM,Lightning,2004,782,75934.50000000108,0.1
NM,Lightning,2005,849,115448.86000000134,0.2
NM,Lightning,2006,1060,214819.365,0.25
NM,Lightning,2007,781,69985.50001999977,0.2
NM,Lightning,2008,351,129234.6799999999,0.25
NM,Lightning,2009,712,328344.04999999935,0.3
NM,Lightning,2010,514,75104.58999999984,0.25
NM,Lightning,2011,958,322360.1299999989,0.365
NM,Lightning,2012,584,360052.48999999976,0.25
NM,Lightning,2013,567,248828.68000000148,0.1
NM,Lightning,2014,392,11633.940000000048,0.1
NM,Lightning,2015,367,39024.349999999766,0.2
NM,Miscellaneous,1992,42,247.1999999999999,0.1
NM,Miscellaneous,1993,73,1340.0,0.3
NM,Miscellaneous,1994,91,8924.60000000001,0.5
NM,Miscellaneous,1995,94,3351.5999999999954,0.1
NM,Miscellaneous,1996,112,24317.39999999998,0.35
NM,Miscellaneous,1997,35,1164.8999999999992,0.3
NM,Miscellaneous,1998,71,4350.6,0.5
NM,Miscellaneous,1999,96,4012.5999999999963,0.25
NM,Miscellaneous,2000,421,179862.2790000001,1.3
NM,Miscellaneous,2001,231,15058.400000000003,0.5
NM,Miscellaneous,2002,277,21680.75999999987,0.3
NM,Miscellaneous,2003,216,2534.3499999999963,0.25
NM,Miscellaneous,2004,133,248.88999999999984,0.25
NM,Miscellaneous,2005,302,12248.560000000025,0.5
NM,Miscellaneous,2006,417,227957.6400000003,0.5
NM,Miscellaneous,2007,127,20612.790000000005,0.55
NM,Miscellaneous,2008,109,21692.25000000001,0.3
NM,Miscellaneous,2009,120,4305.58,0.5
NM,Miscellaneous,2010,91,1941.119999999998,0.6
NM,Miscellaneous,2011,220,75001.68999999999,1.0
NM,Miscellaneous,2012,120,1647.899999999999,0.25
NM,Miscellaneous,2013,86,34522.85999999997,0.35
NM,Miscellaneous,2014,46,311.7300000000003,0.2
NM,Miscellaneous,2015,90,7572.470000000007,0.2
NM,Missing/Undefined,1992,123,29608.85,1.5
NM,Missing/Undefined,1993,565,56954.64000000001,1.5
NM,Missing/Undefined,1994,1076,215539.72000000038,2.5
NM,Missing/Undefined,1995,559,42314.849999999875,1.5
NM,Missing/Undefined,1996,823,71940.75999999983,1.0
NM,Missing/Undefined,1997,528,127630.30000000044,1.5
NM,Missing/Undefined,1998,495,71542.75999999995,3.0
NM,Missing/Undefined,1999,303,37650.13999999993,2.0
NM,Missing/Undefined,2000,22,18815.299999999992,3.0
NM,Missing/Undefined,2001,6,508.6,14.0
NM,Missing/Undefined,2002,30,9547.000000000004,1.0
NM,Missing/Undefined,2003,18,18.0,0.4
NM,Missing/Undefined,2004,5,355.3,0.1
NM,Missing/Undefined,2005,10,2157.3,3.5
NM,Missing/Undefined,2006,18,35366.2,3.25
NM,Missing/Undefined,2007,89,3404.1999999999985,1.0
NM,Missing/Undefined,2008,119,187918.5,6.0
NM,Missing/Undefined,2009,57,9147.8,2.0
NM,Missing/Undefined,2010,45,4685.6,1.0
NM,Missing/Undefined,2011,100,104589.50000000004,3.45
NM,Missing/Undefined,2012,51,625.5500000000001,0.5
NM,Missing/Undefined,2013,34,297.70000000000005,0.5
NM,Missing/Undefined,2014,26,1353.1,0.9
NM,Missing/Undefined,2015,38,1868.7,0.3
NM,Powerline,1992,2,507.1,253.55
NM,Powerline,1993,8,1328.1,5.0
NM,Powerline,1994,2,13.0,6.5
NM,Powerline,1995,5,89.6,1.0
NM,Powerline,1997,2,0.6,0.3
NM,Powerline,1998,2,11.0,5.5
NM,Powerline,1999,7,2587.0,0.2
NM,Powerline,2000,7,51.1,1.6
NM,Powerline,2002,2,56.1,28.05
NM,Powerline,2003,4,4.6,0.15000000000000002
NM,Powerline,2004,3,0.5,0.1
NM,Powerline,2005,1,0.1,0.1
NM,Powerline,2006,4,27.9,6.85
NM,Powerline,2007,3,100.8,0.5
NM,Powerline,2008,4,2098.4,300.15
NM,Powerline,2009,67,29328.2,10.0
NM,Powerline,2010,44,10892.1,10.0
NM,Powerline,2011,86,212046.85,17.2
NM,Powerline,2012,5,3.6,0.1
NM,Powerline,2013,13,73.05000000000001,1.0
NM,Powerline,2014,20,661.73,0.75
NM,Powerline,2015,17,185.73000000000002,1.0
NM,Railroad,1992,5,858.0,30.0
NM,Railroad,1993,5,268.6,3.0
NM,Railroad,1994,3,27.5,7.0
NM,Railroad,1995,3,0.7,0.1
NM,Railroad,1996,4,2.6999999999999997,0.3
NM,Railroad,1997,3,18.200000000000003,1.0
NM,Railroad,1998,2,20.0,10.0
NM,Railroad,1999,2,0.9,0.45
NM,Railroad,2000,37,56361.84,3.0
NM,Railroad,2001,10,14.8,0.5
NM,Railroad,2002,18,42.1,0.25
NM,Railroad,2003,9,2.75,0.2
NM,Railroad,2004,6,1.65,0.1
NM,Railroad,2005,2,2535.0,1267.5
NM,Railroad,2006,5,7.449999999999999,0.5
NM,Railroad,2007,8,532.83,0.3
NM,Railroad,2008,1,2.0,2.0
NM,Railroad,2009,10,1968.2,6.0
NM,Railroad,2010,5,8.25,1.0
NM,Railroad,2011,11,315.25,3.0
NM,Railroad,2012,7,908.25,1.5
NM,Railroad,2013,2,0.2,0.1
NM,Railroad,2014,2,1.8,0.9
NM,Railroad,2015,2,1.1,0.55
NM,Smoking,1992,39,1095.8,2.0
NM,Smoking,1993,41,655.5999999999999,2.0
NM,Smoking,1994,47,2210.6,0.5
NM,Smoking,1995,48,400.30000000000007,0.5
NM,Smoking,1996,38,641.0000000000001,0.5
NM,Smoking,1997,18,166.39999999999998,0.75
NM,Smoking,1998,40,702.2000000000002,0.35
NM,Smoking,1999,32,52.90000000000002,0.5
NM,Smoking,2000,73,12818.700000000003,1.5
NM,Smoking,2001,29,213.70999999999995,0.25
NM,Smoking,2002,42,16200.000000000004,0.6
NM,Smoking,2003,45,54.63,0.5
NM,Smoking,2004,26,115.83999999999996,0.1
NM,Smoking,2005,31,276.6500000000001,0.3
NM,Smoking,2006,52,794.8500000000001,0.3
NM,Smoking,2007,37,618.0500000000002,0.5
NM,Smoking,2008,28,178.3499999999999,0.2
NM,Smoking,2009,10,6.4,0.25
NM,Smoking,2010,36,142.6,0.5
NM,Smoking,2011,49,3623.52,1.0
NM,Smoking,2012,19,181.04999999999998,0.25
NM,Smoking,2013,12,3.0300000000000002,0.1
NM,Smoking,2014,20,5509.340000000004,0.25
NM,Smoking,2015,3,3.3000000000000003,0.2
NM,Structure,1992,2,0.2,0.1
NM,Structure,1993,1,0.1,0.1
NM,Structure,1994,6,1.0000000000000002,0.15000000000000002
NM,Structure,1995,1,0.2,0.2
NM,Structure,1996,3,0.30000000000000004,0.1
NM,Structure,1997,1,0.1,0.1
NM,Structure,1998,1,0.1,0.1
NM,Structure,1999,2,1.1,0.55
NM,Structure,2000,2,0.6,0.3
NM,Structure,2001,3,0.4,0.1
NM,Structure,2003,1,0.1,0.1
NM,Structure,2009,4,1.4500000000000002,0.3
NM,Structure,2010,3,8001.1,1.0
NM,Structure,2011,7,14.4,0.5
NM,Structure,2012,4,2.2,0.3
NM,Structure,2013,4,0.95,0.175
NM,Structure,2014,6,5.43,0.35
NM,Structure,2015,3,2.38,0.28
NV,Arson,1992,33,8330.000000000005,0.3
NV,Arson,1993,23,3112.6,0.5
NV,Arson,1994,16,6485.900000000001,0.5
NV,Arson,1995,35,5381.4,1.0
NV,Arson,1996,22,22225.700000000004,1.0
NV,Arson,1997,7,0.9,0.1
NV,Arson,1998,16,428.1000000000001,0.2
NV,Arson,1999,41,8991.700000000003,2.0
NV,Arson,2000,9,627.3000000000001,1.0
NV,Arson,2001,15,57.900000000000006,0.1
NV,Arson,2002,11,2045.8,0.3
NV,Arson,2003,8,330.40000000000003,2.0
NV,Arson,2004,1,48.0,48.0
NV,Arson,2005,24,1844.3,1.0
NV,Arson,2006,17,1283.8999999999999,5.7
NV,Arson,2007,20,2306.0000000000005,2.8
NV,Arson,2008,22,115.55999999999997,1.2
NV,Arson,2009,9,5.799999999999998,0.1
NV,Arson,2010,7,189.25,1.1
NV,Arson,2011,20,269.08000000000027,0.1
NV,Arson,2012,19,4745.410000000003,0.3
NV,Arson,2013,6,456.1,1.55
NV,Arson,2014,13,105.39999999999999,0.3
NV,Arson,2015,4,0.9,0.2
NV,Campfire,1992,28,182.59999999999997,0.1
NV,Campfire,1993,30,47.80000000000001,0.2
NV,Campfire,1994,29,75.19999999999999,0.1
NV,Campfire,1995,39,691.7000000000003,0.1
NV,Campfire,1996,41,63.200000000000024,0.1
NV,Campfire,1997,35,44.70000000000001,0.1
NV,Campfire,1998,48,1107.2999999999988,0.1
NV,Campfire,1999,30,15831.000000000004,0.1
NV,Campfire,2000,68,21436.700000000008,0.1
NV,Campfire,2001,67,15.39999999999998,0.1
NV,Campfire,2002,24,4.4,0.1
NV,Campfire,2003,19,194.89999999999998,0.1
NV,Campfire,2004,15,8894.100000000004,0.1
NV,Campfire,2005,23,13.799999999999997,0.1
NV,Campfire,2006,25,349.4000000000003,0.1
NV,Campfire,2007,44,7112.90000000001,0.1
NV,Campfire,2008,24,5.499999999999998,0.1
NV,Campfire,2009,46,85.97999999999993,0.1
NV,Campfire,2010,18,23.950000000000017,0.1
NV,Campfire,2011,23,10.479999999999999,0.1
NV,Campfire,2012,29,132.32,0.1
NV,Campfire,2013,46,18.510000000000026,0.1
NV,Campfire,2014,67,7.9599999999999875,0.1
NV,Campfire,2015,45,139.86999999999983,0.1
NV,Children,1992,11,18.5,0.5
NV,Children,1993,10,66.5,0.1
NV,Children,1994,8,2.0,0.1
NV,Children,1995,22,210.2,0.15000000000000002
NV,Children,1996,21,258.7,0.2
NV,Children,1997,19,22.800000000000004,0.3
NV,Children,1998,8,35.800000000000004,0.75
NV,Children,1999,18,1868.2999999999997,14.0
NV,Children,2000,7,37.900000000000006,0.1
NV,Children,2001,5,23.400000000000002,1.0
NV,Children,2002,1,12.0,12.0
NV,Children,2003,3,58.1,28.0
NV,Children,2004,3,1.7000000000000002,0.1
NV,Children,2005,2,17.1,8.55
NV,Children,2006,5,168.39999999999998,1.2
NV,Children,2007,1,0.1,0.1
NV,Children,2008,4,0.6000000000000001,0.1
NV,Children,2009,3,1.0,0.1
NV,Children,2010,3,16.6,1.5
NV,Children,2011,7,585.9499999999999,0.8
NV,Children,2012,6,1.0,0.1
NV,Children,2013,1,0.1,0.1
NV,Children,2014,3,0.30000000000000004,0.1
NV,Children,2015,1,0.1,0.1
NV,Debris Burning,1992,31,431.7000000000001,0.3
NV,Debris Burning,1993,25,687.0,0.2
NV,Debris Burning,1994,33,6447.5,0.2
NV,Debris Burning,1995,40,322.79999999999995,0.35
NV,Debris Burning,1996,43,7554.799999999999,1.0
NV,Debris Burning,1997,33,433.4,0.5
NV,Debris Burning,1998,30,1209.0999999999995,1.25
NV,Debris Burning,1999,57,21127.199999999986,2.0
NV,Debris Burning,2000,23,1547.1999999999996,0.3
NV,Debris Burning,2001,31,432.59999999999997,0.5
NV,Debris Burning,2002,30,821.8000000000003,1.0
NV,Debris Burning,2003,18,216.99999999999997,2.1
NV,Debris Burning,2004,7,4.1,0.1
NV,Debris Burning,2005,8,36607.1,0.55
NV,Debris Burning,2006,17,1359.5,2.0
NV,Debris Burning,2007,23,473.6000000000001,12.0
NV,Debris Burning,2008,14,69.49999999999996,0.1
NV,Debris Burning,2009,6,36.6,6.5
NV,Debris Burning,2010,6,67.19999999999999,2.0
NV,Debris Burning,2011,15,243.71999999999997,0.5
NV,Debris Burning,2012,13,7290.400000000001,11.0
NV,Debris Burning,2013,14,90.49999999999997,0.2
NV,Debris Burning,2014,7,56.9,0.5
NV,Debris Burning,2015,10,149.7,0.1
NV,Equipment Use,1992,20,6201.2,0.2
NV,Equipment Use,1993,20,4191.900000000001,0.45
NV,Equipment Use,1994,32,10555.100000000002,0.3
NV,Equipment Use,1995,39,370.7,0.1
NV,Equipment Use,1996,42,3603.699999999999,0.3
NV,Equipment Use,1997,46,5671.900000000003,0.1
NV,Equipment Use,1998,33,8795.000000000004,0.1
NV,Equipment Use,1999,59,109511.60000000006,3.0
NV,Equipment Use,2000,29,2904.899999999999,0.3
NV,Equipment Use,2001,43,43623.99999999998,1.0
NV,Equipment Use,2002,28,676.8000000000001,0.2
NV,Equipment Use,2003,21,374.6000000000002,0.1
NV,Equipment Use,2004,15,104.29999999999997,0.5
NV,Equipment Use,2005,30,8799.599999999999,0.75
NV,Equipment Use,2006,42,16410.559999999998,2.0
NV,Equipment Use,2007,40,6904.300000000002,0.25
NV,Equipment Use,2008,23,3601.2999999999997,0.2
NV,Equipment Use,2009,11,21225.3,0.7
NV,Equipment Use,2010,20,375.0500000000001,0.15000000000000002
NV,Equipment Use,2011,27,3982.919999999999,1.5
NV,Equipment Use,2012,51,16434.100000000002,1.4
NV,Equipment Use,2013,21,5413.900000000002,0.1
NV,Equipment Use,2014,24,20.259999999999998,0.1
NV,Equipment Use,2015,28,830.4,0.44999999999999996
NV,Fireworks,1992,2,2.5,1.25
NV,Fireworks,1993,18,183.8,1.0
NV,Fireworks,1994,12,300.50000000000006,2.5
NV,Fireworks,1995,7,18.1,3.0
NV,Fireworks,1996,11,3694.8999999999996,1.0
NV,Fireworks,1997,8,5.499999999999998,0.1
NV,Fireworks,1998,6,40.5,2.15
NV,Fireworks,1999,1,1373.2,1373.2
NV,Fireworks,2000,5,13.4,2.0
NV,Fireworks,2001,3,0.7,0.1
NV,Fireworks,2002,3,2.3000000000000003,0.2
NV,Fireworks,2003,6,6.0,0.4
NV,Fireworks,2004,6,7.8,1.1
NV,Fireworks,2005,16,4497.900000000001,1.0
NV,Fireworks,2006,10,337.0,3.75
NV,Fireworks,2007,13,725.5,1.5
NV,Fireworks,2008,5,111.5,2.0
NV,Fireworks,2009,2,0.8,0.4
NV,Fireworks,2010,8,84.79999999999998,0.65
NV,Fireworks,2011,7,215.20000000000002,0.5
NV,Fireworks,2012,9,495.50000000000006,0.5
NV,Fireworks,2013,6,1.9,0.1
NV,Fireworks,2014,3,0.8,0.2
NV,Fireworks,2015,1,1.0,1.0
NV,Lightning,1992,390,73608.3000000005,0.1
NV,Lightning,1993,238,19434.599999999966,0.1
NV,Lightning,1994,503,153154.5000000004,0.1
NV,Lightning,1995,280,111685.40000000024,0.2
NV,Lightning,1996,777,574020.8999999948,0.2
NV,Lightning,1997,372,24832.999999999985,0.1
NV,Lightning,1998,416,57623.099999999846,0.1
NV,Lightning,1999,573,1530578.999999996,0.3
NV,Lightning,2000,717,600903.2999999956,0.1
NV,Lightning,2001,851,551799.5999999935,0.1
NV,Lightning,2002,480,47113.59999999984,0.1
NV,Lightning,2003,523,12293.450000000052,0.1
NV,Lightning,2004,667,26200.599999999955,0.1
NV,Lightning,2005,497,1045235.3999999976,0.25
NV,Lightning,2006,780,1291628.5300000058,1.0
NV,Lightning,2007,389,908901.5999999974,0.3
NV,Lightning,2008,243,64347.35999999978,0.1
NV,Lightning,2009,385,5750.420000000045,0.1
NV,Lightning,2010,184,16945.70000000002,0.1
NV,Lightning,2011,377,354968.8900000002,0.1
NV,Lightning,2012,487,375488.8399999974,0.1
NV,Lightning,2013,444,169253.98000000126,0.1
NV,Lightning,2014,276,55517.45999999976,0.1
NV,Lightning,2015,325,18814.559999999856,0.1
NV,Miscellaneous,1992,12,535.2,0.5
NV,Miscellaneous,1993,50,26187.89999999999,1.0
NV,Miscellaneous,1994,52,19012.899999999987,1.0
NV,Miscellaneous,1995,40,659.5000000000002,0.5
NV,Miscellaneous,1996,69,9520.300000000003,1.5
NV,Miscellaneous,1997,38,1929.0999999999997,1.0
NV,Miscellaneous,1998,43,3714.899999999999,1.0
NV,Miscellaneous,1999,229,56664.3,0.1
NV,Miscellaneous,2000,71,22271.9,2.0
NV,Miscellaneous,2001,63,1827.799999999999,1.0
NV,Miscellaneous,2002,44,378.0000000000001,0.3
NV,Miscellaneous,2003,41,3691.899999999999,0.3
NV,Miscellaneous,2004,43,6162.300000000006,0.2
NV,Miscellaneous,2005,98,3330.2499999999986,1.0
NV,Miscellaneous,2006,115,14251.00000000001,1.0
NV,Miscellaneous,2007,103,13699.700000000008,0.5
NV,Miscellaneous,2008,62,8898.910000000005,0.3
NV,Miscellaneous,2009,64,850.9800000000008,0.1
NV,Miscellaneous,2010,51,47.50000000000002,0.1
NV,Miscellaneous,2011,124,28915.499999999985,0.3
NV,Miscellaneous,2012,120,30585.239999999947,0.4
NV,Miscellaneous,2013,48,4118.6600000000035,0.1
NV,Miscellaneous,2014,85,2176.919999999995,0.1
NV,Miscellaneous,2015,43,198.84999999999997,0.1
NV,Missing/Undefined,1993,1,4.0,4.0
NV,Missing/Undefined,1994,7,0.8999999999999999,0.1
NV,Missing/Undefined,1995,19,58.100000000000016,0.2
NV,Missing/Undefined,1996,22,91.69999999999999,0.1
NV,Missing/Undefined,1998,1,0.1,0.1
NV,Missing/Undefined,1999,4,17881.6,1148.65
NV,Missing/Undefined,2000,20,582.4000000000001,2.5
NV,Missing/Undefined,2001,13,437.5,2.0
NV,Missing/Undefined,2002,15,1365.9,5.0
NV,Missing/Undefined,2003,13,25.200000000000003,0.3
NV,Missing/Undefined,2004,11,335.6,0.5
NV,Missing/Undefined,2005,30,1366.3999999999999,2.0
NV,Missing/Undefined,2006,18,75.49999999999997,1.25
NV,Missing/Undefined,2007,47,923.3000000000002,1.0
NV,Missing/Undefined,2008,39,1152.5,0.1
NV,Missing/Undefined,2009,39,721.6,0.1
NV,Missing/Undefined,2010,49,2219.4,0.1
NV,Missing/Undefined,2011,110,33300.39999999998,0.6
NV,Missing/Undefined,2012,89,5261.900000000011,0.3
NV,Missing/Undefined,2013,67,624.8000000000001,0.3
NV,Missing/Undefined,2014,48,11994.600000000008,0.1
NV,Missing/Undefined,2015,67,3220.2999999999984,0.1
NV,Powerline,1992,2,40.3,20.15
NV,Powerline,1994,4,5.1,1.5
NV,Powerline,1995,4,265.6,50.25
NV,Powerline,1996,7,156.9,0.3
NV,Powerline,1997,6,8874.0,19.0
NV,Powerline,1998,5,364.5,25.0
NV,Powerline,1999,9,7441.5,100.0
NV,Powerline,2000,3,13.8,3.0
NV,Powerline,2001,5,84.2,0.1
NV,Powerline,2002,1,2.0,2.0
NV,Powerline,2003,1,3.1,3.1
NV,Powerline,2004,1,0.5,0.5
NV,Powerline,2005,2,4.1,2.05
NV,Powerline,2006,8,320.09999999999997,2.85
NV,Powerline,2007,5,5471.5,0.5
NV,Powerline,2008,3,965.4,0.3
NV,Powerline,2009,3,0.30000000000000004,0.1
NV,Powerline,2010,3,0.30000000000000004,0.1
NV,Powerline,2011,4,34.800000000000004,0.35
NV,Powerline,2012,10,14888.1,86.45
NV,Powerline,2013,3,26.3,0.1
NV,Powerline,2014,8,18.900000000000006,0.1
NV,Powerline,2015,1,90.1,90.1
NV,Railroad,1992,6,2627.4999999999995,0.15000000000000002
NV,Railroad,1993,8,43.4,1.5
NV,Railroad,1994,7,17.1,0.3
NV,Railroad,1995,7,13.6,1.0
NV,Railroad,1996,20,6245.8,10.5
NV,Railroad,1997,24,40.60000000000002,0.1
NV,Railroad,1998,16,18023.899999999994,0.5
NV,Railroad,1999,7,18.0,1.0
NV,Railroad,2000,12,1257.6,1.25
NV,Railroad,2001,15,198.89999999999998,2.0
NV,Railroad,2002,8,754.2,3.45
NV,Railroad,2003,4,188.7,0.1
NV,Railroad,2004,1,0.1,0.1
NV,Railroad,2005,5,54.1,2.0
NV,Railroad,2006,3,2223.1,5.0
NV,Railroad,2007,7,11.2,0.2
NV,Railroad,2008,3,8.6,0.5
NV,Railroad,2009,1,0.1,0.1
NV,Railroad,2010,3,0.30000000000000004,0.1
NV,Railroad,2011,3,222.7,12.7
NV,Railroad,2012,1,2.4,2.4
NV,Railroad,2013,1,0.1,0.1
NV,Railroad,2014,6,2.6399999999999997,0.13
NV,Smoking,1992,19,356.9,0.5
NV,Smoking,1993,19,20.299999999999997,0.3
NV,Smoking,1994,7,1.0999999999999999,0.1
NV,Smoking,1995,12,354.2,0.3
NV,Smoking,1996,13,47.400000000000006,0.2
NV,Smoking,1997,5,1.2999999999999998,0.1
NV,Smoking,1998,15,21.300000000000004,0.1
NV,Smoking,1999,19,2199.2,2.5
NV,Smoking,2000,12,14.299999999999999,0.1
NV,Smoking,2001,6,1.0,0.1
NV,Smoking,2002,4,0.4,0.1
NV,Smoking,2003,7,2.6,0.1
NV,Smoking,2004,3,7.199999999999999,0.1
NV,Smoking,2005,11,256.79999999999995,2.8
NV,Smoking,2006,7,250.1,0.3
NV,Smoking,2007,5,11.5,0.3
NV,Smoking,2008,1,0.1,0.1
NV,Smoking,2009,1,0.1,0.1
NV,Smoking,2010,1,0.1,0.1
NV,Smoking,2011,4,203.51,47.75
NV,Smoking,2012,4,0.96,0.1
NV,Smoking,2014,1,0.1,0.1
NV,Smoking,2015,1,0.1,0.1
NV,Structure,1992,2,11.1,5.55
NV,Structure,1993,1,0.1,0.1
NV,Structure,1995,1,0.1,0.1
NV,Structure,1997,2,0.2,0.1
NV,Structure,1998,1,0.1,0.1
NV,Structure,2000,1,3.5,3.5
NV,Structure,2001,1,0.5,0.5
NV,Structure,2004,3,0.8,0.2
NV,Structure,2005,3,10.2,0.1
NV,Structure,2006,2,6.6,3.3
NV,Structure,2007,1,0.1,0.1
NV,Structure,2008,4,0.4,0.1
NV,Structure,2014,1,0.1,0.1
NY,Arson,1992,71,995.6,1.0
NY,Arson,1993,40,176.0,2.0
NY,Arson,1994,18,105.1,1.0
NY,Arson,1995,66,6060.2,3.0
NY,Arson,1996,8,26.0,2.0
NY,Arson,1997,83,456.0,2.0
NY,Arson,1998,54,382.0,2.0
NY,Arson,1999,121,1033.75,2.0
NY,Arson,2000,342,230.13999999999953,0.1
NY,Arson,2001,634,1666.2500000000011,0.48
NY,Arson,2002,592,617.0799999999995,0.1
NY,Arson,2003,669,526.9800000000009,0.5
NY,Arson,2004,573,389.91,0.5
NY,Arson,2005,785,604.6300000000028,0.1
NY,Arson,2006,846,789.1600000000038,0.5
NY,Arson,2007,727,348.8200000000013,0.1
NY,Arson,2008,695,489.35000000000315,0.1
NY,Arson,2009,636,1088.0000000000036,0.1
NY,Arson,2010,607,455.4100000000054,0.1
NY,Arson,2011,404,208.5099999999986,0.1
NY,Arson,2012,493,1293.5299999999984,0.1
NY,Arson,2013,323,235.9799999999996,0.1
NY,Arson,2014,596,404.9200000000021,0.1
NY,Arson,2015,728,696.9400000000074,0.1
NY,Campfire,1992,26,24.8,1.0
NY,Campfire,1993,46,61.2,1.0
NY,Campfire,1994,22,156.1,1.0
NY,Campfire,1995,73,531.6,1.0
NY,Campfire,1996,16,23.1,1.0
NY,Campfire,1997,40,59.800000000000004,1.0
NY,Campfire,1998,32,78.2,1.0
NY,Campfire,1999,99,864.5,1.0
NY,Campfire,2000,5,11.2,1.0
NY,Campfire,2001,78,348.28999999999996,1.0
NY,Campfire,2002,66,98.36999999999998,0.1
NY,Campfire,2003,21,28.86,1.0
NY,Campfire,2004,22,23.35,1.0
NY,Campfire,2005,42,116.82999999999993,0.54
NY,Campfire,2006,57,83.43999999999998,0.5
NY,Campfire,2007,79,64.76000000000003,0.1
NY,Campfire,2008,61,64.41000000000003,0.33
NY,Campfire,2009,60,139.34,0.29000000000000004
NY,Campfire,2010,56,94.44000000000003,0.1
NY,Campfire,2011,47,12.649999999999995,0.1
NY,Campfire,2012,83,84.34999999999984,0.1
NY,Campfire,2013,50,709.01,0.275
NY,Campfire,2014,26,287.63499999999993,0.1125
NY,Campfire,2015,111,308.5700000000001,0.5
NY,Children,1992,21,93.8,1.0
NY,Children,1993,22,91.8,1.0
NY,Children,1994,9,15.1,1.0
NY,Children,1995,24,66.2,1.0
NY,Children,1996,7,24.0,1.0
NY,Children,1997,21,57.1,2.0
NY,Children,1998,19,135.20999999999998,1.0
NY,Children,1999,22,103.0,1.0
NY,Children,2000,21,27.979999999999997,1.0
NY,Children,2001,65,81.72000000000003,0.75
NY,Children,2002,52,33.56000000000002,0.1
NY,Children,2003,71,59.27000000000003,0.63
NY,Children,2004,43,38.71,0.5
NY,Children,2005,89,66.35000000000001,0.38
NY,Children,2006,104,79.07999999999998,0.25
NY,Children,2007,82,43.27,0.1
NY,Children,2008,99,86.04999999999995,0.13
NY,Children,2009,82,103.49999999999982,0.1
NY,Children,2010,75,82.04000000000005,0.1
NY,Children,2011,34,10.489999999999991,0.1
NY,Children,2012,49,35.98000000000001,0.1
NY,Children,2013,32,58.98,0.4
NY,Children,2014,10,53.46,1.3399999999999999
NY,Children,2015,72,37.42000000000003,0.1
NY,Debris Burning,1992,113,315.3,1.0
NY,Debris Burning,1993,57,190.0,1.0
NY,Debris Burning,1994,39,209.0,1.0
NY,Debris Burning,1995,150,598.3,2.0
NY,Debris Burning,1996,34,57.0,1.0
NY,Debris Burning,1997,111,569.8,2.0
NY,Debris Burning,1998,107,406.0,1.0
NY,Debris Burning,1999,228,1042.8,1.25
NY,Debris Burning,2000,176,306.08000000000004,1.0
NY,Debris Burning,2001,409,758.2600000000002,1.0
NY,Debris Burning,2002,225,323.15,0.9
NY,Debris Burning,2003,267,477.9499999999996,1.0
NY,Debris Burning,2004,192,309.12999999999994,0.75
NY,Debris Burning,2005,546,668.0800000000025,0.75
NY,Debris Burning,2006,618,850.0100000000032,0.75
NY,Debris Burning,2007,438,432.7700000000015,0.5
NY,Debris Burning,2008,568,846.900000000003,0.9
NY,Debris Burning,2009,534,604.8200000000031,0.5
NY,Debris Burning,2010,336,372.2100000000017,0.1
NY,Debris Burning,2011,199,99.41999999999975,0.1
NY,Debris Burning,2012,249,243.04999999999984,0.1
NY,Debris Burning,2013,202,185.7799999999999,0.1
NY,Debris Burning,2014,120,212.57999999999976,0.2
NY,Debris Burning,2015,489,3293.5599999999868,0.5
NY,Equipment Use,1992,14,52.0,1.0
NY,Equipment Use,1993,11,108.0,1.0
NY,Equipment Use,1994,8,48.6,1.0
NY,Equipment Use,1995,21,1082.75,4.0
NY,Equipment Use,1996,2,2.0,1.0
NY,Equipment Use,1997,8,44.3,1.0
NY,Equipment Use,1998,8,10.0,1.0
NY,Equipment Use,1999,34,219.35,2.5
NY,Equipment Use,2000,31,22.869999999999997,0.5
NY,Equipment Use,2001,71,63.00000000000002,0.5
NY,Equipment Use,2002,61,75.70000000000002,0.5
NY,Equipment Use,2003,50,44.029999999999994,0.1
NY,Equipment Use,2004,42,28.700000000000006,0.1
NY,Equipment Use,2005,101,92.47999999999995,0.1
NY,Equipment Use,2006,66,75.60000000000001,0.5
NY,Equipment Use,2007,63,194.62999999999994,0.1
NY,Equipment Use,2008,87,166.50999999999996,0.2
NY,Equipment Use,2009,80,149.57000000000005,0.315
NY,Equipment Use,2010,78,49.340000000000046,0.1
NY,Equipment Use,2011,58,18.33,0.1
NY,Equipment Use,2012,60,56.31999999999999,0.1
NY,Equipment Use,2013,52,72.04,0.1
NY,Equipment Use,2014,73,103.35999999999986,0.1
NY,Equipment Use,2015,120,123.4199999999997,0.45
NY,Fireworks,1992,1,0.1,0.1
NY,Fireworks,1993,3,5.3,0.2
NY,Fireworks,1994,1,2.0,2.0
NY,Fireworks,1997,1,0.1,0.1
NY,Fireworks,2002,2,0.2,0.1
NY,Fireworks,2010,2,1.0,0.5
NY,Fireworks,2012,2,22.1,11.05
NY,Fireworks,2013,1,0.3,0.3
NY,Fireworks,2014,2,0.2,0.1
NY,Fireworks,2015,5,6.58,1.0
NY,Lightning,1992,5,42.0,3.0
NY,Lightning,1993,17,38.1,1.0
NY,Lightning,1994,3,4.0,1.0
NY,Lightning,1995,18,56.0,1.0
NY,Lightning,1996,1,1.0,1.0
NY,Lightning,1997,15,29.0,1.0
NY,Lightning,1998,9,10.0,1.0
NY,Lightning,1999,31,416.0,1.0
NY,Lightning,2000,53,44.91000000000003,0.1
NY,Lightning,2001,96,245.82000000000005,0.75
NY,Lightning,2002,252,1003.0500000000001,0.3
NY,Lightning,2003,281,161.68999999999974,0.1
NY,Lightning,2004,282,162.79999999999933,0.1
NY,Lightning,2005,521,275.039999999999,0.1
NY,Lightning,2006,328,214.26999999999924,0.1
NY,Lightning,2007,453,380.81000000000176,0.1
NY,Lightning,2008,442,284.429999999999,0.1
NY,Lightning,2009,382,380.8900000000011,0.45
NY,Lightning,2010,391,221.62999999999903,0.1
NY,Lightning,2011,288,114.3499999999994,0.1
NY,Lightning,2012,353,157.39999999999947,0.1
NY,Lightning,2013,213,143.08999999999975,0.1
NY,Lightning,2014,276,145.12124999999963,0.1
NY,Lightning,2015,536,355.9600000000046,0.1
NY,Miscellaneous,1992,90,716.3,1.0
NY,Miscellaneous,1993,96,440.70000000000005,1.0
NY,Miscellaneous,1994,19,125.7,2.0
NY,Miscellaneous,1995,106,633.9000000000003,1.0
NY,Miscellaneous,1996,33,274.19999999999993,0.1
NY,Miscellaneous,1997,68,148.69999999999993,1.0
NY,Miscellaneous,1998,57,279.1,1.0
NY,Miscellaneous,1999,125,1430.15,1.0
NY,Miscellaneous,2000,937,715.7800000000054,0.1
NY,Miscellaneous,2001,1489,1601.4300000000103,0.5
NY,Miscellaneous,2002,2004,1585.7300000000032,0.1
NY,Miscellaneous,2003,3282,2433.199999999981,0.1
NY,Miscellaneous,2004,2641,1568.0700000000022,0.1
NY,Miscellaneous,2005,5151,2957.469999999801,0.1
NY,Miscellaneous,2006,4238,4404.619999999911,0.15
NY,Miscellaneous,2007,4054,2385.9499999998898,0.1
NY,Miscellaneous,2008,4784,3081.199999999801,0.1
NY,Miscellaneous,2009,3676,2518.4499999999407,0.1
NY,Miscellaneous,2010,4154,2742.4699999998857,0.1
NY,Miscellaneous,2011,2422,659.3000000000304,0.1
NY,Miscellaneous,2012,2337,840.9100000000252,0.1
NY,Miscellaneous,2013,1779,770.1200000000141,0.1
NY,Miscellaneous,2014,2908,1495.4965659999696,0.1
NY,Miscellaneous,2015,3170,1709.9199999998732,0.1
NY,Missing/Undefined,2011,1,0.1,0.1
NY,Missing/Undefined,2012,1,15.2,15.2
NY,Missing/Undefined,2013,4,0.4,0.1
NY,Missing/Undefined,2015,8,2.4000000000000004,0.1
NY,Powerline,1992,1,1.5,1.5
NY,Powerline,2000,56,31.710000000000008,0.1
NY,Powerline,2001,54,28.79,0.1
NY,Powerline,2002,49,38.5,0.4
NY,Powerline,2003,58,34.210000000000015,0.1
NY,Powerline,2004,50,27.110000000000007,0.315
NY,Powerline,2005,93,60.42000000000006,0.1
NY,Powerline,2006,71,41.01000000000001,0.1
NY,Powerline,2007,68,40.00000000000001,0.1
NY,Powerline,2008,88,61.30000000000005,0.42
NY,Powerline,2009,48,45.660000000000025,0.5
NY,Powerline,2010,70,40.620000000000054,0.1
NY,Powerline,2011,52,25.890000000000015,0.1
NY,Powerline,2013,40,45.900000000000006,0.15000000000000002
NY,Powerline,2014,15,55.269999999999996,0.91
NY,Powerline,2015,86,285.1400000000004,0.5
NY,Railroad,1992,5,28.0,2.0
NY,Railroad,1993,1,2.0,2.0
NY,Railroad,1995,2,3.0,1.5
NY,Railroad,1996,2,3.0,1.5
NY,Railroad,1997,2,2.0,1.0
NY,Railroad,1998,1,0.9,0.9
NY,Railroad,1999,6,9.6,1.0
NY,Railroad,2000,6,4.2,1.0
NY,Railroad,2001,6,425.0,8.0
NY,Railroad,2002,4,103.2,14.0
NY,Railroad,2003,2,2.0,1.0
NY,Railroad,2004,2,51.0,25.5
NY,Railroad,2005,1,11.0,11.0
NY,Railroad,2006,3,15.0,3.0
NY,Railroad,2007,2,1.0,0.5
NY,Railroad,2008,1,5.8,5.8
NY,Railroad,2009,2,1.4000000000000001,0.7000000000000001
NY,Railroad,2010,1,2.5,2.5
NY,Railroad,2012,4,6.3,1.4
NY,Railroad,2013,2,4.0,2.0
NY,Railroad,2014,2,3.1,1.55
NY,Railroad,2015,9,99.4,2.5
NY,Smoking,1992,17,65.0,2.0
NY,Smoking,1993,11,13.2,1.0
NY,Smoking,1994,10,489.0,13.0
NY,Smoking,1995,27,135.5,1.0
NY,Smoking,1996,4,7.0,1.5
NY,Smoking,1997,16,55.0,1.0
NY,Smoking,1998,23,394.3,2.0
NY,Smoking,1999,45,954.3,2.0
NY,Smoking,2000,129,102.90999999999995,0.5
NY,Smoking,2001,355,1896.4699999999993,0.5
NY,Smoking,2002,191,114.5199999999999,0.1
NY,Smoking,2003,215,109.55999999999995,0.1
NY,Smoking,2004,201,91.98000000000003,0.1
NY,Smoking,2005,363,175.51999999999924,0.1
NY,Smoking,2006,290,198.4899999999994,0.1
NY,Smoking,2007,349,248.719999999999,0.1
NY,Smoking,2008,329,3035.6499999999987,0.1
NY,Smoking,2009,256,201.11999999999966,0.1
NY,Smoking,2010,405,233.7499999999989,0.1
NY,Smoking,2011,231,221.29999999999947,0.1
NY,Smoking,2012,303,750.6399999999995,0.1
NY,Smoking,2013,178,146.3499999999998,0.1
NY,Smoking,2014,328,200.6399999999993,0.1
NY,Smoking,2015,540,385.2900000000054,0.1
NY,Structure,2001,5,3.2100000000000004,0.1
NY,Structure,2002,14,8.469999999999999,0.375
NY,Structure,2003,18,17.1,0.7949999999999999
NY,Structure,2004,14,9.419999999999998,0.585
NY,Structure,2005,8,3.1200000000000006,0.1
NY,Structure,2006,10,23.43,0.94
NY,Structure,2007,4,2.37,0.595
NY,Structure,2008,2,0.2,0.1
NY,Structure,2009,8,4.66,0.175
NY,Structure,2010,6,4.720000000000001,0.72
NY,Structure,2011,4,0.6,0.1
NY,Structure,2012,10,23.56,0.1
NY,Structure,2013,14,4.550000000000001,0.1
NY,Structure,2014,2,11.1,5.55
NY,Structure,2015,10,6.629999999999997,0.1
OH,Arson,1992,5,19.2,3.0
OH,Arson,1993,13,31.400000000000006,0.2
OH,Arson,1994,15,88.9,0.4
OH,Arson,1995,22,68.4,2.0
OH,Arson,1996,5,54.1,0.5
OH,Arson,1997,9,3.5,0.4
OH,Arson,1998,17,92.5,1.0
OH,Arson,1999,22,117.79999999999998,1.0
OH,Arson,2000,16,289.4,1.0
OH,Arson,2001,60,888.7,0.5
OH,Arson,2002,36,41.80000000000001,0.35
OH,Arson,2003,15,55.40000000000001,0.2
OH,Arson,2004,12,25.0,1.5
OH,Arson,2005,8,172.4,2.7
OH,Arson,2006,36,685.2810000000001,1.25
OH,Arson,2007,20,40.09,0.625
OH,Arson,2008,14,89.2,1.0
OH,Arson,2009,12,388.6,4.25
OH,Arson,2011,15,56.71000000000001,1.0
OH,Arson,2012,16,299.65,1.0
OH,Arson,2013,19,441.15,1.1
OH,Arson,2014,26,342.0,2.25
OH,Arson,2015,36,184.02,1.0
OH,Campfire,1993,1,3.0,3.0
OH,Campfire,1994,2,1.1,0.55
OH,Campfire,2002,29,48.800000000000004,0.5
OH,Campfire,2005,5,4.63,1.0
OH,Campfire,2006,31,31.1,1.0
OH,Campfire,2007,10,10.5,1.0
OH,Campfire,2008,2,2.0,1.0
OH,Campfire,2009,19,23.25,1.0
OH,Campfire,2010,37,37.0,1.0
OH,Campfire,2011,2,1.5,0.75
OH,Campfire,2012,3,26.5,8.0
OH,Campfire,2013,9,90.55,2.0
OH,Campfire,2014,16,48.95,1.0
OH,Campfire,2015,16,30.1,1.0
OH,Children,1992,1,3.0,3.0
OH,Children,1994,2,1.5,0.75
OH,Children,1995,1,0.1,0.1
OH,Children,2005,2,1.2,0.6
OH,Children,2006,1,1.0,1.0
OH,Children,2007,2,0.75,0.375
OH,Children,2008,1,0.5,0.5
OH,Children,2009,1,0.01,0.01
OH,Children,2011,1,0.7,0.7
OH,Children,2012,1,0.4,0.4
OH,Children,2013,1,0.1,0.1
OH,Children,2015,7,13.5,1.5
OH,Debris Burning,1992,10,57.5,4.0
OH,Debris Burning,1993,2,8.1,4.05
OH,Debris Burning,1994,7,30.200000000000003,3.0
OH,Debris Burning,1995,16,182.79999999999998,2.0
OH,Debris Burning,1996,4,16.2,2.0
OH,Debris Burning,1997,5,8.0,2.0
OH,Debris Burning,1998,7,55.900000000000006,0.5
OH,Debris Burning,1999,11,238.2,5.0
OH,Debris Burning,2000,9,64.7,6.0
OH,Debris Burning,2001,11,20.200000000000003,0.7
OH,Debris Burning,2002,16,61.2,0.5
OH,Debris Burning,2003,32,1044.826,0.5
OH,Debris Burning,2004,42,118.56999999999998,1.0
OH,Debris Burning,2005,59,172.316,0.51
OH,Debris Burning,2006,82,138.82,1.0
OH,Debris Burning,2007,100,212.57999999999998,1.0
OH,Debris Burning,2008,38,118.85,1.95
OH,Debris Burning,2009,140,698.0000000000001,1.0
OH,Debris Burning,2010,60,219.1899999999999,1.0
OH,Debris Burning,2011,34,99.88999999999999,1.0
OH,Debris Burning,2012,100,261.66999999999996,0.75
OH,Debris Burning,2013,153,381.69,1.5
OH,Debris Burning,2014,336,1191.8599999999994,1.0
OH,Debris Burning,2015,284,1045.3600000000001,1.0
OH,Equipment Use,1992,1,1.0,1.0
OH,Equipment Use,1994,1,2.0,2.0
OH,Equipment Use,1995,4,26.0,5.0
OH,Equipment Use,1997,6,0.9999999999999999,0.1
OH,Equipment Use,1998,1,16.0,16.0
OH,Equipment Use,1999,4,122.1,1.5
OH,Equipment Use,2000,1,8.0,8.0
OH,Equipment Use,2001,2,16.0,8.0
OH,Equipment Use,2002,11,38.8,3.0
OH,Equipment Use,2003,3,9.799999999999999,1.0
OH,Equipment Use,2004,3,2.0,0.5
OH,Equipment Use,2005,3,304.75,1.0
OH,Equipment Use,2006,2,3.9,1.95
OH,Equipment Use,2007,14,38.48,1.0
OH,Equipment Use,2008,5,52.5,1.0
OH,Equipment Use,2009,6,5.8,0.75
OH,Equipment Use,2010,5,23.91,1.0
OH,Equipment Use,2011,1,0.5,0.5
OH,Equipment Use,2012,15,47.480000000000004,1.0
OH,Equipment Use,2013,12,72.05000000000001,1.75
OH,Equipment Use,2014,17,56.4,2.0
OH,Equipment Use,2015,24,63.52,1.0
OH,Lightning,2002,4,60.9,0.35
OH,Lightning,2007,6,9.26,1.5
OH,Lightning,2008,1,0.1,0.1
OH,Lightning,2009,1,1.0,1.0
OH,Lightning,2012,2,3.25,1.625
OH,Lightning,2013,1,3.0,3.0
OH,Lightning,2014,1,0.1,0.1
OH,Lightning,2015,1,1.0,1.0
OH,Miscellaneous,1992,3,13.0,5.0
OH,Miscellaneous,1994,1,2.0,2.0
OH,Miscellaneous,1995,2,5.0,2.5
OH,Miscellaneous,1997,1,7.0,7.0
OH,Miscellaneous,1999,2,182.0,91.0
OH,Miscellaneous,2000,1,7.3,7.3
OH,Miscellaneous,2001,12,16.9,1.0
OH,Miscellaneous,2002,36,94.49999999999993,0.1
OH,Miscellaneous,2004,5,3.05,0.25
OH,Miscellaneous,2005,11,20.807000000000002,1.0
OH,Miscellaneous,2006,38,91.64999999999999,1.0
OH,Miscellaneous,2007,59,240.1,1.0
OH,Miscellaneous,2008,35,142.6,1.0
OH,Miscellaneous,2009,39,140.5,1.0
OH,Miscellaneous,2010,69,515.88,1.0
OH,Miscellaneous,2011,25,108.43999999999998,0.8
OH,Miscellaneous,2012,66,456.07000000000005,1.0
OH,Miscellaneous,2013,122,709.2200000000001,1.0
OH,Miscellaneous,2014,200,1819.9599999999996,2.25
OH,Miscellaneous,2015,111,338.4999999999999,1.0
OH,Missing/Undefined,2003,12,719.168,12.033999999999999
OH,Missing/Undefined,2004,8,77.7,1.0
OH,Missing/Undefined,2005,12,396.24,4.0
OH,Missing/Undefined,2006,30,328.11199999999997,1.35
OH,Missing/Undefined,2007,44,259.86,1.35
OH,Missing/Undefined,2008,18,76.48500000000001,1.0
OH,Missing/Undefined,2009,24,3524.16,1.5
OH,Missing/Undefined,2010,7,715.0,46.0
OH,Missing/Undefined,2013,2,11.0,5.5
OH,Missing/Undefined,2014,2,5.1,2.55
OH,Missing/Undefined,2015,1,171.0,171.0
OH,Powerline,2001,1,0.1,0.1
OH,Powerline,2015,41,220.98,0.5
OH,Railroad,1993,1,0.1,0.1
OH,Railroad,2000,1,1.0,1.0
OH,Railroad,2010,1,1.0,1.0
OH,Railroad,2011,1,20.0,20.0
OH,Railroad,2013,1,0.25,0.25
OH,Railroad,2015,1,1.0,1.0
OH,Smoking,1992,1,8.0,8.0
OH,Smoking,1993,1,0.1,0.1
OH,Smoking,1995,2,10.0,5.0
OH,Smoking,1997,1,22.0,22.0
OH,Smoking,1998,2,39.0,19.5
OH,Smoking,1999,1,45.0,45.0
OH,Smoking,2002,9,1.0,0.1
OH,Smoking,2003,1,0.5,0.5
OH,Smoking,2004,2,1.5,0.75
OH,Smoking,2006,2,0.35,0.175
OH,Smoking,2007,4,16.1,3.0
OH,Smoking,2008,2,2.0,1.0
OH,Smoking,2009,2,3.1,1.55
OH,Smoking,2010,1,1.0,1.0
OH,Smoking,2012,1,2.0,2.0
OH,Smoking,2013,3,7.5,1.0
OH,Smoking,2014,13,14.7,1.0
OH,Smoking,2015,15,15.11,0.5
OH,Structure,2002,1,1.0,1.0
OH,Structure,2014,1,7.0,7.0
OK,Arson,1992,35,1312.6000000000001,2.0
OK,Arson,1993,127,2052.2,3.0
OK,Arson,1994,303,15845.900000000009,5.0
OK,Arson,1995,619,18473.700000000004,4.0
OK,Arson,1996,201,25120.59999999999,10.0
OK,Arson,1997,206,3157.6,5.0
OK,Arson,1998,244,7486.8,5.0
OK,Arson,1999,384,8483.300000000003,5.0
OK,Arson,2000,328,15386.100000000004,5.0
OK,Arson,2001,196,4574.9,5.0
OK,Arson,2002,283,8316.100000000004,5.0
OK,Arson,2003,923,36451.549999999996,6.0
OK,Arson,2004,1015,38214.64999999996,5.0
OK,Arson,2005,392,82035.45000000006,8.5
OK,Arson,2006,695,115963.90000000031,5.0
OK,Arson,2007,216,9474.3,5.0
OK,Arson,2008,756,43309.2,5.0
OK,Arson,2009,1235,106733.55000000032,7.2
OK,Arson,2010,1105,56808.49999999986,5.0
OK,Arson,2011,1285,139177.30000000048,10.0
OK,Arson,2012,844,44405.79999999993,6.0
OK,Arson,2013,394,16713.350000000017,3.0
OK,Arson,2014,484,31584.549999999967,7.0
OK,Arson,2015,620,31744.44999999998,7.0
OK,Campfire,1994,7,6.899999999999999,0.1
OK,Campfire,1995,4,4.299999999999999,0.1
OK,Campfire,1996,2,0.2,0.1
OK,Campfire,1997,82,369.6,5.0
OK,Campfire,1998,81,395.0,5.0
OK,Campfire,1999,107,489.3,5.0
OK,Campfire,2000,136,604.4,5.0
OK,Campfire,2001,108,491.8,5.0
OK,Campfire,2002,112,946.3000000000001,5.0
OK,Campfire,2003,11,19.099999999999998,0.5
OK,Campfire,2004,33,55.20000000000003,0.1
OK,Campfire,2005,19,143.19999999999993,0.1
OK,Campfire,2006,12,25.200000000000014,0.1
OK,Campfire,2007,8,552.0000000000001,0.1
OK,Campfire,2008,18,307.93,4.65
OK,Campfire,2009,13,88.4,0.5
OK,Campfire,2010,18,612.5,2.35
OK,Campfire,2011,14,140.7,3.5
OK,Campfire,2012,23,450.70000000000005,4.0
OK,Campfire,2013,18,29.20000000000001,0.1
OK,Campfire,2014,14,111.99999999999997,0.65
OK,Campfire,2015,13,218.10000000000002,1.5
OK,Children,1992,1,1.0,1.0
OK,Children,1995,4,80.2,20.05
OK,Children,1996,3,147.0,60.0
OK,Children,1997,32,223.0,5.0
OK,Children,1998,21,593.0,5.0
OK,Children,1999,65,313.0,5.0
OK,Children,2000,52,230.5,5.0
OK,Children,2001,46,214.0,5.0
OK,Children,2002,67,314.0,5.0
OK,Children,2003,7,96.69999999999999,1.0
OK,Children,2005,1,62.0,62.0
OK,Children,2006,5,35.7,0.5
OK,Children,2007,6,73.2,2.6
OK,Children,2008,13,28.500000000000004,1.0
OK,Children,2009,12,147.1,2.0
OK,Children,2010,12,143.3,8.5
OK,Children,2011,18,1118.0,1.0
OK,Children,2012,13,29.0,1.0
OK,Children,2013,1,12.0,12.0
OK,Children,2014,7,47.00000000000001,1.5
OK,Children,2015,1,8.0,8.0
OK,Debris Burning,1992,12,1307.0,15.0
OK,Debris Burning,1993,39,2196.0,5.0
OK,Debris Burning,1994,83,5448.6,8.0
OK,Debris Burning,1995,114,3292.7000000000003,3.0
OK,Debris Burning,1996,37,690.3000000000001,10.0
OK,Debris Burning,1997,56,12012.6,5.0
OK,Debris Burning,1998,61,1722.8,5.0
OK,Debris Burning,1999,106,1116.6,5.0
OK,Debris Burning,2000,105,3258.4,5.0
OK,Debris Burning,2001,87,5064.2,5.0
OK,Debris Burning,2002,127,15029.5,5.0
OK,Debris Burning,2003,384,24470.19999999998,5.0
OK,Debris Burning,2004,433,10963.300000000008,4.0
OK,Debris Burning,2005,135,31072.3,10.0
OK,Debris Burning,2006,85,6029.700000000001,8.0
OK,Debris Burning,2007,62,13009.400000000001,14.5
OK,Debris Burning,2008,189,19477.200000000004,10.0
OK,Debris Burning,2009,350,27985.74999999997,5.0
OK,Debris Burning,2010,435,21663.499999999985,5.0
OK,Debris Burning,2011,376,56018.84999999996,5.0
OK,Debris Burning,2012,232,13019.550000000003,4.0
OK,Debris Burning,2013,183,5425.900000000001,5.0
OK,Debris Burning,2014,329,76787.90000000007,5.0
OK,Debris Burning,2015,275,25301.399999999994,5.0
OK,Equipment Use,1992,5,129.1,6.0
OK,Equipment Use,1993,7,236.4,27.0
OK,Equipment Use,1994,10,786.6,1.0
OK,Equipment Use,1995,9,47.300000000000004,4.0
OK,Equipment Use,1996,17,799.4000000000001,10.0
OK,Equipment Use,1997,29,263.7,4.0
OK,Equipment Use,1998,39,292.8,5.0
OK,Equipment Use,1999,59,337.2,5.0
OK,Equipment Use,2000,76,463.4,5.0
OK,Equipment Use,2001,54,649.5,5.0
OK,Equipment Use,2002,52,420.0,5.0
OK,Equipment Use,2003,70,2983.199999999999,3.0
OK,Equipment Use,2004,75,1348.6999999999987,1.0
OK,Equipment Use,2005,43,4873.1,5.0
OK,Equipment Use,2006,146,22432.599999999995,5.55
OK,Equipment Use,2007,44,1827.1999999999998,15.0
OK,Equipment Use,2008,128,7124.700000000001,9.7
OK,Equipment Use,2009,132,3686.7999999999993,3.9
OK,Equipment Use,2010,168,3743.4999999999973,2.0
OK,Equipment Use,2011,225,50010.94999999996,4.0
OK,Equipment Use,2012,163,9444.20000000001,4.0
OK,Equipment Use,2013,58,537.2000000000003,2.0
OK,Equipment Use,2014,89,6900.8,2.3
OK,Equipment Use,2015,93,2660.5999999999995,3.0
OK,Fireworks,1998,2,8.3,4.15
OK,Fireworks,2000,1,7320.0,7320.0
OK,Fireworks,2002,1,2.0,2.0
OK,Fireworks,2003,6,336.0,2.0
OK,Fireworks,2004,6,98.0,3.0
OK,Fireworks,2005,20,134.1,1.5
OK,Fireworks,2006,14,391.20000000000005,4.5
OK,Fireworks,2007,4,23.0,5.5
OK,Fireworks,2008,17,57.599999999999994,1.0
OK,Fireworks,2009,21,241.2,1.0
OK,Fireworks,2010,6,25.8,2.0
OK,Fireworks,2011,24,414.00000000000006,1.0
OK,Fireworks,2012,36,1811.9999999999998,5.0
OK,Fireworks,2013,28,100.6,1.0
OK,Fireworks,2014,4,6.300000000000001,0.9500000000000001
OK,Fireworks,2015,2,0.4,0.2
OK,Lightning,1993,9,1296.1999999999998,2.0
OK,Lightning,1994,7,1645.6,2.0
OK,Lightning,1995,6,24.6,2.5
OK,Lightning,1996,20,86.99999999999994,0.1
OK,Lightning,1997,80,428.6,5.0
OK,Lightning,1998,57,518.4000000000001,5.0
OK,Lightning,1999,187,1024.1,5.0
OK,Lightning,2000,156,13384.8,5.0
OK,Lightning,2001,149,1419.1,5.0
OK,Lightning,2002,164,764.2,5.0
OK,Lightning,2003,44,2346.6,5.0
OK,Lightning,2004,10,114.0,1.0
OK,Lightning,2005,27,3835.6,9.0
OK,Lightning,2006,66,4497.35,3.5
OK,Lightning,2007,10,204.6,4.5
OK,Lightning,2008,13,987.6000000000001,1.0
OK,Lightning,2009,29,968.6000000000001,7.0
OK,Lightning,2010,36,1749.0,4.5
OK,Lightning,2011,191,20085.3,5.0
OK,Lightning,2012,103,3566.499999999999,5.0
OK,Lightning,2013,21,708.5,5.0
OK,Lightning,2014,8,152.85,2.0
OK,Lightning,2015,8,58.800000000000004,3.75
OK,Miscellaneous,1992,11,370.0,20.0
OK,Miscellaneous,1993,14,7193.700000000001,6.0
OK,Miscellaneous,1994,15,3605.7999999999997,8.0
OK,Miscellaneous,1995,18,261.0,2.5
OK,Miscellaneous,1996,22,20378.699999999997,8.5
OK,Miscellaneous,1997,337,2711.0,5.0
OK,Miscellaneous,1998,249,6503.9,5.0
OK,Miscellaneous,1999,584,3216.4,5.0
OK,Miscellaneous,2000,576,9053.9,5.0
OK,Miscellaneous,2001,477,5002.9,5.0
OK,Miscellaneous,2002,548,3445.4,5.0
OK,Miscellaneous,2003,143,7679.700000000003,10.0
OK,Miscellaneous,2004,40,12347.05,5.0
OK,Miscellaneous,2005,338,78513.70000000001,10.0
OK,Miscellaneous,2006,592,89025.87000000008,5.0
OK,Miscellaneous,2007,53,5349.4000000000015,3.1
OK,Miscellaneous,2008,139,21991.350000000002,10.0
OK,Miscellaneous,2009,149,13672.550000000005,7.0
OK,Miscellaneous,2010,298,12094.000000000007,4.0
OK,Miscellaneous,2011,338,42612.39999999998,6.45
OK,Miscellaneous,2012,188,40653.59999999997,7.85
OK,Miscellaneous,2013,76,3400.1,4.0
OK,Miscellaneous,2014,188,20777.899999999994,5.0
OK,Miscellaneous,2015,136,47664.39999999997,14.0
OK,Missing/Undefined,1992,1401,44319.499999999905,4.0
OK,Missing/Undefined,1993,2099,56679.499999999774,4.0
OK,Missing/Undefined,1994,1481,47595.799999999836,4.0
OK,Missing/Undefined,1995,1819,72048.00000000001,5.0
OK,Missing/Undefined,1996,2372,158772.4000000002,4.0
OK,Missing/Undefined,1999,1,550.0,550.0
OK,Missing/Undefined,2000,50,60639.0,475.0
OK,Missing/Undefined,2001,29,12251.0,160.0
OK,Missing/Undefined,2002,41,12941.0,150.0
OK,Missing/Undefined,2003,45,24322.1,175.0
OK,Missing/Undefined,2004,56,6723.4,22.5
OK,Missing/Undefined,2005,1774,84702.49999999991,3.0
OK,Missing/Undefined,2006,1540,170108.8999999998,4.0
OK,Missing/Undefined,2007,907,25889.36,4.0
OK,Missing/Undefined,2008,814,39801.04999999996,3.0
OK,Missing/Undefined,2009,65,247860.0,450.0
OK,Missing/Undefined,2010,32,12719.0,220.0
OK,Missing/Undefined,2011,12,8612.4,19.5
OK,Missing/Undefined,2012,16,25728.2,517.5
OK,Missing/Undefined,2013,5,3072.2,12.0
OK,Missing/Undefined,2014,17,44100.0,640.0
OK,Missing/Undefined,2015,18,31510.3,181.0
OK,Powerline,1992,1,60.0,60.0
OK,Powerline,1993,1,10.0,10.0
OK,Powerline,1996,4,1270.0,82.5
OK,Powerline,2000,3,881.0,5.0
OK,Powerline,2001,6,35.1,5.0
OK,Powerline,2002,1,15.0,15.0
OK,Powerline,2003,4,1671.2,0.55
OK,Powerline,2004,4,178.0,8.5
OK,Powerline,2005,10,1170.0,79.0
OK,Powerline,2006,81,7576.4,10.0
OK,Powerline,2007,14,536.8,9.0
OK,Powerline,2008,65,12478.6,12.0
OK,Powerline,2009,36,1856.7,10.0
OK,Powerline,2010,29,1066.4,4.0
OK,Powerline,2011,45,8775.2,21.2
OK,Powerline,2012,25,3290.7,2.0
OK,Powerline,2013,4,106.5,5.5
OK,Powerline,2014,26,6717.700000000002,28.3
OK,Powerline,2015,17,10146.3,12.0
OK,Railroad,1993,4,139.5,3.5
OK,Railroad,1994,1,97.0,97.0
OK,Railroad,1995,6,238.6,0.65
OK,Railroad,1996,6,150.8,12.5
OK,Railroad,1997,25,82.5,5.0
OK,Railroad,1998,17,64.5,4.0
OK,Railroad,1999,46,209.2,5.0
OK,Railroad,2000,73,372.5,5.0
OK,Railroad,2001,46,211.0,5.0
OK,Railroad,2002,44,212.0,5.0
OK,Railroad,2003,2,47.0,23.5
OK,Railroad,2004,8,17.799999999999997,1.75
OK,Railroad,2005,1,50.0,50.0
OK,Railroad,2006,14,76.2,1.4
OK,Railroad,2007,2,13.0,6.5
OK,Railroad,2008,2,4.0,2.0
OK,Railroad,2009,1,278.0,278.0
OK,Railroad,2010,3,2267.4,2.0
OK,Railroad,2011,5,33.6,7.0
OK,Railroad,2012,3,3031.0,20.0
OK,Railroad,2013,2,0.8,0.4
OK,Railroad,2014,4,409.2,26.0
OK,Smoking,1992,2,75.9,37.95
OK,Smoking,1994,6,132.0,15.5
OK,Smoking,1995,4,8.5,2.0
OK,Smoking,1996,5,83.6,1.0
OK,Smoking,1997,67,379.0,5.0
OK,Smoking,1998,44,359.7,5.0
OK,Smoking,1999,126,682.4,5.0
OK,Smoking,2000,85,1129.6,5.0
OK,Smoking,2001,92,432.2,5.0
OK,Smoking,2002,94,450.1,5.0
OK,Smoking,2004,7,21.6,2.0
OK,Smoking,2005,6,6415.0,15.0
OK,Smoking,2006,14,397.6,5.65
OK,Smoking,2007,2,5.1,2.55
OK,Smoking,2008,5,520.3,100.0
OK,Smoking,2009,1,250.0,250.0
OK,Smoking,2010,1,3.0,3.0
OK,Smoking,2011,5,106.39999999999999,1.0
OK,Smoking,2012,6,58507.1,1.75
OK,Smoking,2013,1,0.5,0.5
OK,Smoking,2014,1,20.0,20.0
OK,Structure,1998,1,0.1,0.1
OK,Structure,2000,2,0.30000000000000004,0.15000000000000002
OK,Structure,2002,1,1.0,1.0
OK,Structure,2004,1,1.0,1.0
OK,Structure,2005,2,3.5,1.75
OK,Structure,2006,1,0.5,0.5
OK,Structure,2007,6,9.3,1.5
OK,Structure,2008,6,4.2,0.44999999999999996
OK,Structure,2009,5,65.8,1.0
OK,Structure,2010,3,2.2,1.0
OK,Structure,2011,4,63.0,11.0
OK,Structure,2012,3,28.0,2.0
OK,Structure,2013,4,4.199999999999999,1.15
OK,Structure,2014,1,1.0,1.0
OK,Structure,2015,2,3.5,1.75
OR,Arson,1992,134,3329.220000000004,0.1
OR,Arson,1993,60,215.7099999999998,0.1
OR,Arson,1994,110,6749.220000000006,0.25
OR,Arson,1995,65,1336.1199999999988,0.2
OR,Arson,1996,74,2012.87,0.225
OR,Arson,1997,60,127.57,0.1
OR,Arson,1998,89,1516.2699999999977,0.2
OR,Arson,1999,59,4694.340000000005,0.13
OR,Arson,2000,87,707.6700000000004,0.1
OR,Arson,2001,89,208.81999999999994,0.1
OR,Arson,2002,65,298.4599999999998,0.1
OR,Arson,2003,63,432.19000000000005,0.25
OR,Arson,2004,54,2514.150000000001,0.15000000000000002
OR,Arson,2005,78,14267.050000000007,0.2
OR,Arson,2006,120,53695.13999999999,0.1
OR,Arson,2007,92,240.65000000000003,0.1
OR,Arson,2008,64,393.44,0.1
OR,Arson,2009,46,109.42000000000002,0.1
OR,Arson,2010,49,148.28999999999994,0.1
OR,Arson,2011,56,481.2799999999999,0.1
OR,Arson,2012,59,6695.100000000012,0.1
OR,Arson,2013,114,53150.92,0.1
OR,Arson,2014,79,12361.500000000011,0.1
OR,Arson,2015,67,159.90999999999988,0.1
OR,Campfire,1992,318,894.170000000001,0.1
OR,Campfire,1993,333,1093.8800000000015,0.1
OR,Campfire,1994,220,14722.090000000006,0.1
OR,Campfire,1995,272,1236.9500000000014,0.1
OR,Campfire,1996,237,555.3200000000007,0.1
OR,Campfire,1997,292,192.67999999999958,0.1
OR,Campfire,1998,300,1273.85,0.1
OR,Campfire,1999,386,10609.240000000016,0.1
OR,Campfire,2000,307,1866.2999999999995,0.1
OR,Campfire,2001,292,451.65000000000117,0.1
OR,Campfire,2002,362,2494.1800000000076,0.1
OR,Campfire,2003,358,265.98999999999893,0.1
OR,Campfire,2004,256,104.59000000000022,0.1
OR,Campfire,2005,267,1333.0799999999995,0.1
OR,Campfire,2006,343,437.29999999999956,0.1
OR,Campfire,2007,324,492.5000000000004,0.1
OR,Campfire,2008,352,318.8899999999998,0.1
OR,Campfire,2009,349,1651.7899999999875,0.1
OR,Campfire,2010,327,131.4399999999989,0.1
OR,Campfire,2011,293,354.91000000000196,0.1
OR,Campfire,2012,383,329.37999999999846,0.1
OR,Campfire,2013,258,142.4899999999996,0.1
OR,Campfire,2014,242,1581.4399999999978,0.1
OR,Campfire,2015,380,21037.36,0.1
OR,Children,1992,95,34137.579999999936,0.1
OR,Children,1993,58,24.88000000000006,0.1
OR,Children,1994,90,511.9999999999999,0.1
OR,Children,1995,52,13.569999999999995,0.1
OR,Children,1996,62,2387.910000000005,0.1
OR,Children,1997,56,12.659999999999993,0.1
OR,Children,1998,57,916.0100000000002,0.1
OR,Children,1999,77,636.84,0.1
OR,Children,2000,71,645.81,0.1
OR,Children,2001,83,134.36000000000004,0.1
OR,Children,2002,52,146.89,0.1
OR,Children,2003,58,21482.969999999954,0.065
OR,Children,2004,34,13580.840000000006,0.1
OR,Children,2005,28,47.41,0.1
OR,Children,2006,51,46.669999999999995,0.1
OR,Children,2007,36,50.21000000000001,0.1
OR,Children,2008,38,35.370000000000026,0.1
OR,Children,2009,26,5.0799999999999965,0.1
OR,Children,2010,25,1.9100000000000008,0.1
OR,Children,2011,23,180.68999999999986,0.1
OR,Children,2012,21,14.35,0.1
OR,Children,2013,26,4.430000000000001,0.1
OR,Children,2014,27,97.9,0.1
OR,Children,2015,31,23.3,0.1
OR,Debris Burning,1992,298,11681.700000000043,0.25
OR,Debris Burning,1993,252,5366.130000000011,0.5
OR,Debris Burning,1994,272,2465.8200000000033,0.25
OR,Debris Burning,1995,279,4265.450000000016,0.13
OR,Debris Burning,1996,212,2817.9900000000043,0.2
OR,Debris Burning,1997,208,2298.0500000000047,0.2
OR,Debris Burning,1998,209,2499.48,0.1
OR,Debris Burning,1999,263,14983.880000000025,0.25
OR,Debris Burning,2000,214,10779.520000000019,0.25
OR,Debris Burning,2001,215,6105.370000000021,0.25
OR,Debris Burning,2002,245,2814.410000000001,0.25
OR,Debris Burning,2003,214,2403.0300000000007,0.175
OR,Debris Burning,2004,199,307.8100000000001,0.1
OR,Debris Burning,2005,200,3587.3200000000106,0.15
OR,Debris Burning,2006,298,6509.330000000041,0.1
OR,Debris Burning,2007,290,2149.6099999999997,0.1
OR,Debris Burning,2008,220,865.84,0.25
OR,Debris Burning,2009,134,890.8999999999999,0.15
OR,Debris Burning,2010,123,131.48999999999995,0.1
OR,Debris Burning,2011,132,1977.4699999999973,0.1
OR,Debris Burning,2012,125,1641.6199999999976,0.1
OR,Debris Burning,2013,123,713.3200000000002,0.1
OR,Debris Burning,2014,156,1351.2999999999963,0.1
OR,Debris Burning,2015,196,3139.8100000000086,0.1
OR,Equipment Use,1992,233,11948.680000000028,0.2
OR,Equipment Use,1993,168,1191.259999999997,0.1
OR,Equipment Use,1994,229,2021.3299999999972,0.1
OR,Equipment Use,1995,202,5287.0400000000245,0.1
OR,Equipment Use,1996,214,120152.36999999978,0.1
OR,Equipment Use,1997,130,1336.0599999999997,0.1
OR,Equipment Use,1998,182,25703.65999999989,0.1
OR,Equipment Use,1999,225,750.7999999999997,0.1
OR,Equipment Use,2000,220,13852.240000000005,0.1
OR,Equipment Use,2001,220,8340.790000000015,0.1
OR,Equipment Use,2002,243,1572.129999999998,0.1
OR,Equipment Use,2003,259,2009.0899999999976,0.1
OR,Equipment Use,2004,194,1072.9999999999993,0.1
OR,Equipment Use,2005,193,3469.5999999999963,0.1
OR,Equipment Use,2006,247,611.8599999999999,0.1
OR,Equipment Use,2007,235,12041.500000000035,0.1
OR,Equipment Use,2008,228,1662.3199999999993,0.1
OR,Equipment Use,2009,121,3834.0600000000004,0.1
OR,Equipment Use,2010,156,6330.100000000001,0.1
OR,Equipment Use,2011,157,207.00999999999937,0.1
OR,Equipment Use,2012,121,20888.679999999942,0.1
OR,Equipment Use,2013,146,2152.5899999999992,0.1
OR,Equipment Use,2014,182,36921.37000000004,0.1
OR,Equipment Use,2015,225,115515.34999999985,0.1
OR,Fireworks,1992,11,156.89999999999995,0.1
OR,Fireworks,1993,14,1.5,0.1
OR,Fireworks,1994,29,1005.6,0.2
OR,Fireworks,1995,13,1.9000000000000001,0.1
OR,Fireworks,1996,22,27.200000000000006,0.1
OR,Fireworks,1997,19,39.300000000000004,0.1
OR,Fireworks,1998,14,69.79999999999998,0.1
OR,Fireworks,1999,24,24.00000000000002,0.1
OR,Fireworks,2000,17,207.59999999999994,0.1
OR,Fireworks,2001,28,373.5,0.2
OR,Fireworks,2002,16,297.90000000000003,0.1
OR,Fireworks,2003,53,577.8,0.1
OR,Fireworks,2004,37,7.4,0.1
OR,Fireworks,2005,29,42.900000000000034,0.1
OR,Fireworks,2006,23,27.800000000000026,0.1
OR,Fireworks,2007,24,376.4,0.1
OR,Fireworks,2008,19,16.200000000000003,0.1
OR,Fireworks,2009,23,10.200000000000001,0.1
OR,Fireworks,2010,18,4.1000000000000005,0.1
OR,Fireworks,2011,48,21.099999999999998,0.1
OR,Fireworks,2012,25,73.88999999999996,0.1
OR,Fireworks,2013,27,159.89999999999998,0.1
OR,Fireworks,2014,50,69.94999999999999,0.1
OR,Fireworks,2015,19,9.999999999999996,0.1
OR,Lightning,1992,2485,47605.67999999962,0.1
OR,Lightning,1993,622,4532.630000000043,0.1
OR,Lightning,1994,2076,212264.79000000356,0.1
OR,Lightning,1995,1010,42121.630000000114,0.1
OR,Lightning,1996,1688,427515.54999999993,0.1
OR,Lightning,1997,1106,17209.88999999982,0.1
OR,Lightning,1998,1405,30931.61999999979,0.1
OR,Lightning,1999,1471,30491.10999999948,0.1
OR,Lightning,2000,662,301974.4999999997,0.1
OR,Lightning,2001,2064,360406.7899999983,0.1
OR,Lightning,2002,1358,979708.3199999951,0.1
OR,Lightning,2003,1226,121509.59000000107,0.1
OR,Lightning,2004,1223,6609.300000000125,0.1
OR,Lightning,2005,643,109606.85999999981,0.1
OR,Lightning,2006,1735,429968.50999999914,0.1
OR,Lightning,2007,1159,479324.37999999645,0.1
OR,Lightning,2008,1475,224872.69000000102,0.1
OR,Lightning,2009,1213,68756.32000000082,0.1
OR,Lightning,2010,994,63008.17999999983,0.1
OR,Lightning,2011,977,198790.5100000008,0.1
OR,Lightning,2012,485,1490015.0700000026,0.1
OR,Lightning,2013,1529,254621.2600000016,0.1
OR,Lightning,2014,1857,858162.3599999952,0.1
OR,Lightning,2015,1093,417163.77999999904,0.1
OR,Miscellaneous,1992,197,5586.670000000021,0.1
OR,Miscellaneous,1993,169,443.9200000000003,0.1
OR,Miscellaneous,1994,215,1204.2299999999987,0.1
OR,Miscellaneous,1995,184,480.54,0.1
OR,Miscellaneous,1996,189,26754.959999999886,0.1
OR,Miscellaneous,1997,155,1522.3599999999979,0.1
OR,Miscellaneous,1998,193,16115.860000000022,0.1
OR,Miscellaneous,1999,219,8201.320000000012,0.1
OR,Miscellaneous,2000,204,29209.490000000016,0.1
OR,Miscellaneous,2001,233,7660.47000000002,0.1
OR,Miscellaneous,2002,260,18745.59999999982,0.1
OR,Miscellaneous,2003,256,18786.4999999999,0.1
OR,Miscellaneous,2004,169,5263.150000000001,0.1
OR,Miscellaneous,2005,218,5461.520000000011,0.1
OR,Miscellaneous,2006,242,6660.050000000032,0.1
OR,Miscellaneous,2007,253,68557.73999999986,0.1
OR,Miscellaneous,2008,176,8278.750000000018,0.1
OR,Miscellaneous,2009,163,12418.740000000016,0.1
OR,Miscellaneous,2010,164,17382.000000000004,0.1
OR,Miscellaneous,2011,195,16629.649999999925,0.1
OR,Miscellaneous,2012,160,4464.750000000005,0.1
OR,Miscellaneous,2013,214,5222.510000000015,0.1
OR,Miscellaneous,2014,259,15818.84000000004,0.1
OR,Miscellaneous,2015,248,5256.430000000015,0.1
OR,Missing/Undefined,1992,3,0.30000000000000004,0.1
OR,Missing/Undefined,1993,1,0.1,0.1
OR,Missing/Undefined,1994,1,0.1,0.1
OR,Missing/Undefined,1995,10,380.8000000000002,0.1
OR,Missing/Undefined,1997,1,10.0,10.0
OR,Missing/Undefined,1998,2,5.1,2.55
OR,Missing/Undefined,1999,9,937.1,1.0
OR,Missing/Undefined,2000,7,1353.2,2.0
OR,Missing/Undefined,2001,3,88.0,6.0
OR,Missing/Undefined,2002,2,0.2,0.1
OR,Missing/Undefined,2003,6,400.9,0.1
OR,Missing/Undefined,2004,1,808.0,808.0
OR,Missing/Undefined,2005,3,1550.1,2.0
OR,Missing/Undefined,2006,6,606.5,0.1
OR,Missing/Undefined,2007,18,922.7,1.0
OR,Missing/Undefined,2008,12,4438.3,0.55
OR,Missing/Undefined,2009,182,1298.7000000000007,0.1
OR,Missing/Undefined,2010,11,307.80000000000007,0.1
OR,Missing/Undefined,2011,37,5317.3,2.5
OR,Missing/Undefined,2012,190,6847.700000000035,0.1
OR,Missing/Undefined,2013,75,2384.3899999999976,0.1
OR,Missing/Undefined,2014,94,7160.000000000002,0.1
OR,Missing/Undefined,2015,144,16551.799999999996,0.1
OR,Powerline,1992,6,6.0,0.35
OR,Powerline,1993,4,29.6,0.1
OR,Powerline,1994,11,941.8000000000001,0.5
OR,Powerline,1995,4,5.7,0.8
OR,Powerline,1996,17,3456.2,1.5
OR,Powerline,1997,6,601.3,0.55
OR,Powerline,1998,3,5.2,0.1
OR,Powerline,1999,11,92.89999999999999,0.3
OR,Powerline,2000,4,67.1,13.5
OR,Powerline,2001,7,32.9,2.0
OR,Powerline,2002,11,1950.8999999999999,0.3
OR,Powerline,2003,7,35.9,0.5
OR,Powerline,2004,6,9.700000000000001,0.1
OR,Powerline,2005,3,0.7,0.1
OR,Powerline,2006,14,1874.3999999999996,9.5
OR,Powerline,2007,4,2.3,0.1
OR,Powerline,2008,3,1.2999999999999998,0.5
OR,Powerline,2009,2,67.4,33.7
OR,Powerline,2010,3,2.9000000000000004,1.0
OR,Powerline,2011,5,60.8,0.1
OR,Powerline,2012,7,10.099999999999998,0.2
OR,Powerline,2013,7,0.7,0.1
OR,Powerline,2014,47,272.58000000000004,0.1
OR,Powerline,2015,23,35.5,0.1
OR,Railroad,1992,19,1399.02,0.3
OR,Railroad,1993,11,610.92,0.2
OR,Railroad,1994,16,343.15999999999997,0.5
OR,Railroad,1995,20,110.08000000000001,0.4
OR,Railroad,1996,14,11.879999999999999,0.175
OR,Railroad,1997,17,1049.6299999999997,0.1
OR,Railroad,1998,20,2752.360000000001,0.5
OR,Railroad,1999,16,165.4,1.25
OR,Railroad,2000,17,4468.8200000000015,0.25
OR,Railroad,2001,26,219.74999999999991,0.1
OR,Railroad,2002,18,2968.8900000000003,0.225
OR,Railroad,2003,16,1167.5099999999998,0.5
OR,Railroad,2004,18,18.29,0.01
OR,Railroad,2005,14,111.84,0.1
OR,Railroad,2006,18,57.64,0.1
OR,Railroad,2007,12,16.090000000000007,0.1
OR,Railroad,2008,7,0.8300000000000001,0.1
OR,Railroad,2009,2,0.26,0.13
OR,Railroad,2010,9,242.99999999999997,1.6
OR,Railroad,2011,1,0.1,0.1
OR,Railroad,2012,7,62.68,0.25
OR,Railroad,2013,6,755.0999999999999,23.4
OR,Railroad,2014,6,4.4,0.55
OR,Railroad,2015,4,75.61,0.3
OR,Smoking,1992,158,691.4400000000002,0.1
OR,Smoking,1993,160,332.75000000000034,0.1
OR,Smoking,1994,202,333.17999999999984,0.1
OR,Smoking,1995,153,6042.710000000015,0.1
OR,Smoking,1996,145,4846.590000000007,0.1
OR,Smoking,1997,92,204.43999999999966,0.1
OR,Smoking,1998,100,1309.9099999999987,0.1
OR,Smoking,1999,167,575.0000000000008,0.1
OR,Smoking,2000,125,185.0299999999997,0.1
OR,Smoking,2001,108,224.82999999999961,0.1
OR,Smoking,2002,124,78.34000000000006,0.1
OR,Smoking,2003,96,549.4000000000003,0.1
OR,Smoking,2004,77,87.31000000000004,0.1
OR,Smoking,2005,69,165.29999999999995,0.1
OR,Smoking,2006,82,68.61999999999998,0.1
OR,Smoking,2007,62,3028.0099999999998,0.1
OR,Smoking,2008,73,27.400000000000052,0.1
OR,Smoking,2009,43,15.499999999999996,0.1
OR,Smoking,2010,43,55.07000000000002,0.1
OR,Smoking,2011,41,11.969999999999995,0.1
OR,Smoking,2012,53,52.68999999999999,0.1
OR,Smoking,2013,28,130.71999999999997,0.15000000000000002
OR,Smoking,2014,38,16.3,0.1
OR,Smoking,2015,60,116.7,0.1
OR,Structure,1994,2,33491.0,16745.5
OR,Structure,1996,1,103.0,103.0
OR,Structure,1998,1,0.5,0.5
OR,Structure,2000,3,112.1,1.0
OR,Structure,2002,3,0.4,0.1
OR,Structure,2003,3,0.30000000000000004,0.1
OR,Structure,2004,2,0.2,0.1
OR,Structure,2005,1,0.1,0.1
OR,Structure,2006,5,5.0,0.1
OR,Structure,2007,3,3.8,0.2
OR,Structure,2008,1,0.1,0.1
OR,Structure,2010,3,1.6,0.5
OR,Structure,2011,3,1.8000000000000003,0.1
OR,Structure,2012,21,9.259999999999998,0.1
OR,Structure,2013,9,1.6,0.1
OR,Structure,2014,10,260.50000000000006,0.1
OR,Structure,2015,10,38.5,0.3
PA,Arson,1992,3,1.7,0.5
PA,Arson,1993,3,0.4,0.1
PA,Arson,1994,5,8.7,1.5
PA,Arson,1996,1,0.1,0.1
PA,Arson,1997,1,5.0,5.0
PA,Arson,1998,2,2.3,1.15
PA,Arson,1999,9,26.400000000000006,0.3
PA,Arson,2000,1,3.5,3.5
PA,Arson,2001,9,2.0000000000000004,0.1
PA,Arson,2002,179,1021.9326800000005,0.8
PA,Arson,2003,109,518.0242000000002,1.0
PA,Arson,2004,56,2493.491,0.5349999999999999
PA,Arson,2005,215,1931.4090099999983,1.5
PA,Arson,2006,238,4358.290979999993,0.6
PA,Arson,2007,108,306.832,0.3
PA,Arson,2008,193,5435.771000000013,0.5
PA,Arson,2009,166,616.1675000000005,0.5
PA,Arson,2010,180,1602.0159999999998,0.5205
PA,Arson,2011,4,0.5,0.1
PA,Arson,2012,199,870.4700000000001,1.0
PA,Arson,2013,154,877.4699999999998,0.7
PA,Arson,2014,151,2552.3099999999986,1.22
PA,Arson,2015,170,1737.0399999999986,1.0
PA,Campfire,1992,2,0.2,0.1
PA,Campfire,1993,3,36.5,2.5
PA,Campfire,1994,1,1.0,1.0
PA,Campfire,1995,8,11.399999999999999,0.15000000000000002
PA,Campfire,1996,1,0.1,0.1
PA,Campfire,1997,2,6.0,3.0
PA,Campfire,1998,5,10.6,1.0
PA,Campfire,1999,3,2.2,0.1
PA,Campfire,2000,2,0.2,0.1
PA,Campfire,2001,6,4.1000000000000005,0.65
PA,Campfire,2002,39,187.45099999999994,0.6
PA,Campfire,2003,19,125.97,1.0
PA,Campfire,2004,6,59.78,1.805
PA,Campfire,2005,31,84.011,1.0
PA,Campfire,2006,31,112.06099999999998,1.5
PA,Campfire,2007,37,92.74649999999997,0.58
PA,Campfire,2008,39,514.9380000000001,1.9
PA,Campfire,2009,28,232.805,2.0
PA,Campfire,2010,44,436.861,0.875
PA,Campfire,2011,27,58.900000000000006,0.5
PA,Campfire,2012,38,149.34,1.0
PA,Campfire,2013,42,161.73000000000005,0.5
PA,Campfire,2014,41,144.39999999999998,1.0
PA,Campfire,2015,43,86.87999999999997,0.75
PA,Children,1993,4,0.6000000000000001,0.15000000000000002
PA,Children,2000,1,0.8,0.8
PA,Children,2002,17,21.350000000000005,0.25
PA,Children,2003,9,11.81,0.25
PA,Children,2004,5,5.20809,0.2
PA,Children,2005,28,23.705,0.5
PA,Children,2006,17,14.496999999999998,0.25
PA,Children,2007,9,1.625,0.1
PA,Children,2008,14,46.230000000000004,1.0
PA,Children,2009,14,13.26,0.5
PA,Children,2010,11,66.24999999999999,0.25
PA,Children,2011,26,88.97999999999996,0.275
PA,Children,2012,20,27.340000000000003,0.25
PA,Children,2013,15,4.85,0.25
PA,Children,2014,18,107.94999999999997,0.5
PA,Children,2015,12,5.249999999999998,0.25
PA,Debris Burning,1992,1,0.1,0.1
PA,Debris Burning,1994,2,2.5,1.25
PA,Debris Burning,1995,1,2.0,2.0
PA,Debris Burning,1998,3,3.9000000000000004,0.8
PA,Debris Burning,1999,5,393.8,6.0
PA,Debris Burning,2000,3,9.5,4.0
PA,Debris Burning,2001,3,3.3,1.0
PA,Debris Burning,2002,149,455.82700000000006,0.75
PA,Debris Burning,2003,168,722.8430000000001,1.0
PA,Debris Burning,2004,73,176.93099999999995,0.55
PA,Debris Burning,2005,287,659.6090000000004,0.75
PA,Debris Burning,2006,292,858.931000000001,0.6799999999999999
PA,Debris Burning,2007,166,363.0360000000001,0.3125
PA,Debris Burning,2008,262,734.4612000000003,0.5
PA,Debris Burning,2009,235,841.5007000000005,1.0
PA,Debris Burning,2010,162,332.7155999999999,0.33
PA,Debris Burning,2012,216,533.03,0.545
PA,Debris Burning,2013,278,519.9700000000004,0.5
PA,Debris Burning,2014,466,1220.010000000001,1.0
PA,Debris Burning,2015,422,1001.7700000000012,1.0
PA,Equipment Use,1992,1,54.0,54.0
PA,Equipment Use,1993,1,0.1,0.1
PA,Equipment Use,1995,3,29.7,0.1
PA,Equipment Use,1996,4,10.399999999999999,0.6
PA,Equipment Use,1998,2,0.2,0.1
PA,Equipment Use,2001,1,2.0,2.0
PA,Equipment Use,2002,66,211.45799999999994,0.5
PA,Equipment Use,2003,30,238.45399999999998,0.9
PA,Equipment Use,2004,17,9.88,0.2
PA,Equipment Use,2005,64,160.73699999999997,0.565
PA,Equipment Use,2006,85,980.718,0.5
PA,Equipment Use,2007,56,104.45699999999998,0.5
PA,Equipment Use,2008,53,208.38879999999995,0.6
PA,Equipment Use,2009,60,300.704,1.0
PA,Equipment Use,2010,68,430.38389000000006,1.0
PA,Equipment Use,2011,2,0.5,0.25
PA,Equipment Use,2012,89,363.63000000000005,1.0
PA,Equipment Use,2013,52,89.53,0.29000000000000004
PA,Equipment Use,2014,84,278.34999999999997,0.275
PA,Equipment Use,2015,45,929.5200000000001,0.5
PA,Fireworks,1996,1,2.5,2.5
PA,Fireworks,1997,1,30.0,30.0
PA,Fireworks,1999,2,0.6,0.3
PA,Fireworks,2001,1,0.5,0.5
PA,Fireworks,2012,1,0.1,0.1
PA,Fireworks,2015,5,1.85,0.25
PA,Lightning,1993,1,0.1,0.1
PA,Lightning,1994,3,1.7000000000000002,0.1
PA,Lightning,1998,1,0.1,0.1
PA,Lightning,1999,1,32.0,32.0
PA,Lightning,2000,1,300.0,300.0
PA,Lightning,2001,1,0.1,0.1
PA,Lightning,2002,50,424.55485899999996,0.7
PA,Lightning,2003,6,35.1,7.45
PA,Lightning,2004,1,1.5,1.5
PA,Lightning,2005,10,59.022999999999996,1.2
PA,Lightning,2006,6,57.46,3.6
PA,Lightning,2007,17,14.03,0.1
PA,Lightning,2008,6,20.299999999999997,2.1
PA,Lightning,2009,2,29.51562,14.75781
PA,Lightning,2010,11,258.65000000000003,0.5
PA,Lightning,2011,10,17.49,1.4000000000000001
PA,Lightning,2012,11,24.07,0.5
PA,Lightning,2013,4,12.350000000000001,1.1500000000000001
PA,Lightning,2014,1,0.1,0.1
PA,Lightning,2015,5,0.65,0.1
PA,Miscellaneous,1992,4,2.7,0.75
PA,Miscellaneous,1993,3,2.2,0.5
PA,Miscellaneous,1994,4,51.0,10.5
PA,Miscellaneous,1995,6,7.1,1.0
PA,Miscellaneous,1996,5,5.799999999999999,0.1
PA,Miscellaneous,1997,7,65.69999999999999,5.0
PA,Miscellaneous,1998,4,37.0,2.75
PA,Miscellaneous,1999,6,13.399999999999999,1.05
PA,Miscellaneous,2000,6,42.699999999999996,1.0
PA,Miscellaneous,2001,5,38.7,1.0
PA,Miscellaneous,2002,96,549.2699999999999,0.5
PA,Miscellaneous,2003,48,154.61199999999997,0.5
PA,Miscellaneous,2004,26,11.651899999999996,0.1
PA,Miscellaneous,2005,103,195.27099999999987,0.25
PA,Miscellaneous,2006,166,1457.2499999999986,1.0
PA,Miscellaneous,2007,94,211.085,0.275
PA,Miscellaneous,2008,59,139.29029999999997,0.5
PA,Miscellaneous,2009,81,304.089,0.5
PA,Miscellaneous,2010,85,259.10949999999997,0.5
PA,Miscellaneous,2011,4,58.0,0.375
PA,Miscellaneous,2012,110,405.5,0.8200000000000001
PA,Miscellaneous,2013,63,90.18999999999998,0.5
PA,Miscellaneous,2014,67,115.86999999999995,0.8
PA,Miscellaneous,2015,59,299.81999999999994,1.0
PA,Missing/Undefined,2001,2,650.0,325.0
PA,Missing/Undefined,2007,3,3.15,0.75
PA,Missing/Undefined,2008,1,0.6,0.6
PA,Missing/Undefined,2009,13,3237.5,2.0
PA,Missing/Undefined,2010,4,15.4,4.65
PA,Missing/Undefined,2012,1,741.0,741.0
PA,Powerline,1998,1,0.1,0.1
PA,Powerline,2002,1,0.1,0.1
PA,Powerline,2003,1,0.1,0.1
PA,Powerline,2012,3,9.5,0.1
PA,Powerline,2015,23,35.45,0.25
PA,Railroad,1992,5,0.8999999999999999,0.1
PA,Railroad,1993,3,0.7999999999999999,0.1
PA,Railroad,1994,2,0.4,0.2
PA,Railroad,1999,1,14.8,14.8
PA,Railroad,2001,1,0.2,0.2
PA,Railroad,2002,15,240.4,0.25
PA,Railroad,2003,12,246.10238,1.75
PA,Railroad,2004,6,4.37,0.175
PA,Railroad,2005,23,865.1919999999999,2.0
PA,Railroad,2006,24,17.460599999999996,0.084
PA,Railroad,2007,16,30.765,0.26
PA,Railroad,2008,18,499.09,0.25
PA,Railroad,2009,29,559.72,0.5
PA,Railroad,2010,11,50.98000000000001,0.2
PA,Railroad,2011,69,217.51999999999995,0.2
PA,Railroad,2012,23,66.72,0.11
PA,Railroad,2013,25,9.929999999999993,0.1
PA,Railroad,2014,40,74.24,0.25
PA,Railroad,2015,12,24.75,0.25
PA,Smoking,1992,1,0.1,0.1
PA,Smoking,1993,1,0.1,0.1
PA,Smoking,1994,3,1.2,0.5
PA,Smoking,1995,4,1.0,0.2
PA,Smoking,1997,1,1.0,1.0
PA,Smoking,1999,3,10.6,0.3
PA,Smoking,2001,6,41.800000000000004,3.8
PA,Smoking,2002,16,61.45022,1.25
PA,Smoking,2003,5,29.110000000000003,7.0
PA,Smoking,2004,3,3.6100000000000003,1.5
PA,Smoking,2005,22,191.10999999999999,0.675
PA,Smoking,2006,15,23.494999999999997,0.25
PA,Smoking,2007,8,3.4600000000000004,0.1
PA,Smoking,2008,7,11.5,0.2
PA,Smoking,2009,5,69.85,3.0
PA,Smoking,2010,7,47.6,2.0
PA,Smoking,2011,59,137.51999999999998,0.9
PA,Smoking,2012,13,16.860000000000003,1.0
PA,Smoking,2013,6,18.75,2.25
PA,Smoking,2014,7,17.950000000000003,0.5
PA,Smoking,2015,6,3.9,0.525
PA,Structure,2015,5,9.36,1.0
PR,Arson,1992,4,127.0,17.5
PR,Arson,1993,1,163.0,163.0
PR,Arson,1994,2,955.0,477.5
PR,Arson,1996,2,500.0,250.0
PR,Arson,1997,2,0.8,0.4
PR,Arson,2003,1,8.0,8.0
PR,Arson,2005,47,2074.4999999999986,0.6
PR,Arson,2007,1,5.0,5.0
PR,Arson,2008,8,190.0,8.5
PR,Arson,2009,2,6.0,3.0
PR,Arson,2013,26,2325.0,4.0
PR,Arson,2014,34,162.90000000000003,0.7
PR,Arson,2015,12,352.85,0.925
PR,Campfire,2007,1,1.0,1.0
PR,Debris Burning,1997,4,82.0,3.0
PR,Lightning,2007,1,6.0,6.0
PR,Lightning,2012,1,1.0,1.0
PR,Miscellaneous,1994,1,25.0,25.0
PR,Miscellaneous,1996,1,2.0,2.0
PR,Miscellaneous,1998,1,1.0,1.0
PR,Miscellaneous,2002,1,55.0,55.0
PR,Miscellaneous,2003,2,475.3,237.65
PR,Miscellaneous,2004,2,62.1,31.05
PR,Miscellaneous,2005,6,345.0,49.5
PR,Miscellaneous,2006,11,183.0,15.0
PR,Miscellaneous,2007,32,1638.5,4.5
PR,Miscellaneous,2008,9,428.1,11.1
PR,Miscellaneous,2009,5,63.0,11.0
PR,Miscellaneous,2011,19,1190.3,25.0
PR,Miscellaneous,2013,1,34.4,34.4
PR,Miscellaneous,2014,4,90.3,8.0
PR,Miscellaneous,2015,15,6.9,0.5
PR,Missing/Undefined,2003,3619,18403.110000000015,1.0
PR,Missing/Undefined,2004,1883,9212.19,1.0
PR,Missing/Undefined,2005,4221,25712.590000000026,1.0
PR,Missing/Undefined,2006,2518,11080.12,1.0
PR,Missing/Undefined,2007,3658,23150.97999999999,1.0
PR,Missing/Undefined,2009,1683,8801.359999999999,1.0
PR,Missing/Undefined,2010,1750,7171.150000000001,1.0
PR,Missing/Undefined,2011,2471,22043.269999999986,1.0
PR,Missing/Undefined,2012,7,391.2,30.0
PR,Missing/Undefined,2013,6,168.0,1.55
PR,Missing/Undefined,2014,4,7.5,2.1
PR,Missing/Undefined,2015,1,967.0,967.0
PR,Smoking,1994,1,20.0,20.0
RI,Arson,2005,6,11.0,1.0
RI,Arson,2006,20,86.0,1.0
RI,Arson,2007,16,30.0,1.0
RI,Arson,2008,69,49.900000000000034,0.1
RI,Arson,2009,44,49.63000000000001,0.5
RI,Arson,2011,25,21.64,0.5
RI,Arson,2012,40,35.530000000000015,0.275
RI,Arson,2013,9,11.05,0.5
RI,Arson,2015,5,2.25,0.3
RI,Campfire,2005,6,13.0,1.5
RI,Campfire,2006,3,5.0,2.0
RI,Campfire,2007,1,1.0,1.0
RI,Campfire,2008,8,2.7000000000000006,0.1
RI,Campfire,2009,2,0.6,0.3
RI,Campfire,2012,2,0.55,0.275
RI,Campfire,2014,2,0.23,0.115
RI,Campfire,2015,11,28.470000000000002,0.4
RI,Children,2005,1,1.0,1.0
RI,Children,2008,9,4.699999999999999,0.1
RI,Children,2013,1,1.0,1.0
RI,Children,2014,3,0.95,0.25
RI,Children,2015,2,5.6899999999999995,2.8449999999999998
RI,Debris Burning,2005,2,7.0,3.5
RI,Debris Burning,2007,2,3.0,1.5
RI,Debris Burning,2008,9,1.8000000000000003,0.1
RI,Debris Burning,2009,1,0.4,0.4
RI,Debris Burning,2011,8,6.3,0.375
RI,Debris Burning,2012,5,3.33,0.5
RI,Debris Burning,2013,5,2.65,0.3
RI,Debris Burning,2014,6,2.9,0.35
RI,Debris Burning,2015,17,8.659999999999998,0.19
RI,Equipment Use,2005,2,3.0,1.5
RI,Equipment Use,2007,1,2.0,2.0
RI,Equipment Use,2008,3,2.1,1.0
RI,Equipment Use,2013,1,0.25,0.25
RI,Equipment Use,2014,2,0.6000000000000001,0.30000000000000004
RI,Equipment Use,2015,1,1.0,1.0
RI,Fireworks,2006,1,1.0,1.0
RI,Fireworks,2008,1,0.1,0.1
RI,Fireworks,2014,1,0.3,0.3
RI,Miscellaneous,1994,1,25.0,25.0
RI,Miscellaneous,2006,1,1.0,1.0
RI,Miscellaneous,2007,1,1.0,1.0
RI,Miscellaneous,2008,33,28.500000000000025,0.1
RI,Miscellaneous,2011,1,0.1,0.1
RI,Miscellaneous,2012,2,0.5,0.25
RI,Miscellaneous,2014,31,18.069999999999997,0.3
RI,Miscellaneous,2015,40,71.91000000000003,0.875
RI,Powerline,2008,1,1.0,1.0
RI,Powerline,2013,1,0.5,0.5
RI,Powerline,2014,1,0.25,0.25
RI,Railroad,2005,1,1.0,1.0
RI,Smoking,2008,2,0.2,0.1
RI,Smoking,2013,1,0.25,0.25
RI,Smoking,2015,6,1.6000000000000003,0.1
RI,Structure,2013,1,1.0,1.0
RI,Structure,2015,3,2.25,1.0
SC,Arson,1992,27,192.5,2.0
SC,Arson,1993,88,727.5000000000003,2.0
SC,Arson,1994,74,857.5000000000005,2.0
SC,Arson,1995,47,195.5,1.1
SC,Arson,1996,67,959.7,4.5
SC,Arson,1997,215,2227.7999999999975,1.0
SC,Arson,1998,1125,6953.800000000007,2.0
SC,Arson,1999,1684,13828.000000000027,2.0
SC,Arson,2000,1414,8712.200000000006,2.0
SC,Arson,2001,1769,13829.300000000045,2.0
SC,Arson,2002,1246,17638.10000000003,3.0
SC,Arson,2003,259,1599.7999999999997,2.0
SC,Arson,2004,695,7740.060000000005,3.0
SC,Arson,2005,658,5172.005000000002,2.0
SC,Arson,2006,643,5266.060000000007,2.0
SC,Arson,2007,972,7091.030000000013,2.0
SC,Arson,2008,575,4541.419999999998,2.0
SC,Arson,2009,412,3844.669999999996,3.0
SC,Arson,2010,417,2486.749999999998,2.0
SC,Arson,2011,592,8793.730000000005,3.0
SC,Arson,2012,489,5324.620000000002,2.0
SC,Arson,2013,352,3619.399999999999,2.5
SC,Arson,2014,302,1648.899999999999,2.0
SC,Arson,2015,187,1309.7999999999997,2.0
SC,Campfire,1993,2,40.5,20.25
SC,Campfire,1994,1,0.1,0.1
SC,Campfire,1995,2,3.1,1.55
SC,Campfire,1996,1,5.0,5.0
SC,Campfire,1997,6,41.1,4.0
SC,Campfire,1998,26,92.39999999999999,2.0
SC,Campfire,1999,36,475.0,3.75
SC,Campfire,2000,29,93.49999999999999,1.0
SC,Campfire,2001,48,189.09999999999997,1.5
SC,Campfire,2002,35,2047.8,3.0
SC,Campfire,2003,10,55.50000000000001,1.0
SC,Campfire,2004,16,92.60000000000001,1.0
SC,Campfire,2005,19,66.60000000000001,1.2
SC,Campfire,2006,14,29.55,1.25
SC,Campfire,2007,44,668.28,1.8
SC,Campfire,2008,21,72.5,1.0
SC,Campfire,2009,11,617.7,5.0
SC,Campfire,2010,18,97.52,2.5
SC,Campfire,2011,30,216.0,2.0
SC,Campfire,2012,26,82.1,1.45
SC,Campfire,2013,17,24.13,1.0
SC,Campfire,2014,18,607.0,3.0
SC,Campfire,2015,15,59.9,2.5
SC,Children,1993,1,0.5,0.5
SC,Children,1994,1,6.0,6.0
SC,Children,1997,43,54.4,0.8
SC,Children,1998,183,362.4000000000002,1.0
SC,Children,1999,295,628.4000000000002,1.0
SC,Children,2000,281,625.1000000000003,1.0
SC,Children,2001,347,570.3000000000004,0.5
SC,Children,2002,267,854.6000000000007,1.0
SC,Children,2003,82,141.1,1.0
SC,Children,2004,191,532.55,1.0
SC,Children,2005,169,497.45000000000016,1.0
SC,Children,2006,162,376.20000000000016,1.0
SC,Children,2007,245,559.9000000000003,1.0
SC,Children,2008,140,306.30000000000007,1.0
SC,Children,2009,90,260.5999999999999,1.0
SC,Children,2010,109,203.49999999999986,1.0
SC,Children,2011,146,494.20000000000005,1.5
SC,Children,2012,112,342.50000000000006,1.0
SC,Children,2013,91,279.90000000000003,1.5
SC,Children,2014,66,149.49999999999994,1.0
SC,Children,2015,52,135.2,1.5
SC,Debris Burning,1992,12,358.8,9.0
SC,Debris Burning,1993,16,52.800000000000004,2.05
SC,Debris Burning,1994,13,1437.6,5.0
SC,Debris Burning,1995,17,631.7,1.0
SC,Debris Burning,1996,17,331.9,5.0
SC,Debris Burning,1997,264,880.2000000000006,1.0
SC,Debris Burning,1998,1520,5809.9000000000215,1.0
SC,Debris Burning,1999,2345,13313.60000000007,2.0
SC,Debris Burning,2000,2143,8779.900000000041,1.0
SC,Debris Burning,2001,2809,11304.500000000098,1.0
SC,Debris Burning,2002,2032,17242.700000000023,2.0
SC,Debris Burning,2003,621,1941.0999999999976,1.0
SC,Debris Burning,2004,1487,10211.550000000037,2.0
SC,Debris Burning,2005,1232,5524.340000000008,2.0
SC,Debris Burning,2006,1292,7792.6800000000185,1.5
SC,Debris Burning,2007,1655,7648.920000000037,1.5
SC,Debris Burning,2008,1149,6456.669980000027,1.5
SC,Debris Burning,2009,803,23335.799999999927,1.5
SC,Debris Burning,2010,1038,4340.499999999991,1.5
SC,Debris Burning,2011,1484,9854.820000000032,2.0
SC,Debris Burning,2012,824,5101.700000000006,1.5
SC,Debris Burning,2013,761,3500.1499999999946,1.5
SC,Debris Burning,2014,962,4912.090000000007,1.5
SC,Debris Burning,2015,585,2529.0999999999963,1.5
SC,Equipment Use,1992,1,0.1,0.1
SC,Equipment Use,1993,4,0.6,0.1
SC,Equipment Use,1994,9,9.899999999999999,0.1
SC,Equipment Use,1995,10,23.1,0.3
SC,Equipment Use,1996,10,6.799999999999999,0.3
SC,Equipment Use,1997,65,141.59999999999997,1.0
SC,Equipment Use,1998,189,682.5000000000007,1.0
SC,Equipment Use,1999,281,1073.6000000000004,1.0
SC,Equipment Use,2000,306,1824.1999999999998,1.0
SC,Equipment Use,2001,376,2066.4999999999973,1.0
SC,Equipment Use,2002,285,1354.1000000000004,1.0
SC,Equipment Use,2003,120,364.6,1.0
SC,Equipment Use,2004,159,671.3500000000001,1.0
SC,Equipment Use,2005,211,1080.1,1.0
SC,Equipment Use,2006,208,587.4600000000007,1.0
SC,Equipment Use,2007,376,2017.6499999999992,1.5
SC,Equipment Use,2008,270,1136.339999999999,1.0
SC,Equipment Use,2009,149,1008.9500000000004,1.0
SC,Equipment Use,2010,202,595.0000000000002,1.0
SC,Equipment Use,2011,266,1374.2899999999995,1.3
SC,Equipment Use,2012,109,558.85,1.3
SC,Equipment Use,2013,125,789.1200000000003,1.0
SC,Equipment Use,2014,125,648.6100000000005,2.0
SC,Equipment Use,2015,89,591.5000000000002,2.0
SC,Fireworks,2005,1,2.1,2.1
SC,Fireworks,2011,23,1206.2999999999997,2.0
SC,Fireworks,2012,30,186.3,1.75
SC,Fireworks,2013,8,37.0,4.0
SC,Fireworks,2014,11,35.8,2.5
SC,Fireworks,2015,9,20.6,3.0
SC,Lightning,1992,6,254.39999999999998,33.5
SC,Lightning,1993,15,225.7,3.5
SC,Lightning,1994,7,12.9,0.1
SC,Lightning,1995,13,61.8,1.0
SC,Lightning,1996,4,28.5,3.25
SC,Lightning,1997,36,614.2,2.75
SC,Lightning,1998,80,1078.0999999999997,3.0
SC,Lightning,1999,146,1920.599999999999,3.0
SC,Lightning,2000,195,2224.199999999999,2.0
SC,Lightning,2001,90,1366.0999999999997,2.25
SC,Lightning,2002,264,2965.3999999999974,3.0
SC,Lightning,2003,11,69.60000000000001,2.0
SC,Lightning,2004,68,761.2,2.0
SC,Lightning,2005,34,481.2000000000001,3.5
SC,Lightning,2006,120,1602.49,4.12
SC,Lightning,2007,165,2014.8399999999986,2.0
SC,Lightning,2008,237,2770.479999999999,3.0
SC,Lightning,2009,45,369.0,1.0
SC,Lightning,2010,58,615.5,2.0
SC,Lightning,2011,171,3066.9699999999984,6.0
SC,Lightning,2012,108,1963.7999999999993,2.3
SC,Lightning,2013,9,85.0,10.0
SC,Lightning,2014,47,1137.5800000000002,3.5
SC,Lightning,2015,67,667.0,3.0
SC,Miscellaneous,1992,9,79.3,0.1
SC,Miscellaneous,1993,12,265.8,2.0
SC,Miscellaneous,1994,6,47.300000000000004,0.55
SC,Miscellaneous,1995,14,379.9,1.3
SC,Miscellaneous,1996,10,323.9,3.0
SC,Miscellaneous,1997,2404,21120.699999999943,2.0
SC,Miscellaneous,1998,257,865.4000000000011,1.0
SC,Miscellaneous,1999,411,1594.2999999999981,1.0
SC,Miscellaneous,2000,404,1733.199999999998,1.0
SC,Miscellaneous,2001,520,5757.700000000014,1.0
SC,Miscellaneous,2002,405,2519.7999999999984,1.5
SC,Miscellaneous,2003,157,2358.6999999999975,1.0
SC,Miscellaneous,2004,332,2279.0899999999983,1.5
SC,Miscellaneous,2005,265,1373.4499999999987,1.0
SC,Miscellaneous,2006,297,1418.7999999999993,1.0
SC,Miscellaneous,2007,402,1683.8999999999996,1.0
SC,Miscellaneous,2008,277,1801.6899999999985,1.0
SC,Miscellaneous,2009,191,885.3500000000007,1.0
SC,Miscellaneous,2010,245,922.0000000000002,1.0
SC,Miscellaneous,2011,320,4064.439999999997,1.5
SC,Miscellaneous,2012,164,1177.66,1.55
SC,Miscellaneous,2013,131,715.4300000000003,1.5
SC,Miscellaneous,2014,196,1401.029999999999,1.75
SC,Miscellaneous,2015,157,812.1100000000004,1.3
SC,Missing/Undefined,1992,5136,30313.699999999742,2.0
SC,Missing/Undefined,1993,5143,32894.09999999981,1.5
SC,Missing/Undefined,1994,4374,27714.29999999982,2.0
SC,Missing/Undefined,1995,3412,16489.500000000116,1.5
SC,Missing/Undefined,1996,4303,26874.799999999916,2.0
SC,Missing/Undefined,1999,1,2484.0,2484.0
SC,Missing/Undefined,2013,1,16.0,16.0
SC,Missing/Undefined,2015,2,0.6,0.3
SC,Powerline,1992,1,0.5,0.5
SC,Powerline,1999,1,7.0,7.0
SC,Powerline,2004,2,6.2,3.1
SC,Powerline,2011,46,295.99999999999994,1.5
SC,Powerline,2013,61,220.7,1.1
SC,Powerline,2014,69,450.8,1.5
SC,Powerline,2015,58,267.09999999999997,1.0
SC,Railroad,1993,4,71.1,8.0
SC,Railroad,1994,2,190.5,95.25
SC,Railroad,1995,1,2.1,2.1
SC,Railroad,1997,9,46.900000000000006,4.0
SC,Railroad,1998,27,185.69999999999996,2.0
SC,Railroad,1999,47,149.2,1.0
SC,Railroad,2000,67,281.5999999999999,1.2
SC,Railroad,2001,56,311.9,1.0
SC,Railroad,2002,32,431.0,1.5
SC,Railroad,2003,10,8.8,0.9
SC,Railroad,2004,13,99.30000000000001,2.0
SC,Railroad,2005,23,55.0,1.0
SC,Railroad,2006,24,110.7,2.0
SC,Railroad,2007,38,195.66999999999996,1.0
SC,Railroad,2008,23,106.37999999999998,2.0
SC,Railroad,2009,16,60.6,0.75
SC,Railroad,2010,13,87.1,1.0
SC,Railroad,2011,13,38.0,2.0
SC,Railroad,2012,28,437.90000000000003,1.75
SC,Railroad,2013,8,12.700000000000001,1.25
SC,Railroad,2014,21,75.89,2.0
SC,Railroad,2015,20,111.9,1.25
SC,Smoking,1992,3,3.5,1.0
SC,Smoking,1993,2,6.1,3.05
SC,Smoking,1994,2,78.0,39.0
SC,Smoking,1995,4,8.1,2.0
SC,Smoking,1996,2,79.0,39.5
SC,Smoking,1997,28,111.6,1.0
SC,Smoking,1998,101,338.80000000000007,1.0
SC,Smoking,1999,137,460.7000000000001,1.0
SC,Smoking,2000,156,923.4000000000004,1.75
SC,Smoking,2001,210,1132.5999999999997,1.0
SC,Smoking,2002,117,432.10000000000014,1.5
SC,Smoking,2003,45,182.64999999999992,2.0
SC,Smoking,2004,95,996.8000000000003,3.0
SC,Smoking,2005,92,494.9000000000002,1.5
SC,Smoking,2006,95,462.3200000000001,2.0
SC,Smoking,2007,101,395.40999999999997,2.0
SC,Smoking,2008,52,205.99999999999991,1.0
SC,Smoking,2009,40,183.54999999999998,1.15
SC,Smoking,2010,44,120.49999999999997,1.0
SC,Smoking,2011,60,251.29999999999998,1.75
SC,Smoking,2012,42,183.70000000000002,2.75
SC,Smoking,2013,39,119.19999999999999,1.0
SC,Smoking,2014,33,65.10000000000001,1.0
SC,Smoking,2015,32,89.8,1.0
SC,Structure,2011,30,30.000000000000007,0.9
SC,Structure,2012,39,78.19999999999999,1.0
SC,Structure,2013,23,60.00000000000001,1.0
SC,Structure,2014,43,93.60000000000001,0.5
SC,Structure,2015,26,30.8,1.0
SD,Arson,1992,40,2323.8999999999996,1.5
SD,Arson,1993,43,2242.7999999999975,0.2
SD,Arson,1994,29,223.19999999999993,0.5
SD,Arson,1995,35,2297.999999999998,0.2
SD,Arson,1996,43,295.03,0.5
SD,Arson,1997,32,43.10000000000003,0.1
SD,Arson,1998,24,1130.2000000000003,0.225
SD,Arson,1999,43,3867.7009999999996,1.0
SD,Arson,2000,31,85413.96100000001,4.0
SD,Arson,2001,18,108.3,1.1
SD,Arson,2002,25,991.4000000000001,1.3
SD,Arson,2003,131,2158.5499999999993,1.0
SD,Arson,2004,42,65.30000000000001,0.5
SD,Arson,2005,62,423.40000000000003,1.0
SD,Arson,2006,43,1298.5500000000002,1.0
SD,Arson,2007,26,3364.5,0.5
SD,Arson,2008,69,268.6500000000001,0.2
SD,Arson,2009,36,122.60000000000002,0.30000000000000004
SD,Arson,2010,55,388.4000000000005,0.2
SD,Arson,2011,63,1947.6199999999992,0.2
SD,Arson,2012,94,5903.970000000002,0.3
SD,Arson,2013,63,228.99999999999983,0.1
SD,Arson,2014,71,185.5999999999999,0.1
SD,Arson,2015,78,1298.6499999999983,0.1
SD,Campfire,1992,26,9.3,0.1
SD,Campfire,1993,29,9.9,0.1
SD,Campfire,1994,44,56.00000000000001,0.1
SD,Campfire,1995,44,11.9,0.1
SD,Campfire,1996,47,1690.6999999999998,0.1
SD,Campfire,1997,42,23.940000000000005,0.1
SD,Campfire,1998,36,10.129999999999999,0.1
SD,Campfire,1999,26,25.560000000000002,0.1
SD,Campfire,2000,45,94.19999999999978,0.1
SD,Campfire,2001,37,53.010000000000005,0.1
SD,Campfire,2002,28,9.679999999999994,0.1
SD,Campfire,2003,19,49.6,0.1
SD,Campfire,2004,38,15.749999999999991,0.1
SD,Campfire,2005,43,921.1500000000005,0.1
SD,Campfire,2006,22,243.15999999999997,0.1
SD,Campfire,2007,28,31.640000000000008,0.1
SD,Campfire,2008,20,39.98,0.1
SD,Campfire,2009,24,69.77000000000001,0.1
SD,Campfire,2010,15,4.42,0.1
SD,Campfire,2011,32,72.00999999999996,0.1
SD,Campfire,2012,40,887.2400000000002,0.1
SD,Campfire,2013,22,102.71,0.1
SD,Campfire,2014,25,1284.3999999999999,0.1
SD,Campfire,2015,29,199.32,0.1
SD,Children,1992,109,3772.7999999999975,0.2
SD,Children,1993,72,155.19999999999982,0.2
SD,Children,1994,138,706.1500000000015,0.2
SD,Children,1995,91,230.79999999999978,0.3
SD,Children,1996,162,560.2000000000012,0.5
SD,Children,1997,124,1141.16,0.2
SD,Children,1998,190,3041.1499999999955,0.35
SD,Children,1999,271,3471.3019999999938,0.2
SD,Children,2000,491,10646.150000000078,0.2
SD,Children,2001,299,2267.159999999991,0.2
SD,Children,2002,361,14703.825000000033,0.3
SD,Children,2003,231,4949.7499999999945,0.3
SD,Children,2004,118,111.09999999999987,0.1
SD,Children,2005,219,568.6400000000006,0.2
SD,Children,2006,313,1923.0099999999932,0.2
SD,Children,2007,124,411.00000000000057,0.1
SD,Children,2008,196,94.49999999999972,0.1
SD,Children,2009,94,735.5800000000002,0.1
SD,Children,2010,67,87.69999999999992,0.1
SD,Children,2011,42,25.700000000000014,0.1
SD,Children,2012,151,327.7999999999997,0.1
SD,Children,2013,87,32.700000000000024,0.1
SD,Children,2014,79,369.34999999999997,0.1
SD,Children,2015,79,588.9000000000007,0.2
SD,Debris Burning,1992,144,3349.599999999996,0.5
SD,Debris Burning,1993,108,1478.4999999999973,1.0
SD,Debris Burning,1994,194,3665.0999999999967,0.7
SD,Debris Burning,1995,146,3188.049999999995,0.5
SD,Debris Burning,1996,161,3057.749999999996,0.3
SD,Debris Burning,1997,120,1890.500000000001,0.5
SD,Debris Burning,1998,158,1945.4400000000012,0.725
SD,Debris Burning,1999,336,9304.719999999994,1.0
SD,Debris Burning,2000,362,21023.679999999993,2.0
SD,Debris Burning,2001,221,3517.895,0.5
SD,Debris Burning,2002,427,11230.000000000015,0.5
SD,Debris Burning,2003,342,5100.869999999993,0.35
SD,Debris Burning,2004,348,5190.000000000003,0.1
SD,Debris Burning,2005,311,3565.4500000000007,0.2
SD,Debris Burning,2006,355,3337.1900000000014,0.5
SD,Debris Burning,2007,239,3929.9099999999985,0.1
SD,Debris Burning,2008,354,35978.40999999998,4.5
SD,Debris Burning,2009,267,29647.801299999985,5.0
SD,Debris Burning,2010,62,365.00000000000034,0.15000000000000002
SD,Debris Burning,2011,111,3067.659999999997,0.5
SD,Debris Burning,2012,197,1137.6300000000003,0.4
SD,Debris Burning,2013,101,875.7300000000001,0.2
SD,Debris Burning,2014,90,1649.9499999999998,0.2
SD,Debris Burning,2015,157,7261.800000000006,0.5
SD,Equipment Use,1992,76,6295.7300000000105,0.1
SD,Equipment Use,1993,83,1483.1999999999948,0.1
SD,Equipment Use,1994,98,2890.149999999997,0.1
SD,Equipment Use,1995,93,2945.9999999999955,0.1
SD,Equipment Use,1996,100,2060.8999999999983,0.1
SD,Equipment Use,1997,78,439.2000000000005,0.1
SD,Equipment Use,1998,123,4809.749999999997,0.1
SD,Equipment Use,1999,253,15466.939100000005,1.0
SD,Equipment Use,2000,252,23289.683000000005,2.0
SD,Equipment Use,2001,210,23522.590000000004,1.0
SD,Equipment Use,2002,212,20613.534000000018,0.5
SD,Equipment Use,2003,238,6572.049999999996,1.0
SD,Equipment Use,2004,116,403.54999999999995,0.1
SD,Equipment Use,2005,195,4227.33,1.0
SD,Equipment Use,2006,235,8559.639999999998,1.5
SD,Equipment Use,2007,205,7348.142,2.0
SD,Equipment Use,2008,131,2666.3329999999987,1.0
SD,Equipment Use,2009,110,2446.5399999999995,0.65
SD,Equipment Use,2010,56,430.4000000000005,0.2
SD,Equipment Use,2011,130,3370.6800000000003,1.0
SD,Equipment Use,2012,189,27636.39999999995,2.1
SD,Equipment Use,2013,60,734.0677000000003,0.25
SD,Equipment Use,2014,101,1770.7099999999984,0.2
SD,Equipment Use,2015,184,16659.040000000005,1.2
SD,Fireworks,1992,19,8.599999999999996,0.1
SD,Fireworks,1993,8,4.399999999999999,0.15000000000000002
SD,Fireworks,1994,58,339.5000000000004,0.1
SD,Fireworks,1995,12,6.599999999999998,0.1
SD,Fireworks,1996,48,155.39999999999992,0.25
SD,Fireworks,1997,39,17.5,0.1
SD,Fireworks,1998,19,70.65,0.4
SD,Fireworks,1999,36,51.73000000000001,0.3
SD,Fireworks,2000,51,54.7,0.5
SD,Fireworks,2001,39,57.16000000000001,1.0
SD,Fireworks,2002,130,18980.376999999975,0.5
SD,Fireworks,2003,69,1037.4000000000003,0.22
SD,Fireworks,2004,187,117.49999999999953,0.1
SD,Fireworks,2005,150,215.46899999999962,0.1
SD,Fireworks,2006,454,1279.9250000000015,0.1
SD,Fireworks,2007,336,25816.15999999993,0.1
SD,Fireworks,2008,105,28.32000000000003,0.1
SD,Fireworks,2009,38,7.299999999999994,0.1
SD,Fireworks,2010,75,36.20000000000004,0.1
SD,Fireworks,2011,39,8.499999999999993,0.1
SD,Fireworks,2012,210,241.79999999999913,0.1
SD,Fireworks,2013,94,16.799999999999986,0.1
SD,Fireworks,2014,51,9.349999999999993,0.1
SD,Fireworks,2015,37,6.349999999999998,0.1
SD,Lightning,1992,85,439.6500000000002,0.2
SD,Lightning,1993,50,107.09999999999994,0.25
SD,Lightning,1994,207,6075.850000000003,1.0
SD,Lightning,1995,148,1046.2599999999998,0.2
SD,Lightning,1996,167,6257.860000000014,0.3
SD,Lightning,1997,90,350.46,0.5
SD,Lightning,1998,129,2025.33,0.6
SD,Lightning,1999,92,1492.6599999999999,1.0
SD,Lightning,2000,537,157787.0620000001,2.0
SD,Lightning,2001,249,15583.90000000003,0.5
SD,Lightning,2002,407,13882.30000000001,1.0
SD,Lightning,2003,320,32377.359999999873,1.0
SD,Lightning,2004,244,4156.439999999997,0.25
SD,Lightning,2005,368,31120.490010000012,1.0
SD,Lightning,2006,803,166815.96600000013,5.0
SD,Lightning,2007,308,32007.109999999968,0.75
SD,Lightning,2008,123,290.1100000000003,0.5
SD,Lightning,2009,135,309.34999999999997,0.1
SD,Lightning,2010,50,282.79999999999995,0.4
SD,Lightning,2011,163,10936.520000000013,0.5
SD,Lightning,2012,399,83961.92000000014,1.6
SD,Lightning,2013,95,194.34999999999994,0.1
SD,Lightning,2014,50,490.71,0.2
SD,Lightning,2015,75,16548.35,0.25
SD,Miscellaneous,1992,34,42485.0,4.0
SD,Miscellaneous,1993,29,196.79999999999995,1.0
SD,Miscellaneous,1994,68,1171.2499999999998,0.55
SD,Miscellaneous,1995,32,36.18000000000002,0.1
SD,Miscellaneous,1996,20,264.9,4.0
SD,Miscellaneous,1997,32,398.95,0.3
SD,Miscellaneous,1998,25,78.78,1.0
SD,Miscellaneous,1999,136,12181.140000000001,2.0
SD,Miscellaneous,2000,203,28845.279999999995,3.0
SD,Miscellaneous,2001,72,1977.8849999999995,1.0
SD,Miscellaneous,2002,149,28284.125000000015,1.0
SD,Miscellaneous,2003,157,16648.000000000004,1.0
SD,Miscellaneous,2004,163,1187.0500000000015,0.3
SD,Miscellaneous,2005,194,2229.3099999999927,0.2
SD,Miscellaneous,2006,169,3241.859999999993,0.2
SD,Miscellaneous,2007,209,5603.4,0.2
SD,Miscellaneous,2008,83,1023.1100000000007,0.3
SD,Miscellaneous,2009,196,2651.1009999999915,0.1
SD,Miscellaneous,2010,274,1520.0200000000018,0.1
SD,Miscellaneous,2011,800,46127.875999999895,1.0
SD,Miscellaneous,2012,1368,33843.51899999991,1.0
SD,Miscellaneous,2013,464,12822.276010000065,0.25
SD,Miscellaneous,2014,494,9662.870000000024,1.0
SD,Miscellaneous,2015,280,10435.750000000013,1.0
SD,Missing/Undefined,1992,1,0.5,0.5
SD,Missing/Undefined,1993,2,358.1,179.05
SD,Missing/Undefined,1994,1,20.0,20.0
SD,Missing/Undefined,1995,6,3.53,0.7
SD,Missing/Undefined,1996,12,90.29999999999998,2.5
SD,Missing/Undefined,1997,1,0.5,0.5
SD,Missing/Undefined,1998,31,302.4,0.25
SD,Missing/Undefined,1999,104,6024.673200000004,1.0
SD,Missing/Undefined,2000,148,10473.917000000005,2.0
SD,Missing/Undefined,2001,66,1918.6129999999996,1.0
SD,Missing/Undefined,2002,71,6026.1500000000015,2.0
SD,Missing/Undefined,2003,99,7892.179999999999,1.0
SD,Missing/Undefined,2004,18,3106.9,1.25
SD,Missing/Undefined,2005,96,3167.7399999999993,2.0
SD,Missing/Undefined,2006,125,6077.140000000001,1.0
SD,Missing/Undefined,2007,86,1594.1850000000002,1.0
SD,Missing/Undefined,2008,57,938.7200000000001,1.0
SD,Missing/Undefined,2009,53,1159.388,1.62
SD,Missing/Undefined,2010,7,2463.4,0.1
SD,Missing/Undefined,2011,4,2.6,0.55
SD,Missing/Undefined,2012,11,520.1000000000001,0.1
SD,Missing/Undefined,2013,4,29.7,0.1
SD,Missing/Undefined,2014,3,1182.0,250.0
SD,Missing/Undefined,2015,1,1.2,1.2
SD,Powerline,1992,2,0.2,0.1
SD,Powerline,1993,1,7.0,7.0
SD,Powerline,1994,10,521.4,1.35
SD,Powerline,1995,4,189.2,2.5500000000000003
SD,Powerline,1996,10,1667.1,3.05
SD,Powerline,1997,7,3.8,0.3
SD,Powerline,1998,14,518.1500000000001,1.75
SD,Powerline,1999,26,27209.85,0.375
SD,Powerline,2000,25,237.06099999999998,0.6
SD,Powerline,2001,18,25.549999999999997,0.375
SD,Powerline,2002,27,2821.2,2.0
SD,Powerline,2003,28,3294.87,0.375
SD,Powerline,2004,14,50.80000000000001,0.3
SD,Powerline,2005,23,218.1,0.1
SD,Powerline,2006,35,274.5999999999999,0.25
SD,Powerline,2007,25,826.9500000000003,1.0
SD,Powerline,2008,15,49.86,1.0
SD,Powerline,2009,7,1156.1049999999998,0.58
SD,Powerline,2010,15,34.2,0.1
SD,Powerline,2011,9,24.000000000000007,0.1
SD,Powerline,2012,17,14774.1,1.0
SD,Powerline,2013,12,15.85,0.15000000000000002
SD,Powerline,2014,19,1950.5000000000002,0.2
SD,Powerline,2015,10,230.58999999999997,0.575
SD,Railroad,1992,3,51.0,5.0
SD,Railroad,1994,1,2.5,2.5
SD,Railroad,1995,2,6.0,3.0
SD,Railroad,1996,4,139.3,10.0
SD,Railroad,1998,5,10.399999999999999,0.1
SD,Railroad,1999,11,439.16,0.5
SD,Railroad,2000,22,1922.92,2.7
SD,Railroad,2001,3,2601.5,100.0
SD,Railroad,2002,4,144.003,43.0
SD,Railroad,2003,1,1.25,1.25
SD,Railroad,2004,7,11.0,0.5
SD,Railroad,2005,5,12.86,0.75
SD,Railroad,2006,6,3504.75,2.25
SD,Railroad,2007,6,22.4,2.5
SD,Railroad,2008,2,10.7,5.35
SD,Railroad,2009,6,350.25,2.1
SD,Railroad,2010,1,2.5,2.5
SD,Railroad,2011,9,426.2,2.0
SD,Railroad,2012,11,386.37,0.75
SD,Railroad,2014,2,5.1,2.55
SD,Railroad,2015,6,7.550000000000001,0.625
SD,Smoking,1992,13,674.0,9.2
SD,Smoking,1993,9,86.09999999999998,0.1
SD,Smoking,1994,24,845.0500000000001,0.75
SD,Smoking,1995,15,289.7,1.0
SD,Smoking,1996,32,2438.68,1.2
SD,Smoking,1997,8,3.1,0.15000000000000002
SD,Smoking,1998,22,122.44999999999996,0.4
SD,Smoking,1999,36,824.8100000000001,1.5
SD,Smoking,2000,54,8916.210000000003,1.0
SD,Smoking,2001,46,2723.3799999999997,0.9
SD,Smoking,2002,57,745.9500000000004,0.5
SD,Smoking,2003,44,515.8499999999999,0.5
SD,Smoking,2004,26,229.80999999999997,1.0
SD,Smoking,2005,37,815.6,1.0
SD,Smoking,2006,48,882.8700000000001,1.0
SD,Smoking,2007,15,147.0,1.0
SD,Smoking,2008,11,9.159999999999998,0.25
SD,Smoking,2009,5,41.300000000000004,0.1
SD,Smoking,2010,2,0.2,0.1
SD,Smoking,2011,6,18.33,0.565
SD,Smoking,2012,16,821.4500000000002,0.5
SD,Smoking,2013,4,3.1,1.0
SD,Smoking,2014,14,55.10000000000001,0.2
SD,Smoking,2015,16,323.1600000000001,1.4
SD,Structure,1992,2,2.0,1.0
SD,Structure,1993,4,4.199999999999999,0.55
SD,Structure,1994,10,3.9000000000000004,0.45
SD,Structure,1995,37,21.00000000000003,0.1
SD,Structure,1996,33,10.899999999999993,0.1
SD,Structure,1997,34,6.399999999999997,0.1
SD,Structure,1998,40,7.999999999999993,0.1
SD,Structure,1999,39,9.98,0.1
SD,Structure,2000,50,6561.24,0.1
SD,Structure,2001,60,903.8000000000005,0.1
SD,Structure,2002,64,94.24999999999984,0.1
SD,Structure,2003,51,894.8299999999999,0.1
SD,Structure,2004,56,7.599999999999996,0.1
SD,Structure,2005,59,73.89999999999999,0.1
SD,Structure,2006,38,131.89999999999986,0.1
SD,Structure,2007,20,4.800000000000001,0.1
SD,Structure,2008,24,22.50000000000001,0.1
SD,Structure,2009,13,11.700000000000001,0.1
SD,Structure,2010,19,19.000000000000007,0.1
SD,Structure,2011,23,8.799999999999997,0.1
SD,Structure,2012,23,24.15000000000001,0.1
SD,Structure,2013,16,4.9,0.1
SD,Structure,2014,24,130.29999999999995,0.25
SD,Structure,2015,14,5.800000000000001,0.35
TN,Arson,1992,33,217.39999999999995,2.0
TN,Arson,1993,26,130.19999999999996,0.35
TN,Arson,1994,42,3058.0999999999995,5.85
TN,Arson,1995,58,984.1000000000001,2.5
TN,Arson,1996,29,277.6,2.0
TN,Arson,1997,630,8096.000000000007,3.0
TN,Arson,1998,833,15888.600000000033,3.0
TN,Arson,1999,1435,27559.699999999895,3.0
TN,Arson,2000,1211,63697.69999999988,3.3
TN,Arson,2001,1235,51367.19999999989,3.0
TN,Arson,2002,552,7478.700000000005,3.0
TN,Arson,2003,14,230.5,14.0
TN,Arson,2004,42,576.6500000000001,5.0
TN,Arson,2005,796,15202.150000000029,3.0
TN,Arson,2006,706,18476.99999999997,4.0
TN,Arson,2007,1138,23818.059999999994,3.75
TN,Arson,2008,26,1800.2999999999997,2.625
TN,Arson,2009,444,10118.95000000001,4.0
TN,Arson,2010,603,10653.370000000015,2.5
TN,Arson,2011,374,7242.810000000009,4.0
TN,Arson,2012,365,11344.65,4.0
TN,Arson,2013,238,7257.350000000003,4.3
TN,Arson,2014,345,7824.82,6.0
TN,Arson,2015,203,5062.660000000002,4.5
TN,Campfire,1993,6,29.3,2.05
TN,Campfire,1994,5,29.300000000000004,0.1
TN,Campfire,1995,2,35.0,17.5
TN,Campfire,1996,7,63.60000000000001,0.1
TN,Campfire,1997,15,305.1,2.0
TN,Campfire,1998,19,152.59999999999997,1.0
TN,Campfire,1999,54,703.2,3.0
TN,Campfire,2000,26,350.7,4.0
TN,Campfire,2001,25,150.1,2.0
TN,Campfire,2002,22,153.39999999999998,0.9
TN,Campfire,2004,2,19.1,9.55
TN,Campfire,2005,19,425.5,5.5
TN,Campfire,2006,24,296.0,2.0
TN,Campfire,2007,10,1565.2599999999998,2.0
TN,Campfire,2008,24,66.25,0.5
TN,Campfire,2009,16,452.40000000000003,1.75
TN,Campfire,2010,54,724.25,1.0
TN,Campfire,2011,26,953.7,1.35
TN,Campfire,2012,31,72.9,1.0
TN,Campfire,2013,23,58.599999999999994,0.1
TN,Campfire,2014,28,222.69999999999996,2.5
TN,Campfire,2015,8,34.4,1.25
TN,Children,1994,1,19.0,19.0
TN,Children,1997,24,53.900000000000006,1.0
TN,Children,1998,31,245.59999999999997,3.0
TN,Children,1999,30,56.900000000000006,1.0
TN,Children,2000,25,136.0,1.0
TN,Children,2001,40,114.90000000000002,1.0
TN,Children,2002,16,62.90000000000001,1.0
TN,Children,2004,1,7.0,7.0
TN,Children,2005,17,23.699999999999996,1.0
TN,Children,2006,35,98.3,1.5
TN,Children,2007,42,77.75,1.0
TN,Children,2008,14,57.150000000000006,1.0
TN,Children,2009,15,28.400000000000006,0.6
TN,Children,2010,24,68.8,2.0
TN,Children,2011,11,26.1,2.0
TN,Children,2012,16,32.9,1.0
TN,Children,2013,6,43.6,2.5
TN,Children,2014,13,63.2,2.0
TN,Children,2015,14,104.6,2.5
TN,Debris Burning,1992,9,64.8,5.0
TN,Debris Burning,1993,7,438.7,2.0
TN,Debris Burning,1994,12,114.9,2.5
TN,Debris Burning,1995,10,117.2,7.5
TN,Debris Burning,1996,6,41.1,8.0
TN,Debris Burning,1997,558,3000.799999999995,1.5
TN,Debris Burning,1998,702,3072.7999999999934,1.0
TN,Debris Burning,1999,1264,8183.000000000032,1.5
TN,Debris Burning,2000,976,6184.6000000000095,2.0
TN,Debris Burning,2001,935,5672.10000000001,2.0
TN,Debris Burning,2002,636,3545.8999999999937,1.5
TN,Debris Burning,2003,3,120.6,50.0
TN,Debris Burning,2004,9,135.1,2.0
TN,Debris Burning,2005,889,5870.550000000001,2.0
TN,Debris Burning,2006,1056,9320.90000000003,2.0
TN,Debris Burning,2007,1322,11704.360000000042,2.0
TN,Debris Burning,2008,562,5629.729999999995,1.5
TN,Debris Burning,2009,689,3898.9999999999905,2.0
TN,Debris Burning,2010,769,4441.399999999995,2.0
TN,Debris Burning,2011,431,2235.8899999999962,1.7
TN,Debris Burning,2012,442,2312.1399999999967,1.0
TN,Debris Burning,2013,230,1442.9999999999995,2.0
TN,Debris Burning,2014,590,5731.100000000004,3.0
TN,Debris Burning,2015,234,2099.499999999999,3.0
TN,Equipment Use,1992,1,0.1,0.1
TN,Equipment Use,1993,1,0.1,0.1
TN,Equipment Use,1995,6,310.30000000000007,1.05
TN,Equipment Use,1996,2,0.6,0.3
TN,Equipment Use,1997,45,240.99999999999994,1.0
TN,Equipment Use,1998,83,370.7000000000002,1.5
TN,Equipment Use,1999,239,1602.3000000000002,1.0
TN,Equipment Use,2000,163,1411.4000000000005,2.0
TN,Equipment Use,2001,108,831.5000000000006,1.0
TN,Equipment Use,2002,81,570.1000000000004,1.0
TN,Equipment Use,2003,1,0.1,0.1
TN,Equipment Use,2005,118,617.3000000000003,1.0
TN,Equipment Use,2006,131,992.1000000000005,1.0
TN,Equipment Use,2007,174,1172.8499999999997,2.0
TN,Equipment Use,2008,3,78.0,0.1
TN,Equipment Use,2009,65,230.7999999999999,1.0
TN,Equipment Use,2010,153,822.6800000000002,2.0
TN,Equipment Use,2011,83,611.4500000000002,2.0
TN,Equipment Use,2012,73,470.15,1.0
TN,Equipment Use,2013,27,133.1,2.5
TN,Equipment Use,2014,82,533.3000000000002,2.0
TN,Equipment Use,2015,50,195.19999999999993,1.25
TN,Fireworks,1997,1,0.1,0.1
TN,Fireworks,1999,1,1.0,1.0
TN,Fireworks,2005,16,53.00000000000001,1.0
TN,Fireworks,2007,29,47.800000000000004,0.5
TN,Fireworks,2009,11,12.82,0.3
TN,Fireworks,2010,13,40.2,1.0
TN,Fireworks,2011,6,7.499999999999999,0.1
TN,Fireworks,2012,27,164.10000000000002,1.0
TN,Fireworks,2013,5,5.2,1.0
TN,Fireworks,2014,6,23.9,3.4
TN,Fireworks,2015,3,34.0,15.0
TN,Lightning,1992,3,4.1,1.0
TN,Lightning,1993,13,169.0,1.5
TN,Lightning,1995,12,409.9,6.2
TN,Lightning,1997,11,316.9,3.0
TN,Lightning,1998,6,443.30000000000007,2.55
TN,Lightning,1999,23,674.0000000000001,3.0
TN,Lightning,2000,30,500.1,1.0
TN,Lightning,2001,12,115.69999999999997,2.0
TN,Lightning,2002,21,672.7000000000002,9.2
TN,Lightning,2004,1,75.4,75.4
TN,Lightning,2005,9,5.699999999999999,0.1
TN,Lightning,2006,28,2272.7999999999993,0.5
TN,Lightning,2007,104,4412.399999999998,2.0
TN,Lightning,2008,32,3450.099999999999,2.6
TN,Lightning,2009,4,51.7,12.55
TN,Lightning,2010,22,903.0000000000001,1.25
TN,Lightning,2011,25,1691.1499999999996,2.0
TN,Lightning,2012,58,1368.149999999999,1.0
TN,Lightning,2013,12,21.21,0.1
TN,Lightning,2014,12,64.4,3.0
TN,Lightning,2015,7,1.4,0.1
TN,Miscellaneous,1992,4,20.3,5.0
TN,Miscellaneous,1993,9,98.4,1.0
TN,Miscellaneous,1994,12,78.8,3.65
TN,Miscellaneous,1995,10,67.69999999999997,0.5
TN,Miscellaneous,1996,9,100.5,0.5
TN,Miscellaneous,1997,75,269.2,1.0
TN,Miscellaneous,1998,100,512.7,1.0
TN,Miscellaneous,1999,239,1828.7999999999986,1.0
TN,Miscellaneous,2000,150,902.6000000000001,1.0
TN,Miscellaneous,2001,112,1022.8000000000008,1.65
TN,Miscellaneous,2002,113,563.8000000000002,1.0
TN,Miscellaneous,2003,4,19.3,3.5
TN,Miscellaneous,2004,8,10.5,0.6
TN,Miscellaneous,2005,43,214.79999999999998,1.2
TN,Miscellaneous,2006,154,583.8000000000003,1.0
TN,Miscellaneous,2007,180,2279.9999999999986,2.0
TN,Miscellaneous,2008,212,2276.930009999998,1.0
TN,Miscellaneous,2009,81,822.3000000000004,1.0
TN,Miscellaneous,2010,97,757.5500000000003,2.0
TN,Miscellaneous,2011,98,636.1000000000001,2.0
TN,Miscellaneous,2012,86,4939.249999999998,1.1
TN,Miscellaneous,2013,39,273.85,2.0
TN,Miscellaneous,2014,89,1321.6499999999999,3.0
TN,Miscellaneous,2015,35,458.1000000000001,2.0
TN,Missing/Undefined,1999,1,0.1,0.1
TN,Missing/Undefined,2000,2,690.0,345.0
TN,Missing/Undefined,2001,1,1230.0,1230.0
TN,Missing/Undefined,2002,1,110.0,110.0
TN,Missing/Undefined,2003,4,780.0,180.0
TN,Missing/Undefined,2004,6,1643.0,217.5
TN,Missing/Undefined,2005,11,1772.2,100.0
TN,Missing/Undefined,2006,3,24.0,5.0
TN,Missing/Undefined,2007,89,6503.299999999997,1.0
TN,Missing/Undefined,2008,432,6456.160000000005,3.0
TN,Missing/Undefined,2009,35,2037.4,1.0
TN,Missing/Undefined,2010,48,2508.8,4.5
TN,Missing/Undefined,2011,30,528.3000000000002,4.0
TN,Missing/Undefined,2012,18,98.7,1.75
TN,Missing/Undefined,2013,8,123.9,16.75
TN,Missing/Undefined,2014,7,1454.9,54.3
TN,Missing/Undefined,2015,9,181.3,2.0
TN,Powerline,1992,1,49.5,49.5
TN,Powerline,1995,2,7.6,3.8
TN,Powerline,1996,1,0.1,0.1
TN,Powerline,1998,2,7.0,3.5
TN,Powerline,1999,1,0.1,0.1
TN,Powerline,2000,1,0.1,0.1
TN,Powerline,2003,2,461.4,230.7
TN,Powerline,2005,32,300.29999999999995,1.6
TN,Powerline,2007,91,768.9000000000001,1.0
TN,Powerline,2008,1,0.1,0.1
TN,Powerline,2009,30,126.69999999999999,1.15
TN,Powerline,2010,28,61.2,1.0
TN,Powerline,2011,44,707.6500000000001,2.0
TN,Powerline,2013,18,365.4,3.25
TN,Powerline,2014,37,425.30000000000007,3.5
TN,Powerline,2015,17,153.59999999999997,3.0
TN,Railroad,1997,13,699.9,3.0
TN,Railroad,1998,17,24.8,0.5
TN,Railroad,1999,36,528.6000000000001,1.75
TN,Railroad,2000,32,1855.6999999999998,4.3
TN,Railroad,2001,22,1556.1999999999998,2.0
TN,Railroad,2002,8,93.4,2.0
TN,Railroad,2005,2,90.5,45.25
TN,Railroad,2006,9,72.1,6.0
TN,Railroad,2007,25,196.7,1.0
TN,Railroad,2008,94,2760.2500000000005,1.0
TN,Railroad,2009,12,91.5,2.0
TN,Railroad,2010,12,761.3,3.5
TN,Railroad,2011,4,10.1,2.5
TN,Railroad,2012,4,12.3,3.0
TN,Railroad,2013,4,101.8,25.8
TN,Railroad,2014,7,57.0,1.0
TN,Railroad,2015,10,107.39999999999999,7.5
TN,Smoking,1992,4,73.4,5.6
TN,Smoking,1993,3,0.7,0.1
TN,Smoking,1994,1,0.1,0.1
TN,Smoking,1995,6,117.4,16.0
TN,Smoking,1996,2,0.6,0.3
TN,Smoking,1997,22,60.800000000000004,0.5
TN,Smoking,1998,43,139.0,1.0
TN,Smoking,1999,131,1113.7000000000007,1.0
TN,Smoking,2000,58,267.3,1.0
TN,Smoking,2001,31,80.6,0.5
TN,Smoking,2002,35,102.79999999999998,0.5
TN,Smoking,2003,3,0.30000000000000004,0.1
TN,Smoking,2005,47,201.89999999999998,1.0
TN,Smoking,2006,37,645.8000000000001,1.0
TN,Smoking,2007,126,1572.6999999999998,1.4
TN,Smoking,2008,29,72.50000000000001,1.0
TN,Smoking,2009,31,95.39999999999998,1.0
TN,Smoking,2010,44,271.3499999999999,1.0
TN,Smoking,2011,30,88.6,1.0
TN,Smoking,2012,43,224.59999999999997,1.0
TN,Smoking,2013,10,24.0,1.0
TN,Smoking,2014,18,71.1,1.5
TN,Smoking,2015,6,22.400000000000002,4.5
TN,Structure,2005,42,75.4,1.0
TN,Structure,2007,63,194.74999999999997,1.0
TN,Structure,2009,44,171.69999999999996,1.0
TN,Structure,2010,37,79.54999999999998,1.0
TN,Structure,2011,33,47.65000000000001,1.0
TN,Structure,2012,40,688.3500000000001,1.0
TN,Structure,2013,18,206.2,1.0
TN,Structure,2014,26,79.39999999999998,1.0
TN,Structure,2015,16,70.39999999999998,1.25
TX,Arson,1992,360,5657.0,5.0
TX,Arson,1993,410,11250.7,5.0
TX,Arson,1994,170,28354.499999999996,5.0
TX,Arson,1995,483,25456.0,5.0
TX,Arson,1996,739,47937.8,10.0
TX,Arson,1997,142,2124.9,5.0
TX,Arson,1998,392,9564.1,5.0
TX,Arson,1999,361,11159.7,5.0
TX,Arson,2000,541,28567.7,5.0
TX,Arson,2001,109,2275.9,4.0
TX,Arson,2002,199,4902.4,5.0
TX,Arson,2003,174,4546.5,3.25
TX,Arson,2004,128,5029.849999999999,5.0
TX,Arson,2005,580,18155.35,5.0
TX,Arson,2006,780,20305.25,3.0
TX,Arson,2007,209,6975.76,4.0
TX,Arson,2008,561,23945.140000000007,3.0
TX,Arson,2009,499,20917.90999999997,2.0
TX,Arson,2010,398,10872.860000000004,2.0
TX,Arson,2011,1004,35570.42999999995,1.0
TX,Arson,2012,260,7838.280000000008,1.0
TX,Arson,2013,278,2208.2699999999986,1.0
TX,Arson,2014,231,1800.149999999999,1.0
TX,Arson,2015,216,2334.4600000000005,1.0
TX,Campfire,1992,24,273.5,1.4
TX,Campfire,1993,26,1516.4,5.0
TX,Campfire,1994,25,267.1,3.0
TX,Campfire,1995,29,606.7,3.0
TX,Campfire,1996,49,3017.1,5.0
TX,Campfire,1997,19,121.4,2.0
TX,Campfire,1998,31,377.20000000000005,3.0
TX,Campfire,1999,43,379.29999999999995,3.0
TX,Campfire,2000,36,464.09999999999997,3.0
TX,Campfire,2001,7,58.50000000000001,0.1
TX,Campfire,2002,28,142.90000000000003,0.3
TX,Campfire,2003,36,246.1,1.0
TX,Campfire,2004,31,171.75000000000003,0.25
TX,Campfire,2005,126,3255.4000000000005,2.0
TX,Campfire,2006,152,13306.6,1.0
TX,Campfire,2007,78,2757.0299999999997,1.0
TX,Campfire,2008,182,1821.7399999999989,1.0
TX,Campfire,2009,173,3731.7999999999993,1.0
TX,Campfire,2010,125,1427.26,1.0
TX,Campfire,2011,190,10385.230000000007,1.0
TX,Campfire,2012,73,585.6800000000003,1.0
TX,Campfire,2013,104,975.08,1.0
TX,Campfire,2014,112,368.17000000000013,1.0
TX,Campfire,2015,93,1129.44,1.0
TX,Children,1992,16,81.1,2.0
TX,Children,1993,22,6746.0,3.5
TX,Children,1994,18,63.0,2.0
TX,Children,1995,14,81.0,3.0
TX,Children,1996,51,579.0,3.0
TX,Children,1997,5,8.1,1.0
TX,Children,1998,38,228.1,2.0
TX,Children,1999,18,107.0,2.5
TX,Children,2000,37,527.1,2.0
TX,Children,2001,6,72.0,2.0
TX,Children,2002,13,40.0,2.0
TX,Children,2003,13,67.1,3.0
TX,Children,2004,12,63.0,3.0
TX,Children,2005,106,1615.6,2.0
TX,Children,2006,141,1815.25,1.0
TX,Children,2007,65,726.1,1.0
TX,Children,2008,212,1782.9599999999998,1.0
TX,Children,2009,175,1526.3799999999997,1.0
TX,Children,2010,81,242.21999999999994,1.0
TX,Children,2011,220,2779.44,1.0
TX,Children,2012,64,139.65999999999997,1.0
TX,Children,2013,70,246.80999999999995,1.0
TX,Children,2014,57,2290.4700000000003,1.0
TX,Children,2015,65,158.7,1.0
TX,Debris Burning,1992,579,7431.8,5.0
TX,Debris Burning,1993,641,8730.0,4.0
TX,Debris Burning,1994,486,6514.4,4.0
TX,Debris Burning,1995,816,10705.3,4.0
TX,Debris Burning,1996,1255,27546.2,5.0
TX,Debris Burning,1997,401,14448.000000000002,4.0
TX,Debris Burning,1998,578,7055.6,3.0
TX,Debris Burning,1999,845,11909.7,3.0
TX,Debris Burning,2000,993,14350.699999999999,4.0
TX,Debris Burning,2001,375,9389.3,4.0
TX,Debris Burning,2002,615,11994.800000000001,4.0
TX,Debris Burning,2003,612,8563.1,4.0
TX,Debris Burning,2004,558,9962.300000000001,4.0
TX,Debris Burning,2005,2930,48474.899999999994,2.0
TX,Debris Burning,2006,5429,64832.85,2.0
TX,Debris Burning,2007,2560,28778.159999999967,2.0
TX,Debris Burning,2008,6635,143170.72999000148,1.5
TX,Debris Burning,2009,5638,59714.97999999947,1.0
TX,Debris Burning,2010,3979,29485.55999999982,1.0
TX,Debris Burning,2011,5321,99935.19000000053,1.0
TX,Debris Burning,2012,3128,17070.350000000057,1.0
TX,Debris Burning,2013,4774,22841.469999999772,1.0
TX,Debris Burning,2014,3643,32035.75999999965,1.0
TX,Debris Burning,2015,3381,30136.199999999782,1.0
TX,Equipment Use,1992,46,512.5,5.5
TX,Equipment Use,1993,63,996.6,5.0
TX,Equipment Use,1994,34,896.3,7.0
TX,Equipment Use,1995,57,1356.4,6.5
TX,Equipment Use,1996,103,2973.3,8.0
TX,Equipment Use,1997,32,302.8,3.0
TX,Equipment Use,1998,133,3659.0,5.0
TX,Equipment Use,1999,93,3492.5,3.0
TX,Equipment Use,2000,140,3463.1,4.0
TX,Equipment Use,2001,59,5227.9,3.0
TX,Equipment Use,2002,47,4436.4,5.0
TX,Equipment Use,2003,52,2354.0,7.0
TX,Equipment Use,2004,65,538.2,2.0
TX,Equipment Use,2005,659,26127.3,4.0
TX,Equipment Use,2006,1904,120084.2,5.0
TX,Equipment Use,2007,662,23786.790000000008,2.0
TX,Equipment Use,2008,2476,198851.44000000012,3.0
TX,Equipment Use,2009,1706,56242.17999999996,2.0
TX,Equipment Use,2010,1239,41703.58999999995,2.0
TX,Equipment Use,2011,2710,361001.3099999988,2.0
TX,Equipment Use,2012,849,14780.930000000011,2.0
TX,Equipment Use,2013,1002,10942.46000000001,1.0
TX,Equipment Use,2014,917,7768.260000000008,1.0
TX,Equipment Use,2015,1019,41724.789999999935,1.0
TX,Fireworks,1992,3,1.3,0.2
TX,Fireworks,1993,9,112.6,3.0
TX,Fireworks,1994,6,22.3,1.05
TX,Fireworks,1995,4,151.1,0.5
TX,Fireworks,1996,2,0.30000000000000004,0.15000000000000002
TX,Fireworks,1997,1,0.1,0.1
TX,Fireworks,1998,2,689.2,344.6
TX,Fireworks,1999,5,3.2,0.5
TX,Fireworks,2000,2,3.6,1.8
TX,Fireworks,2001,7,1.1,0.1
TX,Fireworks,2002,2,1.1,0.55
TX,Fireworks,2003,5,3.1,0.2
TX,Fireworks,2006,1,0.1,0.1
TX,Fireworks,2007,1,1.0,1.0
TX,Fireworks,2008,3,2.3,1.0
TX,Fireworks,2009,20,2264.6,1.5
TX,Fireworks,2010,1,8.0,8.0
TX,Fireworks,2011,9,28.0,1.0
TX,Fireworks,2012,4,18.0,3.5
TX,Fireworks,2013,178,3346.9799999999996,3.0
TX,Fireworks,2015,1,0.1,0.1
TX,Lightning,1992,34,4365.2,1.0
TX,Lightning,1993,52,7137.199999999999,4.0
TX,Lightning,1994,44,10925.900000000001,0.9
TX,Lightning,1995,47,2866.8,4.0
TX,Lightning,1996,129,4562.700000000001,5.0
TX,Lightning,1997,61,8121.300000000001,2.0
TX,Lightning,1998,232,6337.9,4.0
TX,Lightning,1999,72,3565.6,2.0
TX,Lightning,2000,246,86996.6,6.0
TX,Lightning,2001,52,12370.3,2.0
TX,Lightning,2002,67,8213.3,3.0
TX,Lightning,2003,56,25794.7,6.0
TX,Lightning,2004,30,3894.4,1.75
TX,Lightning,2005,273,63653.5,10.0
TX,Lightning,2006,878,183241.35,12.0
TX,Lightning,2007,143,18175.65,3.0
TX,Lightning,2008,691,103910.31999999999,10.0
TX,Lightning,2009,579,100434.08000000003,5.0
TX,Lightning,2010,429,79253.11000000003,10.0
TX,Lightning,2011,1495,920036.6099999993,5.0
TX,Lightning,2012,462,78509.26000000005,4.0
TX,Lightning,2013,282,9962.130000000005,2.0
TX,Lightning,2014,243,24407.87999999998,2.0
TX,Lightning,2015,200,50276.73999999999,5.0
TX,Miscellaneous,1992,73,14699.6,2.5
TX,Miscellaneous,1993,167,10568.900000000001,4.0
TX,Miscellaneous,1994,81,3750.1999999999994,4.0
TX,Miscellaneous,1995,149,1992.3000000000002,3.0
TX,Miscellaneous,1996,368,10263.099999999999,5.0
TX,Miscellaneous,1997,71,858.1,3.0
TX,Miscellaneous,1998,514,16472.4,3.0
TX,Miscellaneous,1999,261,9544.9,3.0
TX,Miscellaneous,2000,506,18996.2,4.0
TX,Miscellaneous,2001,114,2746.9,4.0
TX,Miscellaneous,2002,208,12582.400000000007,5.0
TX,Miscellaneous,2003,163,12350.250000000005,3.0
TX,Miscellaneous,2004,166,12827.199999999999,3.0
TX,Miscellaneous,2005,1851,103951.40000000001,2.0
TX,Miscellaneous,2006,4856,814937.0999899997,2.0
TX,Miscellaneous,2007,1578,47703.54999999986,1.0
TX,Miscellaneous,2008,6643,902612.399999999,2.0
TX,Miscellaneous,2009,4065,188577.03000000352,1.0
TX,Miscellaneous,2010,2242,50269.50999999988,1.0
TX,Miscellaneous,2011,5989,1426861.9500000395,1.0
TX,Miscellaneous,2012,1929,13756.740000000054,1.0
TX,Miscellaneous,2013,2734,12620.140000000101,1.0
TX,Miscellaneous,2014,2507,54333.28999999985,0.5
TX,Miscellaneous,2015,2587,50265.959999999825,0.5
TX,Missing/Undefined,1993,21,68989.0,3.0
TX,Missing/Undefined,1994,2,15319.0,7659.5
TX,Missing/Undefined,1995,25,10992.5,3.0
TX,Missing/Undefined,1996,74,112885.5,5.0
TX,Missing/Undefined,1997,18,20576.5,3.5
TX,Missing/Undefined,1998,6,89630.3,7126.5
TX,Missing/Undefined,1999,6,16155.2,507.5
TX,Missing/Undefined,2000,31,6824.9,5.0
TX,Missing/Undefined,2001,19,58975.8,3.0
TX,Missing/Undefined,2002,22,863.0,10.0
TX,Missing/Undefined,2003,9,132.0,4.0
TX,Missing/Undefined,2004,15,1774.1,7.0
TX,Missing/Undefined,2005,93,17359.7,10.0
TX,Missing/Undefined,2006,92,542468.3,10.0
TX,Missing/Undefined,2007,21,900.5999999999999,2.0
TX,Missing/Undefined,2008,40,90704.8,10.0
TX,Missing/Undefined,2009,154,34313.40000000001,3.0
TX,Missing/Undefined,2010,74,4661.2,3.0
TX,Missing/Undefined,2011,69,232483.00000000003,40.0
TX,Missing/Undefined,2012,70,17593.2,11.35
TX,Missing/Undefined,2013,36,7637.1,2.5
TX,Missing/Undefined,2014,28,13132.400000000001,31.35
TX,Missing/Undefined,2015,48,10328.910000000002,23.5
TX,Powerline,1992,2,30.2,15.1
TX,Powerline,1993,6,549.8000000000001,0.75
TX,Powerline,1994,7,4606.700000000001,10.0
TX,Powerline,1996,1,1.0,1.0
TX,Powerline,1997,1,0.1,0.1
TX,Powerline,1998,1,2.0,2.0
TX,Powerline,1999,2,1.1,0.55
TX,Powerline,2000,4,439.2,32.5
TX,Powerline,2002,2,63.0,31.5
TX,Powerline,2003,1,0.4,0.4
TX,Powerline,2005,1,0.5,0.5
TX,Powerline,2006,3,23865.2,37.2
TX,Powerline,2007,1,4.6,4.6
TX,Powerline,2008,2,76.0,38.0
TX,Powerline,2009,619,79913.12000000001,2.0
TX,Powerline,2010,435,13363.73000000001,2.0
TX,Powerline,2011,1727,353182.6399999988,2.0
TX,Powerline,2012,547,11466.130000000012,1.0
TX,Powerline,2013,1,1.4,1.4
TX,Powerline,2014,524,6082.380000000016,1.0
TX,Powerline,2015,464,20781.129999999943,1.0
TX,Railroad,1992,9,121.0,4.0
TX,Railroad,1993,2,21.2,10.6
TX,Railroad,1994,18,127.0,5.0
TX,Railroad,1996,1,100.0,100.0
TX,Railroad,1998,32,1947.0,3.0
TX,Railroad,1999,20,70.0,1.0
TX,Railroad,2000,28,204.0,3.0
TX,Railroad,2001,11,1032.0,2.0
TX,Railroad,2002,11,357.0,2.0
TX,Railroad,2003,14,143.5,3.0
TX,Railroad,2004,8,84.0,5.5
TX,Railroad,2005,51,980.0,5.0
TX,Railroad,2006,222,6156.0,5.0
TX,Railroad,2007,38,2193.75,2.0
TX,Railroad,2008,90,4096.1,1.0
TX,Railroad,2009,105,3074.0099999999993,1.0
TX,Railroad,2010,89,4509.45,2.0
TX,Railroad,2011,160,4657.430000000002,2.0
TX,Railroad,2012,62,622.36,1.0
TX,Railroad,2013,61,566.6800000000002,1.0
TX,Railroad,2014,62,1169.3999999999996,1.0
TX,Railroad,2015,29,52.08,1.0
TX,Smoking,1992,22,437.1,1.5
TX,Smoking,1993,38,255.3,2.0
TX,Smoking,1994,16,71.1,1.5
TX,Smoking,1995,24,2163.0,4.0
TX,Smoking,1996,70,6355.9,2.0
TX,Smoking,1997,18,219.5,4.0
TX,Smoking,1998,67,588.5999999999999,2.0
TX,Smoking,1999,49,3640.0,2.0
TX,Smoking,2000,63,20849.6,2.0
TX,Smoking,2001,12,76.5,1.0
TX,Smoking,2002,13,197.1,1.0
TX,Smoking,2003,11,166.3,2.0
TX,Smoking,2004,26,208.5,2.0
TX,Smoking,2005,230,5009.7,2.0
TX,Smoking,2006,564,61740.8,2.0
TX,Smoking,2007,121,3030.56,1.0
TX,Smoking,2008,532,12442.190000000011,1.0
TX,Smoking,2009,409,7084.990000000008,1.0
TX,Smoking,2010,259,2405.5399999999995,1.0
TX,Smoking,2011,559,51803.71999999996,1.0
TX,Smoking,2012,175,734.3100000000003,1.0
TX,Smoking,2013,214,391.3000000000002,1.0
TX,Smoking,2014,214,454.86999999999995,1.0
TX,Smoking,2015,197,1563.4199999999985,1.0
TX,Structure,1996,1,1.1,1.1
TX,Structure,1997,1,0.1,0.1
TX,Structure,2002,2,0.2,0.1
TX,Structure,2003,1,0.1,0.1
TX,Structure,2004,1,0.1,0.1
TX,Structure,2005,1,268.0,268.0
TX,Structure,2013,1,0.1,0.1
TX,Structure,2015,4,9.8,2.8
UT,Arson,1992,11,260.40000000000003,1.0
UT,Arson,1993,17,103.39999999999998,0.1
UT,Arson,1994,18,17652.399999999998,0.6499999999999999
UT,Arson,1995,30,2173.7,0.1
UT,Arson,1996,21,695.3000000000001,3.0
UT,Arson,1997,24,1314.0,0.2
UT,Arson,1998,13,61.10000000000001,0.1
UT,Arson,1999,39,8373.300000000001,0.5
UT,Arson,2000,27,1307.6999999999996,0.5
UT,Arson,2001,14,2363.7000000000003,0.2
UT,Arson,2002,17,1097.7999999999997,0.2
UT,Arson,2003,12,2215.0,2.15
UT,Arson,2004,13,10.0,0.3
UT,Arson,2005,8,2620.7,1.05
UT,Arson,2006,31,1926.9999999999998,1.0
UT,Arson,2007,9,2214.7499999999995,5.6
UT,Arson,2008,17,1110.31,1.2
UT,Arson,2009,13,1851.1599999999999,0.25
UT,Arson,2010,15,239.79999999999998,0.5
UT,Arson,2011,20,1743.0999999999992,0.4
UT,Arson,2012,32,127917.29000000002,0.45
UT,Arson,2013,23,588.1000000000001,0.5
UT,Arson,2014,28,333.7600000000002,0.1
UT,Arson,2015,15,58.56,0.5
UT,Campfire,1992,38,244.7999999999999,0.1
UT,Campfire,1993,42,47.700000000000024,0.1
UT,Campfire,1994,58,1098.9999999999993,0.15000000000000002
UT,Campfire,1995,63,1967.9000000000005,0.1
UT,Campfire,1996,82,528.0000000000001,0.1
UT,Campfire,1997,29,238.99999999999997,0.1
UT,Campfire,1998,49,143.49999999999997,0.1
UT,Campfire,1999,71,1382.5999999999997,0.1
UT,Campfire,2000,87,3246.5,0.1
UT,Campfire,2001,115,2267.7999999999947,0.1
UT,Campfire,2002,56,16804.19999999998,0.1
UT,Campfire,2003,46,32653.44999999999,0.1
UT,Campfire,2004,28,45.2,0.1
UT,Campfire,2005,46,1213.2499999999995,0.1
UT,Campfire,2006,44,52591.7,0.1
UT,Campfire,2007,53,265.63000000000005,0.1
UT,Campfire,2008,46,1899.4599999999978,0.1
UT,Campfire,2009,60,130.9699999999999,0.1
UT,Campfire,2010,67,55.08000000000003,0.1
UT,Campfire,2011,69,44.68000000000003,0.1
UT,Campfire,2012,128,91.71000000000001,0.1
UT,Campfire,2013,89,15.55999999999999,0.1
UT,Campfire,2014,85,13.079999999999991,0.1
UT,Campfire,2015,64,70.82999999999997,0.1
UT,Children,1992,12,833.9000000000001,0.44999999999999996
UT,Children,1993,13,33.3,0.7
UT,Children,1994,16,70.60000000000001,0.35
UT,Children,1995,15,700.2,0.2
UT,Children,1996,15,3287.899999999999,0.3
UT,Children,1997,7,4.8,0.1
UT,Children,1998,10,3.8000000000000003,0.2
UT,Children,1999,14,70.60000000000001,0.1
UT,Children,2000,9,188.89999999999998,3.0
UT,Children,2001,9,381.2,3.0
UT,Children,2002,3,40.2,0.1
UT,Children,2003,4,528.9,14.4
UT,Children,2004,3,1.2,0.1
UT,Children,2005,6,161.0,0.65
UT,Children,2006,4,276.8,8.850000000000001
UT,Children,2007,3,0.7,0.2
UT,Children,2008,5,10.299999999999999,0.4
UT,Children,2009,10,108.24999999999997,0.175
UT,Children,2010,15,16.32,0.5
UT,Children,2011,12,44.029999999999994,0.275
UT,Children,2012,8,30.680000000000003,0.41500000000000004
UT,Children,2013,11,72.00999999999999,0.3
UT,Children,2014,18,17.1,0.225
UT,Children,2015,4,1.4,0.35
UT,Debris Burning,1992,30,473.20000000000005,0.5
UT,Debris Burning,1993,19,2878.1999999999994,1.0
UT,Debris Burning,1994,37,640.5,2.0
UT,Debris Burning,1995,18,212.3,1.25
UT,Debris Burning,1996,43,2145.9999999999995,4.0
UT,Debris Burning,1997,8,309.3,2.5
UT,Debris Burning,1998,26,7176.300000000001,0.85
UT,Debris Burning,1999,33,2490.4,3.5
UT,Debris Burning,2000,18,57.5,0.2
UT,Debris Burning,2001,21,372.6,0.5
UT,Debris Burning,2002,33,452.1,1.0
UT,Debris Burning,2003,8,56.4,0.5
UT,Debris Burning,2004,9,710.2,14.0
UT,Debris Burning,2005,10,2758.1,5.0
UT,Debris Burning,2006,5,212.0,0.8
UT,Debris Burning,2007,5,142.5,6.4
UT,Debris Burning,2008,6,894.6,0.2
UT,Debris Burning,2009,83,419.211,0.25
UT,Debris Burning,2010,99,563.0300000000007,0.25
UT,Debris Burning,2011,51,369.2000000000001,0.25
UT,Debris Burning,2012,131,751.2000000000005,0.5
UT,Debris Burning,2013,79,265.64999999999986,0.25
UT,Debris Burning,2014,93,751.8110000000001,0.25
UT,Debris Burning,2015,6,16.400000000000006,0.1
UT,Equipment Use,1992,14,207.79999999999998,0.1
UT,Equipment Use,1993,18,636.2,0.2
UT,Equipment Use,1994,16,4077.6999999999994,0.4
UT,Equipment Use,1995,12,3260.1,2.55
UT,Equipment Use,1996,12,3936.6,0.5
UT,Equipment Use,1997,17,953.4,4.0
UT,Equipment Use,1998,13,31232.199999999997,30.0
UT,Equipment Use,1999,21,3627.0,1.0
UT,Equipment Use,2000,21,700.7,0.7
UT,Equipment Use,2001,23,1296.1999999999998,2.0
UT,Equipment Use,2002,18,23574.89999999999,0.3
UT,Equipment Use,2003,12,61.1,0.15000000000000002
UT,Equipment Use,2004,16,1262.5,0.3
UT,Equipment Use,2005,31,22894.399999999998,4.3
UT,Equipment Use,2006,19,5398.500000000001,1.8
UT,Equipment Use,2007,33,1048.8999999999999,0.8
UT,Equipment Use,2008,22,396.40000000000015,0.8
UT,Equipment Use,2009,89,119.36099999999998,0.25
UT,Equipment Use,2010,87,2605.859999999998,0.3
UT,Equipment Use,2011,75,1347.4099999999987,0.5
UT,Equipment Use,2012,117,12494.980000000016,0.26
UT,Equipment Use,2013,61,35.050000000000026,0.25
UT,Equipment Use,2014,79,332.48,0.3
UT,Equipment Use,2015,29,134.10000000000002,0.1
UT,Fireworks,1992,1,0.1,0.1
UT,Fireworks,1993,5,1003.4000000000001,0.2
UT,Fireworks,1994,6,1504.6,1.2
UT,Fireworks,1995,6,83.9,0.15000000000000002
UT,Fireworks,1996,4,27.1,3.5
UT,Fireworks,1997,3,2.8,1.0
UT,Fireworks,1998,5,4064.1,2.0
UT,Fireworks,1999,8,40.2,0.5
UT,Fireworks,2000,4,42.0,0.9
UT,Fireworks,2001,1,0.2,0.2
UT,Fireworks,2002,6,5.7,0.15000000000000002
UT,Fireworks,2003,1,0.1,0.1
UT,Fireworks,2004,3,1191.2,50.0
UT,Fireworks,2005,5,5.0,0.6
UT,Fireworks,2006,9,730.8,0.3
UT,Fireworks,2007,9,83.39999999999999,1.5
UT,Fireworks,2008,6,29.6,1.0
UT,Fireworks,2009,6,7.75,0.375
UT,Fireworks,2010,20,40.35,0.275
UT,Fireworks,2011,11,249.82,0.25
UT,Fireworks,2012,15,92.16999999999997,0.6
UT,Fireworks,2013,8,6.65,0.175
UT,Fireworks,2014,18,6.729999999999999,0.25
UT,Fireworks,2015,5,0.7,0.1
UT,Lightning,1992,554,6631.100000000016,0.1
UT,Lightning,1993,335,8388.700000000028,0.1
UT,Lightning,1994,931,120356.40000000031,0.1
UT,Lightning,1995,545,117812.80000000016,0.1
UT,Lightning,1996,912,452007.6999999991,0.1
UT,Lightning,1997,476,16737.00000000001,0.1
UT,Lightning,1998,414,39810.799999999916,0.1
UT,Lightning,1999,471,35038.49999999994,0.1
UT,Lightning,2000,1165,183044.9000000004,0.1
UT,Lightning,2001,1024,87442.29999999984,0.1
UT,Lightning,2002,654,145819.4000000005,0.1
UT,Lightning,2003,984,32998.149999999856,0.1
UT,Lightning,2004,994,76130.3000000011,0.1
UT,Lightning,2005,721,174227.66000000155,0.1
UT,Lightning,2006,1098,222812.8400000022,0.1
UT,Lightning,2007,629,497596.95999999455,0.1
UT,Lightning,2008,432,11538.490000000058,0.1
UT,Lightning,2009,659,108849.6500000022,0.1
UT,Lightning,2010,562,51339.37999999946,0.1
UT,Lightning,2011,627,35047.82999999989,0.1
UT,Lightning,2012,863,209990.18000000253,0.1
UT,Lightning,2013,796,67571.61999999991,0.1
UT,Lightning,2014,536,11864.620000000037,0.1
UT,Lightning,2015,365,5261.160000000039,0.1
UT,Miscellaneous,1992,27,2182.9,0.4
UT,Miscellaneous,1993,25,2569.4999999999995,4.0
UT,Miscellaneous,1994,46,12567.9,1.0
UT,Miscellaneous,1995,33,50703.0,1.5
UT,Miscellaneous,1996,46,30808.0,4.0
UT,Miscellaneous,1997,25,1015.3000000000001,0.5
UT,Miscellaneous,1998,50,7291.300000000001,0.25
UT,Miscellaneous,1999,91,18274.90000000001,1.0
UT,Miscellaneous,2000,42,19725.799999999996,0.9
UT,Miscellaneous,2001,61,16656.600000000002,0.8
UT,Miscellaneous,2002,34,45786.29999999998,0.25
UT,Miscellaneous,2003,46,16431.0,0.4
UT,Miscellaneous,2004,65,1038.9999999999998,0.1
UT,Miscellaneous,2005,48,27460.19999999999,1.0
UT,Miscellaneous,2006,90,29124.79999999999,1.8
UT,Miscellaneous,2007,72,115817.15000000002,1.3
UT,Miscellaneous,2008,56,4420.830000000001,0.3
UT,Miscellaneous,2009,115,1187.7400000000005,0.25
UT,Miscellaneous,2010,126,6599.0900000000065,0.5
UT,Miscellaneous,2011,125,20471.979999999967,1.0
UT,Miscellaneous,2012,201,23910.454999999933,0.5
UT,Miscellaneous,2013,97,1606.3399999999992,0.2
UT,Miscellaneous,2014,124,9027.700000000015,0.25
UT,Miscellaneous,2015,44,850.0500000000001,0.3
UT,Missing/Undefined,1992,378,26663.509999999962,0.5
UT,Missing/Undefined,1993,211,3766.569999999997,0.25
UT,Missing/Undefined,1994,483,45978.999999999935,0.5
UT,Missing/Undefined,1995,405,22088.63999999989,0.5
UT,Missing/Undefined,1996,503,16340.99000000002,0.5
UT,Missing/Undefined,1997,255,10415.010000000031,0.25
UT,Missing/Undefined,1998,268,5268.870000000009,0.25
UT,Missing/Undefined,1999,510,18018.720000000034,0.5
UT,Missing/Undefined,2000,447,15036.050000000047,0.25
UT,Missing/Undefined,2001,474,12864.650000000043,0.2
UT,Missing/Undefined,2002,308,2232.609999999991,0.25
UT,Missing/Undefined,2003,296,37940.26,0.25
UT,Missing/Undefined,2004,376,3120.9399999999905,0.1
UT,Missing/Undefined,2005,476,16343.480000000049,0.25
UT,Missing/Undefined,2006,612,26846.62099999991,0.4
UT,Missing/Undefined,2007,719,26256.660009999774,0.25
UT,Missing/Undefined,2008,464,12172.95000000008,0.1
UT,Missing/Undefined,2009,90,1426.6,0.3
UT,Missing/Undefined,2010,24,495.70000000000005,0.4
UT,Missing/Undefined,2011,73,1111.6000000000001,0.4
UT,Missing/Undefined,2012,69,7845.700000000001,0.8
UT,Missing/Undefined,2013,58,125.40000000000002,0.15000000000000002
UT,Missing/Undefined,2014,44,4679.300000000001,0.65
UT,Missing/Undefined,2015,66,3425.999999999999,0.9
UT,Powerline,1993,1,350.0,350.0
UT,Powerline,1994,3,7.1,1.0
UT,Powerline,1996,1,3.0,3.0
UT,Powerline,1997,1,15.9,15.9
UT,Powerline,1998,3,34.0,6.0
UT,Powerline,2000,2,2.7,1.35
UT,Powerline,2001,1,1.5,1.5
UT,Powerline,2002,1,36.0,36.0
UT,Powerline,2003,3,51.3,2.3
UT,Powerline,2004,4,0.6,0.15000000000000002
UT,Powerline,2005,4,3793.2,3.05
UT,Powerline,2006,8,6078.400000000001,75.0
UT,Powerline,2007,8,1493.6999999999998,150.8
UT,Powerline,2008,4,1643.0,383.5
UT,Powerline,2009,15,382.86000000000007,0.25
UT,Powerline,2010,28,691.6500000000002,0.25
UT,Powerline,2011,14,1584.1499999999996,1.6500000000000001
UT,Powerline,2012,8,49615.2,4.0
UT,Powerline,2013,16,98.09999999999995,0.1
UT,Powerline,2014,17,34.36,0.25
UT,Powerline,2015,6,6.299999999999999,0.55
UT,Railroad,1992,5,5.3,1.0
UT,Railroad,1993,7,100.5,2.0
UT,Railroad,1994,15,5006.9,40.0
UT,Railroad,1995,6,63.1,5.0
UT,Railroad,1996,4,603.3,149.1
UT,Railroad,1997,4,1354.0,7.0
UT,Railroad,1998,11,153.2,0.5
UT,Railroad,1999,12,61033.8,2.5
UT,Railroad,2000,14,4063.3,1.0
UT,Railroad,2001,18,325.70000000000016,0.5
UT,Railroad,2002,3,3269.2999999999997,0.2
UT,Railroad,2003,4,19.0,1.0
UT,Railroad,2004,5,1973.6,0.25
UT,Railroad,2005,2,563.1,281.55
UT,Railroad,2006,2,7.3999999999999995,3.6999999999999997
UT,Railroad,2007,4,239.6,1.25
UT,Railroad,2008,3,0.7,0.1
UT,Railroad,2009,10,0.8300000000000001,0.1
UT,Railroad,2010,4,2.66,0.325
UT,Railroad,2011,9,27.360000000000003,0.5
UT,Railroad,2012,10,129.90999999999997,0.3
UT,Railroad,2013,5,6.17,0.3
UT,Railroad,2014,10,4.16,0.3
UT,Railroad,2015,1,0.1,0.1
UT,Smoking,1992,22,28.900000000000002,0.5
UT,Smoking,1993,17,9.999999999999998,0.2
UT,Smoking,1994,34,4593.000000000004,0.15000000000000002
UT,Smoking,1995,17,49.5,1.0
UT,Smoking,1996,23,781.9000000000001,0.3
UT,Smoking,1997,13,164.7,0.1
UT,Smoking,1998,11,1323.8999999999999,0.5
UT,Smoking,1999,11,147.1,1.0
UT,Smoking,2000,20,71.1,0.3
UT,Smoking,2001,14,115.69999999999997,0.3
UT,Smoking,2002,10,5.899999999999998,0.1
UT,Smoking,2003,6,13.1,2.0
UT,Smoking,2004,3,0.7,0.3
UT,Smoking,2005,5,55.7,0.5
UT,Smoking,2006,4,2.0,0.1
UT,Smoking,2007,3,59.2,2.0
UT,Smoking,2008,1,0.1,0.1
UT,Smoking,2009,1,0.2,0.2
UT,Smoking,2010,1,0.1,0.1
UT,Smoking,2011,2,0.6,0.3
UT,Smoking,2012,2,0.2,0.1
UT,Smoking,2013,3,0.7,0.1
UT,Smoking,2014,2,0.15000000000000002,0.07500000000000001
UT,Structure,1995,1,0.5,0.5
UT,Structure,1999,1,0.8,0.8
UT,Structure,2000,1,0.1,0.1
UT,Structure,2007,1,0.1,0.1
UT,Structure,2009,6,0.9,0.1
UT,Structure,2010,8,1.76,0.15000000000000002
UT,Structure,2011,7,1.87,0.25
UT,Structure,2012,8,32.61,1.4
UT,Structure,2013,3,6.1,2.0
UT,Structure,2014,4,120.12,0.055
VA,Arson,1992,10,17.400000000000002,0.15000000000000002
VA,Arson,1993,12,74.7,2.0
VA,Arson,1994,23,722.1,3.0
VA,Arson,1995,318,5490.600000000019,1.0
VA,Arson,1996,104,677.6000000000003,0.5
VA,Arson,1997,191,779.0000000000005,1.0
VA,Arson,1998,221,3030.9999999999927,1.0
VA,Arson,1999,276,6675.7999999999965,1.0
VA,Arson,2000,216,9588.200000000017,1.0
VA,Arson,2001,455,6863.9000000000115,1.0
VA,Arson,2002,239,7050.400000000021,1.0
VA,Arson,2003,60,985.5000000000001,3.0
VA,Arson,2004,59,1172.7499999999998,2.0
VA,Arson,2005,131,2152.1499999999996,1.0
VA,Arson,2006,193,8877.199990000017,2.0
VA,Arson,2007,224,4759.399999999995,1.0
VA,Arson,2008,187,4969.249999999997,1.0
VA,Arson,2009,125,2663.2999999999993,1.0
VA,Arson,2010,146,2018.0200000000002,1.0
VA,Arson,2011,107,4617.85,2.0
VA,Arson,2012,120,22618.529999999984,1.25
VA,Arson,2013,79,1272.7000000000003,1.0
VA,Arson,2014,101,5324.800000000001,6.0
VA,Arson,2015,57,581.7,1.0
VA,Campfire,1992,2,19.1,9.55
VA,Campfire,1993,3,1.2000000000000002,0.1
VA,Campfire,1994,4,19.2,2.05
VA,Campfire,1995,20,42.550000000000004,1.5
VA,Campfire,1996,17,429.6,1.0
VA,Campfire,1997,18,211.59999999999994,0.5
VA,Campfire,1998,20,1661.6999999999998,3.0
VA,Campfire,1999,27,264.59999999999997,1.0
VA,Campfire,2000,27,17557.6,5.0
VA,Campfire,2001,25,198.89999999999998,1.0
VA,Campfire,2002,22,266.1,2.0
VA,Campfire,2003,3,27.9,9.4
VA,Campfire,2004,5,666.25,7.0
VA,Campfire,2005,11,178.2,3.0
VA,Campfire,2006,14,40.440000000000005,0.75
VA,Campfire,2007,28,467.7800000000001,1.0
VA,Campfire,2008,23,168.3,1.0
VA,Campfire,2009,15,39.2,1.0
VA,Campfire,2010,27,629.9100000000003,1.0
VA,Campfire,2011,15,25.000000000000004,1.0
VA,Campfire,2012,15,38.70000000000001,1.5
VA,Campfire,2013,16,298.31000000000006,1.0
VA,Campfire,2014,15,521.5500000000001,2.0
VA,Campfire,2015,10,81.49999999999999,1.2
VA,Children,1992,2,0.4,0.2
VA,Children,1993,1,20.0,20.0
VA,Children,1995,173,296.6999999999998,1.0
VA,Children,1996,71,90.75,0.4
VA,Children,1997,106,191.8999999999998,0.5
VA,Children,1998,63,121.59999999999998,1.0
VA,Children,1999,104,123.89999999999996,0.7
VA,Children,2000,59,79.80000000000003,0.5
VA,Children,2001,109,166.09999999999982,0.3
VA,Children,2002,70,252.6999999999999,1.0
VA,Children,2003,18,28.500000000000004,1.0
VA,Children,2004,17,89.59999999999998,1.0
VA,Children,2005,38,64.60000000000001,0.75
VA,Children,2006,68,83.50000000000003,0.2
VA,Children,2007,52,118.39999999999999,0.3
VA,Children,2008,37,64.50000000000003,0.2
VA,Children,2009,38,242.79999999999987,0.5
VA,Children,2010,38,48.699999999999996,0.2
VA,Children,2011,20,213.99999999999997,1.0
VA,Children,2012,32,60.00000000000001,0.75
VA,Children,2013,26,45.7,0.5
VA,Children,2014,26,53.14,1.0
VA,Children,2015,19,77.1,1.0
VA,Debris Burning,1992,9,26.700000000000003,1.5
VA,Debris Burning,1993,3,54.1,9.1
VA,Debris Burning,1994,5,45.2,7.0
VA,Debris Burning,1995,544,3539.3999999999846,1.0
VA,Debris Burning,1996,375,780.500000000002,1.0
VA,Debris Burning,1997,400,1031.0000000000018,0.65
VA,Debris Burning,1998,390,1306.500000000001,1.0
VA,Debris Burning,1999,553,4773.499999999982,1.0
VA,Debris Burning,2000,314,1044.8000000000006,1.0
VA,Debris Burning,2001,695,3304.999999999984,1.0
VA,Debris Burning,2002,531,1461.7000000000007,1.0
VA,Debris Burning,2003,110,585.6000000000001,1.0
VA,Debris Burning,2004,112,461.6000000000003,1.0
VA,Debris Burning,2005,256,964.8000000000006,1.0
VA,Debris Burning,2006,444,3727.3999999999883,1.0
VA,Debris Burning,2007,392,2006.6999999999996,1.0
VA,Debris Burning,2008,355,3989.7999999999947,1.0
VA,Debris Burning,2009,284,3290.0999999999954,1.0
VA,Debris Burning,2010,298,1565.1999999999978,1.0
VA,Debris Burning,2011,233,3702.699999999998,1.0
VA,Debris Burning,2012,172,705.9000000000003,1.0
VA,Debris Burning,2013,209,755.4000000000002,1.0
VA,Debris Burning,2014,313,1579.3999999999999,1.0
VA,Debris Burning,2015,218,1245.7000000000005,1.0
VA,Equipment Use,1992,1,0.2,0.2
VA,Equipment Use,1993,4,0.9999999999999999,0.1
VA,Equipment Use,1994,2,0.30000000000000004,0.15000000000000002
VA,Equipment Use,1995,89,1285.9499999999994,1.0
VA,Equipment Use,1996,50,251.54999999999993,1.0
VA,Equipment Use,1997,94,190.5,1.0
VA,Equipment Use,1998,102,560.8,0.5
VA,Equipment Use,1999,141,1734.1999999999998,1.0
VA,Equipment Use,2000,94,841.5999999999999,1.0
VA,Equipment Use,2001,179,2054.199999999998,1.0
VA,Equipment Use,2002,118,449.09999999999997,1.0
VA,Equipment Use,2003,20,46.9,1.0
VA,Equipment Use,2004,22,49.400000000000006,0.9
VA,Equipment Use,2005,90,626.7999900000005,0.5
VA,Equipment Use,2006,97,305.89999999999986,1.0
VA,Equipment Use,2007,165,1055.7000000000012,1.0
VA,Equipment Use,2008,143,9116.600000000011,1.0
VA,Equipment Use,2009,66,149.19999999999993,1.0
VA,Equipment Use,2010,129,1385.1,1.0
VA,Equipment Use,2011,78,1178.4,1.0
VA,Equipment Use,2012,68,161.19999999999996,1.0
VA,Equipment Use,2013,60,499.8000000000001,1.0
VA,Equipment Use,2014,87,858.5,1.0
VA,Equipment Use,2015,50,239.89999999999995,1.25
VA,Fireworks,1994,1,1.0,1.0
VA,Fireworks,1998,1,0.1,0.1
VA,Fireworks,2001,1,0.1,0.1
VA,Fireworks,2002,1,0.1,0.1
VA,Fireworks,2007,1,0.5,0.5
VA,Fireworks,2010,15,61.5,1.0
VA,Fireworks,2011,4,2.0,0.4
VA,Fireworks,2012,2,2.1,1.05
VA,Fireworks,2013,2,1.5,0.75
VA,Fireworks,2014,2,1.1,0.55
VA,Fireworks,2015,1,1.0,1.0
VA,Lightning,1992,6,11.399999999999999,0.1
VA,Lightning,1993,12,241.69999999999996,0.30000000000000004
VA,Lightning,1994,16,101.19999999999999,0.5
VA,Lightning,1995,17,165.04999999999998,2.0
VA,Lightning,1996,9,56.300000000000004,3.0
VA,Lightning,1997,43,726.8000000000003,2.5
VA,Lightning,1998,29,1023.8000000000001,6.0
VA,Lightning,1999,126,2099.999999999999,2.3
VA,Lightning,2000,45,1199.4000000000003,1.5
VA,Lightning,2001,44,1834.6,8.5
VA,Lightning,2002,181,6460.50000000001,2.0
VA,Lightning,2003,3,4.2,0.1
VA,Lightning,2004,8,213.54999999999998,1.625
VA,Lightning,2005,16,618.7,4.5
VA,Lightning,2006,68,7023.000009999999,2.0
VA,Lightning,2007,96,2810.309999999999,2.5
VA,Lightning,2008,61,2863.6999999999985,1.6
VA,Lightning,2009,15,90.10999999999999,2.0
VA,Lightning,2010,70,2832.649999999999,2.0
VA,Lightning,2011,49,7254.4000000000015,2.5
VA,Lightning,2012,108,3891.799999999999,2.0
VA,Lightning,2013,9,18.200000000000003,1.1
VA,Lightning,2014,13,34.25,1.0
VA,Lightning,2015,21,542.5,0.5
VA,Miscellaneous,1992,10,354.5,16.5
VA,Miscellaneous,1993,11,164.89999999999998,7.0
VA,Miscellaneous,1994,22,302.09999999999997,1.5
VA,Miscellaneous,1995,208,1611.049999999997,0.5
VA,Miscellaneous,1996,122,834.5500000000005,1.0
VA,Miscellaneous,1997,152,561.7000000000008,1.0
VA,Miscellaneous,1998,190,1111.000000000001,1.0
VA,Miscellaneous,1999,214,2958.3999999999974,1.0
VA,Miscellaneous,2000,154,1364.900000000001,1.0
VA,Miscellaneous,2001,368,5437.700000000002,1.0
VA,Miscellaneous,2002,298,3157.799999999991,1.0
VA,Miscellaneous,2003,77,3626.899999999999,1.0
VA,Miscellaneous,2004,50,450.4000000000002,2.0
VA,Miscellaneous,2005,182,673.2000000000006,1.0
VA,Miscellaneous,2006,269,2469.819999999995,1.0
VA,Miscellaneous,2007,370,3968.999999999986,0.7
VA,Miscellaneous,2008,420,21266.60000000002,1.0
VA,Miscellaneous,2009,201,1056.1200000000013,1.0
VA,Miscellaneous,2010,146,2139.2000000000003,1.0
VA,Miscellaneous,2011,131,5045.130000000005,1.0
VA,Miscellaneous,2012,121,8825.750000000016,0.5
VA,Miscellaneous,2013,102,1111.3399999999997,1.0
VA,Miscellaneous,2014,141,1530.8999999999992,1.0
VA,Miscellaneous,2015,96,2946.7999999999997,1.0
VA,Missing/Undefined,1995,11,175.89999999999998,2.0
VA,Missing/Undefined,1996,6,34.35,1.0
VA,Missing/Undefined,1998,1,0.1,0.1
VA,Missing/Undefined,2002,1,0.1,0.1
VA,Missing/Undefined,2003,7,7.4,0.8
VA,Missing/Undefined,2004,1,3.0,3.0
VA,Missing/Undefined,2005,9,36.7,2.0
VA,Missing/Undefined,2006,12,922.8,1.0
VA,Missing/Undefined,2007,17,75.69999999999997,0.5
VA,Missing/Undefined,2008,3,2.1,1.0
VA,Missing/Undefined,2009,4,185.7,5.3
VA,Missing/Undefined,2011,2,75.1,37.55
VA,Missing/Undefined,2012,4,210.2,14.5
VA,Missing/Undefined,2013,2,12.1,6.05
VA,Missing/Undefined,2014,5,505.6,5.0
VA,Missing/Undefined,2015,2,17.7,8.85
VA,Powerline,1993,2,4.8999999999999995,2.4499999999999997
VA,Powerline,1994,1,0.3,0.3
VA,Powerline,1996,3,0.4,0.1
VA,Powerline,1997,1,3.0,3.0
VA,Powerline,1998,2,3.3,1.65
VA,Powerline,1999,2,1.1,0.55
VA,Powerline,2000,2,175.1,87.55
VA,Powerline,2002,1,0.1,0.1
VA,Powerline,2003,1,0.1,0.1
VA,Powerline,2005,3,1.7000000000000002,0.5
VA,Powerline,2008,1,12.6,12.6
VA,Powerline,2009,1,0.2,0.2
VA,Powerline,2010,99,591.8,1.0
VA,Powerline,2011,117,2621.399999999999,2.0
VA,Powerline,2012,3,1.0,0.3
VA,Powerline,2013,42,287.40000000000003,1.0
VA,Powerline,2014,81,1936.5000000000002,1.0
VA,Powerline,2015,84,490.7,1.0
VA,Railroad,1995,37,33.25,0.2
VA,Railroad,1996,9,35.4,1.0
VA,Railroad,1997,31,157.60000000000002,2.0
VA,Railroad,1998,26,63.7,1.0
VA,Railroad,1999,26,78.7,1.75
VA,Railroad,2000,23,209.0,3.0
VA,Railroad,2001,41,434.4000000000002,1.0
VA,Railroad,2002,24,483.70000000000005,1.0
VA,Railroad,2003,27,75.7,0.1
VA,Railroad,2004,6,72.45,1.625
VA,Railroad,2005,12,40.300000000000004,2.0
VA,Railroad,2006,33,256.4,1.0
VA,Railroad,2007,39,308.59999999999997,2.0
VA,Railroad,2008,29,223.99999999999997,1.0
VA,Railroad,2009,11,49.9,1.0
VA,Railroad,2010,12,7.3999999999999995,0.35
VA,Railroad,2011,9,15.899999999999999,0.5
VA,Railroad,2012,11,11408.100000000002,1.0
VA,Railroad,2013,7,16.3,1.0
VA,Railroad,2014,6,23.6,0.75
VA,Railroad,2015,6,31.0,4.5
VA,Smoking,1992,2,4.8,2.4
VA,Smoking,1993,6,1.5,0.15000000000000002
VA,Smoking,1994,4,14.1,2.5
VA,Smoking,1995,133,2496.2999999999956,1.0
VA,Smoking,1996,58,68.5,0.25
VA,Smoking,1997,96,1346.0999999999985,0.25
VA,Smoking,1998,123,395.50000000000017,1.0
VA,Smoking,1999,114,556.0000000000001,0.7
VA,Smoking,2000,54,131.39999999999998,1.0
VA,Smoking,2001,184,611.2000000000008,0.5
VA,Smoking,2002,86,292.59999999999985,0.5
VA,Smoking,2003,18,189.0,0.3
VA,Smoking,2004,21,52.6,0.5
VA,Smoking,2005,38,67.39999999999999,0.5
VA,Smoking,2006,70,260.49999999999994,1.0
VA,Smoking,2007,62,322.40000000000003,0.5
VA,Smoking,2008,28,115.59999999999997,1.0
VA,Smoking,2009,24,265.60999999999996,0.55
VA,Smoking,2010,34,78.15,0.5
VA,Smoking,2011,34,221.39999999999998,0.5
VA,Smoking,2012,16,27.50000000000001,0.35
VA,Smoking,2013,8,1519.6,1.0
VA,Smoking,2014,13,108.60000000000001,1.0
VA,Smoking,2015,15,10.399999999999999,0.1
VA,Structure,1992,1,0.1,0.1
VA,Structure,1997,1,0.1,0.1
VA,Structure,2010,12,197.0,1.1
VA,Structure,2011,14,35.599999999999994,1.25
VA,Structure,2012,13,127.0,1.0
VA,Structure,2013,19,33.2,1.0
VA,Structure,2014,18,88.6,1.0
VA,Structure,2015,18,62.1,1.5
VT,Arson,1994,3,16.2,0.1
VT,Arson,1998,1,12.0,12.0
VT,Arson,2002,1,1.0,1.0
VT,Arson,2003,1,0.5,0.5
VT,Arson,2005,3,2.2,1.0
VT,Arson,2006,2,0.15000000000000002,0.07500000000000001
VT,Arson,2007,1,0.05,0.05
VT,Arson,2008,1,0.5,0.5
VT,Arson,2012,4,0.6519999999999999,0.175
VT,Arson,2014,1,6.0,6.0
VT,Arson,2015,1,2.0,2.0
VT,Campfire,1995,1,0.2,0.2
VT,Campfire,1997,1,1.0,1.0
VT,Campfire,1999,1,4.5,4.5
VT,Campfire,2002,3,3.2,0.1
VT,Campfire,2003,3,1.6,0.5
VT,Campfire,2004,4,2.7,0.75
VT,Campfire,2005,3,2.5,1.0
VT,Campfire,2007,2,0.6,0.3
VT,Campfire,2008,3,13.2,0.1
VT,Campfire,2010,1,0.25,0.25
VT,Campfire,2012,5,50.87,0.1
VT,Campfire,2013,6,2.76,0.175
VT,Campfire,2014,3,4.4,1.5
VT,Campfire,2015,6,11.852,1.875
VT,Children,2012,1,0.1,0.1
VT,Children,2013,3,7.0,3.0
VT,Children,2014,1,0.5,0.5
VT,Debris Burning,1994,3,9.1,3.0
VT,Debris Burning,1998,1,2.0,2.0
VT,Debris Burning,1999,1,4.5,4.5
VT,Debris Burning,2003,3,5.0,1.0
VT,Debris Burning,2004,5,2.2,0.3
VT,Debris Burning,2005,4,6.6,1.25
VT,Debris Burning,2006,2,5.8,2.9
VT,Debris Burning,2007,1,10.0,10.0
VT,Debris Burning,2012,39,247.76100000000002,1.0
VT,Debris Burning,2013,58,148.928,0.5
VT,Debris Burning,2014,26,45.06100000000001,1.0
VT,Debris Burning,2015,39,82.35,0.5
VT,Equipment Use,1997,1,2.0,2.0
VT,Equipment Use,2004,1,0.1,0.1
VT,Equipment Use,2005,1,1.0,1.0
VT,Equipment Use,2012,7,2.42,0.1
VT,Equipment Use,2013,13,19.150000000000002,2.0
VT,Equipment Use,2014,4,2.25,0.5
VT,Equipment Use,2015,7,4.4799999999999995,0.2
VT,Fireworks,2012,1,1.5,1.5
VT,Lightning,1993,1,3.0,3.0
VT,Lightning,1999,1,1.5,1.5
VT,Lightning,2003,1,1.0,1.0
VT,Lightning,2004,1,0.1,0.1
VT,Lightning,2010,1,0.1,0.1
VT,Lightning,2012,2,3.001,1.5005
VT,Lightning,2015,2,0.060000000000000005,0.030000000000000002
VT,Miscellaneous,1992,1,270.0,270.0
VT,Miscellaneous,1995,1,1.0,1.0
VT,Miscellaneous,2003,1,0.1,0.1
VT,Miscellaneous,2004,4,9.6,0.75
VT,Miscellaneous,2005,14,10.799999999999995,0.2
VT,Miscellaneous,2008,1,5.0,5.0
VT,Miscellaneous,2009,1,0.5,0.5
VT,Miscellaneous,2012,35,49.574000000000005,0.5
VT,Miscellaneous,2013,40,89.46,1.0
VT,Miscellaneous,2014,15,90.3,1.0
VT,Miscellaneous,2015,21,24.05,0.5
VT,Powerline,2014,4,4.6,0.75
VT,Powerline,2015,7,200.137,5.0
VT,Railroad,2015,2,12.5,6.25
VT,Smoking,2002,2,0.6,0.3
VT,Smoking,2004,1,1.0,1.0
VT,Smoking,2005,1,0.1,0.1
VT,Smoking,2007,1,0.1,0.1
VT,Smoking,2012,3,0.61,0.1
VT,Smoking,2013,6,8.01,1.375
VT,Smoking,2014,1,10.0,10.0
VT,Smoking,2015,1,6.5,6.5
VT,Structure,2015,1,2.5,2.5
WA,Arson,1992,80,382.10000000000053,0.3
WA,Arson,1993,36,289.4,0.3
WA,Arson,1994,98,2948.8999999999974,0.25
WA,Arson,1995,50,77.80000000000004,0.1
WA,Arson,1996,47,3061.6999999999994,0.5
WA,Arson,1997,22,112.79999999999995,0.15000000000000002
WA,Arson,1998,56,5058.700000000003,0.5
WA,Arson,1999,36,1345.899999999999,0.25
WA,Arson,2000,49,2104.7999999999993,0.5
WA,Arson,2001,37,1801.799999999999,0.2
WA,Arson,2002,56,3038.7999999999997,0.8
WA,Arson,2003,84,15199.300000000014,0.5
WA,Arson,2004,45,730.1000000000004,0.3
WA,Arson,2005,62,1999.0399999999995,0.275
WA,Arson,2006,72,1056.8600000000001,0.25
WA,Arson,2007,76,40106.92999999996,0.275
WA,Arson,2008,84,26545.799999999963,0.1
WA,Arson,2009,79,1168.629999999998,0.16
WA,Arson,2010,60,555.91,0.25
WA,Arson,2011,69,779.95,0.3
WA,Arson,2012,75,8072.080000000006,0.5
WA,Arson,2013,43,436.30000000000007,1.0
WA,Arson,2014,89,1108.7399999999986,0.5
WA,Arson,2015,69,64717.60999999999,1.0
WA,Campfire,1992,241,1016.9000000000019,0.1
WA,Campfire,1993,171,42.50000000000008,0.1
WA,Campfire,1994,166,68.59999999999985,0.1
WA,Campfire,1995,108,18.599999999999998,0.1
WA,Campfire,1996,105,770.3000000000005,0.1
WA,Campfire,1997,59,1090.7999999999988,0.1
WA,Campfire,1998,170,132.29999999999987,0.1
WA,Campfire,1999,117,188.29999999999973,0.1
WA,Campfire,2000,101,770.3000000000001,0.1
WA,Campfire,2001,81,9469.500000000027,0.1
WA,Campfire,2002,125,43420.5,0.1
WA,Campfire,2003,97,1363.6499999999965,0.1
WA,Campfire,2004,83,123.39999999999984,0.1
WA,Campfire,2005,98,5191.120000000007,0.1
WA,Campfire,2006,145,8202.27000000001,0.1
WA,Campfire,2007,118,71.28000000000002,0.1
WA,Campfire,2008,182,210.10999999999993,0.1
WA,Campfire,2009,270,188.54999999999976,0.1
WA,Campfire,2010,197,160.2799999999995,0.1
WA,Campfire,2011,275,324.09000000000054,0.1
WA,Campfire,2012,268,772.2900000000008,0.1
WA,Campfire,2013,225,122.21000000000015,0.1
WA,Campfire,2014,226,180.8199999999995,0.1
WA,Campfire,2015,217,239.43999999999951,0.1
WA,Children,1992,108,616.2000000000012,0.2
WA,Children,1993,27,30.70000000000002,0.1
WA,Children,1994,113,1745.8999999999955,0.2
WA,Children,1995,66,31.20000000000003,0.2
WA,Children,1996,71,92.49999999999993,0.2
WA,Children,1997,38,41.80000000000002,0.2
WA,Children,1998,41,93.40000000000002,0.2
WA,Children,1999,34,123.8,0.25
WA,Children,2000,35,127.10000000000001,0.3
WA,Children,2001,30,37.500000000000014,0.1
WA,Children,2002,32,30.300000000000004,0.25
WA,Children,2003,49,35.300000000000004,0.3
WA,Children,2004,30,1975.9999999999986,0.1
WA,Children,2005,31,4284.4200000000055,0.2
WA,Children,2006,60,111.25999999999995,0.2
WA,Children,2007,45,19.069999999999997,0.1
WA,Children,2008,36,27.410000000000007,0.175
WA,Children,2009,41,32.47000000000001,0.25
WA,Children,2010,20,4.789999999999999,0.1
WA,Children,2011,26,43.88,0.15000000000000002
WA,Children,2012,44,1695.2799999999993,0.1
WA,Children,2013,16,24.260000000000005,0.175
WA,Children,2014,27,22.720000000000002,0.13
WA,Children,2015,28,35.06000000000001,0.15000000000000002
WA,Debris Burning,1992,402,23626.449999999797,0.3
WA,Debris Burning,1993,240,3054.14999999999,0.2
WA,Debris Burning,1994,334,2299.09999999999,0.3
WA,Debris Burning,1995,319,1973.699999999994,0.3
WA,Debris Burning,1996,213,27605.199999999906,0.5
WA,Debris Burning,1997,203,7787.600000000022,0.3
WA,Debris Burning,1998,217,2414.5999999999926,0.3
WA,Debris Burning,1999,304,5083.200000000015,0.45
WA,Debris Burning,2000,238,11712.300000000023,0.5
WA,Debris Burning,2001,204,7909.9000000000215,0.5
WA,Debris Burning,2002,224,4171.400000000002,0.3
WA,Debris Burning,2003,193,2250.7999999999984,0.3
WA,Debris Burning,2004,223,1974.9999999999957,0.5
WA,Debris Burning,2005,196,9510.02000000002,0.3
WA,Debris Burning,2006,263,1733.0300000000016,0.3
WA,Debris Burning,2007,232,1284.499999999997,0.25
WA,Debris Burning,2008,203,3255.3499999999967,0.25
WA,Debris Burning,2009,216,2702.1699999999996,0.45
WA,Debris Burning,2010,105,439.91000000000014,0.25
WA,Debris Burning,2011,144,586.8300000000007,0.25
WA,Debris Burning,2012,177,3045.999999999998,0.5
WA,Debris Burning,2013,165,782.5700000000011,0.2
WA,Debris Burning,2014,187,1440.7599999999966,0.5
WA,Debris Burning,2015,203,3261.539999999995,0.25
WA,Equipment Use,1992,24,3152.3999999999996,0.1
WA,Equipment Use,1993,25,14879.9,0.2
WA,Equipment Use,1994,27,209.49999999999997,0.1
WA,Equipment Use,1995,22,360.70000000000005,0.5
WA,Equipment Use,1996,30,16477.850000000002,0.275
WA,Equipment Use,1997,21,68.69999999999999,0.1
WA,Equipment Use,1998,12,7919.6,0.35
WA,Equipment Use,1999,33,1875.3,0.2
WA,Equipment Use,2000,37,166202.7,0.3
WA,Equipment Use,2001,27,8963.0,0.3
WA,Equipment Use,2002,27,3917.3999999999996,0.2
WA,Equipment Use,2003,28,7815.300000000001,0.25
WA,Equipment Use,2004,30,17186.81,0.1
WA,Equipment Use,2005,45,15944.310000000005,0.3
WA,Equipment Use,2006,45,9995.130000000001,0.5
WA,Equipment Use,2007,48,6990.230000000003,0.5
WA,Equipment Use,2008,35,8516.960000000003,1.0
WA,Equipment Use,2009,32,336.47999999999996,0.15000000000000002
WA,Equipment Use,2010,23,3355.4,0.1
WA,Equipment Use,2011,46,1528.5599999999984,0.15000000000000002
WA,Equipment Use,2012,53,2871.48,0.5
WA,Equipment Use,2013,36,476.7700000000001,1.15
WA,Equipment Use,2014,30,10785.870000000003,0.1
WA,Equipment Use,2015,85,224561.22000000018,0.3
WA,Fireworks,1992,14,130.6,0.2
WA,Fireworks,1993,12,5.8999999999999995,0.35
WA,Fireworks,1994,36,330.50000000000006,0.1
WA,Fireworks,1995,25,94.8,0.1
WA,Fireworks,1996,31,24.600000000000005,0.1
WA,Fireworks,1997,13,7.499999999999999,0.1
WA,Fireworks,1998,10,11.4,0.5
WA,Fireworks,1999,15,210.49999999999997,0.2
WA,Fireworks,2000,19,217.19999999999996,0.2
WA,Fireworks,2001,28,468.5000000000001,0.15000000000000002
WA,Fireworks,2002,41,77.59999999999998,0.1
WA,Fireworks,2003,46,4216.500000000005,0.1
WA,Fireworks,2004,29,43.60000000000001,0.1
WA,Fireworks,2005,34,42.600000000000016,0.15000000000000002
WA,Fireworks,2006,56,84.50000000000001,0.3
WA,Fireworks,2007,41,4082.0,0.3
WA,Fireworks,2008,53,439.99000000000024,0.25
WA,Fireworks,2009,103,612.8600000000007,0.25
WA,Fireworks,2010,48,87.25999999999995,0.3
WA,Fireworks,2011,44,36.80000000000001,0.3
WA,Fireworks,2012,50,60.28000000000002,0.15000000000000002
WA,Fireworks,2013,54,781.1600000000004,0.2
WA,Fireworks,2014,81,429.4799999999999,0.3
WA,Fireworks,2015,77,491.4799999999999,0.2
WA,Lightning,1992,492,17565.999999999825,0.1
WA,Lightning,1993,196,896.7000000000011,0.1
WA,Lightning,1994,788,224356.50000000105,0.2
WA,Lightning,1995,234,1125.2999999999965,0.1
WA,Lightning,1996,206,15763.400000000014,0.1
WA,Lightning,1997,355,13096.000000000033,0.1
WA,Lightning,1998,481,68825.10000000047,0.1
WA,Lightning,1999,402,4596.700000000025,0.1
WA,Lightning,2000,255,77755.89999999997,0.2
WA,Lightning,2001,293,126256.50000000042,0.2
WA,Lightning,2002,401,14456.400000000049,0.2
WA,Lightning,2003,368,132366.46000000075,0.2
WA,Lightning,2004,727,59852.76999999957,0.1
WA,Lightning,2005,160,324.30000000000024,0.1
WA,Lightning,2006,322,356381.2799999979,0.2
WA,Lightning,2007,258,91491.49,0.2
WA,Lightning,2008,539,14793.390000000065,0.1
WA,Lightning,2009,905,74735.82000000043,0.1
WA,Lightning,2010,305,13567.05,0.1
WA,Lightning,2011,99,142.42999999999972,0.1
WA,Lightning,2012,436,194085.7000000009,0.2
WA,Lightning,2013,518,19831.42999999991,0.1
WA,Lightning,2014,484,338284.879999999,0.1
WA,Lightning,2015,470,776847.7299999993,0.25
WA,Miscellaneous,1992,324,15672.50000000005,0.2
WA,Miscellaneous,1993,218,3048.049999999993,0.2
WA,Miscellaneous,1994,366,8495.800000000054,0.2
WA,Miscellaneous,1995,310,2634.499999999992,0.2
WA,Miscellaneous,1996,332,81331.25000000063,0.3
WA,Miscellaneous,1997,240,5218.100000000004,0.1
WA,Miscellaneous,1998,407,8618.700000000055,0.2
WA,Miscellaneous,1999,454,3843.7499999999827,0.3
WA,Miscellaneous,2000,431,17686.99999999999,0.3
WA,Miscellaneous,2001,390,17665.099999999817,0.3
WA,Miscellaneous,2002,447,16968.25999999998,0.2
WA,Miscellaneous,2003,475,29687.899999999776,0.2
WA,Miscellaneous,2004,345,10303.090000000051,0.2
WA,Miscellaneous,2005,283,63602.15999999989,0.3
WA,Miscellaneous,2006,381,6418.2800000000325,0.25
WA,Miscellaneous,2007,348,105815.15000000017,0.2
WA,Miscellaneous,2008,224,6413.800000000016,0.25
WA,Miscellaneous,2009,255,3306.3599999999988,0.2
WA,Miscellaneous,2010,199,29648.639999999912,0.25
WA,Miscellaneous,2011,266,22520.50999999988,0.25
WA,Miscellaneous,2012,239,22206.829999999878,0.25
WA,Miscellaneous,2013,233,113961.8300000001,0.25
WA,Miscellaneous,2014,313,37985.519999999975,0.25
WA,Miscellaneous,2015,477,73805.34999999992,0.25
WA,Missing/Undefined,1994,3,2.1,1.0
WA,Missing/Undefined,1997,1,0.4,0.4
WA,Missing/Undefined,1998,1,2.0,2.0
WA,Missing/Undefined,1999,4,4501.4,1000.45
WA,Missing/Undefined,2000,1,6500.0,6500.0
WA,Missing/Undefined,2001,3,4812.2,2.0
WA,Missing/Undefined,2002,1,60.0,60.0
WA,Missing/Undefined,2003,3,1334.6,0.5
WA,Missing/Undefined,2004,32,1511.8000000000002,0.15000000000000002
WA,Missing/Undefined,2005,145,37942.35000000001,0.1
WA,Missing/Undefined,2006,167,8671.480000000029,0.1
WA,Missing/Undefined,2007,95,12535.360000000017,0.1
WA,Missing/Undefined,2008,9,39401.1,1006.0
WA,Missing/Undefined,2009,7,170.5,3.0
WA,Missing/Undefined,2010,17,44435.9,15.0
WA,Missing/Undefined,2011,21,12634.4,4.0
WA,Missing/Undefined,2012,23,47786.3,2.0
WA,Missing/Undefined,2013,28,17064.6,8.1
WA,Missing/Undefined,2014,21,35679.1,0.8
WA,Missing/Undefined,2015,12,16683.0,292.5
WA,Powerline,1992,7,50.60000000000001,0.1
WA,Powerline,1993,7,16.6,0.3
WA,Powerline,1994,9,2.8,0.1
WA,Powerline,1995,4,260.8,50.25
WA,Powerline,1996,4,294.20000000000005,10.05
WA,Powerline,1997,6,1.1,0.1
WA,Powerline,1998,3,0.30000000000000004,0.1
WA,Powerline,1999,8,4264.1,3.15
WA,Powerline,2000,1,3.4,3.4
WA,Powerline,2001,5,287.09999999999997,2.5
WA,Powerline,2002,8,5287.2,32.5
WA,Powerline,2003,8,2740.4,0.45
WA,Powerline,2004,7,37.3,1.0
WA,Powerline,2005,3,1.2,0.5
WA,Powerline,2006,9,5679.0,0.5
WA,Powerline,2007,11,1729.3999999999999,0.1
WA,Powerline,2008,60,18217.729999999967,0.25
WA,Powerline,2009,36,3340.6800000000007,0.2
WA,Powerline,2010,29,780.95,0.1
WA,Powerline,2011,11,8.799999999999999,0.3
WA,Powerline,2012,11,33.0,0.5
WA,Powerline,2013,30,24.270000000000024,0.1
WA,Powerline,2014,78,199.91,0.15000000000000002
WA,Powerline,2015,46,796.7700000000002,0.2
WA,Railroad,1992,14,514.8000000000002,0.25
WA,Railroad,1993,5,346.8,0.5
WA,Railroad,1994,11,1522.1,2.5
WA,Railroad,1995,23,65.60000000000001,0.7
WA,Railroad,1996,15,2696.1999999999994,6.0
WA,Railroad,1997,12,120.39999999999999,0.95
WA,Railroad,1998,16,18351.699999999993,1.15
WA,Railroad,1999,15,31.42,0.5
WA,Railroad,2000,11,2049.8999999999996,0.5
WA,Railroad,2001,18,11559.500000000002,0.1
WA,Railroad,2002,12,19.310000000000002,0.2
WA,Railroad,2003,20,298.6,0.15000000000000002
WA,Railroad,2004,13,13.299999999999999,0.2
WA,Railroad,2005,14,21.6,0.1
WA,Railroad,2006,16,11.1,0.35
WA,Railroad,2007,8,443.7,4.0
WA,Railroad,2008,8,15.709999999999999,0.1
WA,Railroad,2009,5,356.36,0.25
WA,Railroad,2010,4,1.5,0.2
WA,Railroad,2011,6,2.58,0.35
WA,Railroad,2012,2,0.30000000000000004,0.15000000000000002
WA,Railroad,2013,9,15.42,0.25
WA,Railroad,2014,4,594.2,1.55
WA,Railroad,2015,4,8.17,1.58
WA,Smoking,1992,68,26952.49999999998,0.1
WA,Smoking,1993,46,17.099999999999998,0.1
WA,Smoking,1994,70,29456.199999999953,0.1
WA,Smoking,1995,52,84.8,0.1
WA,Smoking,1996,37,16.9,0.1
WA,Smoking,1997,28,17.799999999999997,0.1
WA,Smoking,1998,62,192.59999999999982,0.1
WA,Smoking,1999,53,110.79999999999993,0.1
WA,Smoking,2000,48,121.99999999999994,0.1
WA,Smoking,2001,42,34549.499999999985,0.1
WA,Smoking,2002,44,22.100000000000005,0.1
WA,Smoking,2003,62,2231.7999999999993,0.15000000000000002
WA,Smoking,2004,27,44.63000000000001,0.1
WA,Smoking,2005,17,10.93,0.1
WA,Smoking,2006,39,136.71999999999994,0.1
WA,Smoking,2007,24,21.91,0.1
WA,Smoking,2008,35,26.479999999999997,0.1
WA,Smoking,2009,34,14.949999999999994,0.1
WA,Smoking,2010,24,4.08,0.1
WA,Smoking,2011,21,4.419999999999999,0.1
WA,Smoking,2012,36,126.09999999999997,0.1
WA,Smoking,2013,15,18.830000000000005,0.1
WA,Smoking,2014,13,24.250000000000004,0.1
WA,Smoking,2015,31,18.01000000000001,0.1
WA,Structure,1993,3,1.2,0.5
WA,Structure,1994,1,0.1,0.1
WA,Structure,1997,1,0.1,0.1
WA,Structure,1998,1,0.3,0.3
WA,Structure,2005,1,0.1,0.1
WA,Structure,2006,2,0.2,0.1
WA,Structure,2008,22,15.589999999999998,0.3
WA,Structure,2009,17,97.46000000000001,0.5
WA,Structure,2010,17,4.629999999999999,0.25
WA,Structure,2012,14,10.769999999999998,0.25
WA,Structure,2013,6,7.009999999999999,0.15000000000000002
WA,Structure,2014,14,23164.66999999999,0.1
WA,Structure,2015,22,180.99999999999994,0.25
WI,Arson,1992,131,237.60999999999993,0.2
WI,Arson,1993,61,156.73999999999998,0.25
WI,Arson,1994,176,1597.539999999998,0.25
WI,Arson,1995,183,240.9799999999998,0.2
WI,Arson,1996,76,134.74,0.32
WI,Arson,1997,76,86.68999999999998,0.225
WI,Arson,1998,143,536.9999999999998,0.2
WI,Arson,1999,148,1685.609999999998,0.22
WI,Arson,2000,151,1872.7999999999993,0.15
WI,Arson,2001,119,143.79999999999976,0.1
WI,Arson,2002,59,539.8400000000003,0.25
WI,Arson,2003,262,2327.5900000000183,0.1
WI,Arson,2004,80,189.37,0.2
WI,Arson,2005,134,321.91000000000025,0.3
WI,Arson,2006,146,247.69499999999994,0.1
WI,Arson,2007,357,1082.8949999999995,0.4
WI,Arson,2008,212,367.6399999999999,0.2
WI,Arson,2009,130,147.52000000000007,0.2
WI,Arson,2010,137,221.53999999999976,0.15
WI,Arson,2011,53,19.680000000000003,0.1
WI,Arson,2012,115,429.7000000000008,0.3
WI,Arson,2013,39,62.6,0.1
WI,Arson,2014,61,241.50599999999991,0.1
WI,Arson,2015,46,238.23,0.315
WI,Campfire,1992,46,83.22,0.3
WI,Campfire,1993,23,16.09,0.15
WI,Campfire,1994,62,672.0800000000002,0.35
WI,Campfire,1995,64,129.07,0.425
WI,Campfire,1996,44,122.64,0.3
WI,Campfire,1997,64,91.75,0.3
WI,Campfire,1998,95,427.01999999999987,0.27
WI,Campfire,1999,74,154.87999999999997,0.3
WI,Campfire,2000,49,125.94000000000001,0.25
WI,Campfire,2001,47,99.19,0.25
WI,Campfire,2002,36,89.41,0.1
WI,Campfire,2003,89,323.9500000000001,0.4
WI,Campfire,2004,49,70.16,0.45
WI,Campfire,2005,70,107.53,0.175
WI,Campfire,2006,61,278.8899999999999,0.2
WI,Campfire,2007,284,399.9200099999998,0.1
WI,Campfire,2008,194,114.37199999999999,0.1
WI,Campfire,2009,98,125.02000000000011,0.1
WI,Campfire,2010,49,45.34000000000001,0.25
WI,Campfire,2011,28,16.669999999999998,0.1
WI,Campfire,2012,73,106.49999999999991,0.3
WI,Campfire,2013,35,52.00000000000003,0.1
WI,Campfire,2014,24,39.84,0.3
WI,Campfire,2015,34,57.56100000000001,0.175
WI,Children,1992,78,56.63,0.1
WI,Children,1993,54,27.340000000000003,0.1
WI,Children,1994,174,94.70000000000007,0.1
WI,Children,1995,78,65.35000000000001,0.125
WI,Children,1996,97,35.830000000000005,0.1
WI,Children,1997,77,27.800000000000022,0.1
WI,Children,1998,24,31.40000000000002,0.1
WI,Children,1999,66,18.799999999999994,0.1
WI,Children,2000,30,8.999999999999995,0.1
WI,Children,2001,5,0.8999999999999999,0.1
WI,Children,2002,2,0.30000000000000004,0.15000000000000002
WI,Children,2003,163,114.20000000000003,0.1
WI,Children,2004,1,0.3,0.3
WI,Children,2005,5,1.0999999999999999,0.1
WI,Children,2006,44,96.78,0.1
WI,Children,2007,44,18.48600000000001,0.1
WI,Children,2008,10,1.9300000000000002,0.1
WI,Children,2009,31,7.039999999999997,0.1
WI,Children,2010,27,20.300000000000004,0.25
WI,Children,2011,5,0.52,0.1
WI,Children,2012,32,15.299999999999994,0.1
WI,Children,2013,14,24.4,0.1
WI,Children,2014,13,3.5099999999999993,0.1
WI,Children,2015,25,20.310000000000013,0.17
WI,Debris Burning,1992,337,441.7700000000003,0.25
WI,Debris Burning,1993,278,523.9399999999999,0.3
WI,Debris Burning,1994,554,975.0400000000002,0.3
WI,Debris Burning,1995,499,806.6800000000001,0.3
WI,Debris Burning,1996,577,1207.7099999999996,0.3
WI,Debris Burning,1997,728,1607.9199999999955,0.3
WI,Debris Burning,1998,538,1061.1299999999994,0.25
WI,Debris Burning,1999,576,1394.6499999999987,0.3
WI,Debris Burning,2000,645,2123.8099999999945,0.4
WI,Debris Burning,2001,320,583.4799999999997,0.2
WI,Debris Burning,2002,359,976.9099999999997,0.3
WI,Debris Burning,2003,777,3040.7600000000075,0.4
WI,Debris Burning,2004,450,1141.61,0.39
WI,Debris Burning,2005,492,4946.290000000014,0.4
WI,Debris Burning,2006,483,1428.1059999999961,0.3
WI,Debris Burning,2007,68,134.54,0.25
WI,Debris Burning,2008,51,48.010000000000005,0.1
WI,Debris Burning,2009,455,1316.169446999999,0.4
WI,Debris Burning,2010,327,617.704,0.25
WI,Debris Burning,2011,212,360.72,0.3
WI,Debris Burning,2012,350,639.0000000000011,0.3
WI,Debris Burning,2013,223,371.56000000000046,0.3
WI,Debris Burning,2014,204,1638.3609999999985,0.3
WI,Debris Burning,2015,287,599.2800000000016,0.47
WI,Equipment Use,1992,295,659.1099999999999,0.2
WI,Equipment Use,1993,191,362.8700000000001,0.1
WI,Equipment Use,1994,456,892.3700000000001,0.27
WI,Equipment Use,1995,343,323.87000000000023,0.15
WI,Equipment Use,1996,278,382.0499999999998,0.12
WI,Equipment Use,1997,242,315.9499999999997,0.1
WI,Equipment Use,1998,233,944.5599999999993,0.1
WI,Equipment Use,1999,279,679.9100000000004,0.2
WI,Equipment Use,2000,248,1705.429999999997,0.2
WI,Equipment Use,2001,167,167.19999999999982,0.1
WI,Equipment Use,2002,156,266.1599999999998,0.1
WI,Equipment Use,2003,374,753.5200000000006,0.14
WI,Equipment Use,2004,144,206.42999999999972,0.15
WI,Equipment Use,2005,286,309.7399999999996,0.1
WI,Equipment Use,2006,303,289.67799999999926,0.1
WI,Equipment Use,2007,31,687.7199999999999,0.1
WI,Equipment Use,2008,34,119.52999999999997,0.2
WI,Equipment Use,2009,274,563.1899999999993,0.1
WI,Equipment Use,2010,213,517.6350000000006,0.1
WI,Equipment Use,2011,148,114.90999999999997,0.1
WI,Equipment Use,2012,336,491.0000000000011,0.1
WI,Equipment Use,2013,121,7757.560000000023,0.1
WI,Equipment Use,2014,115,38.54000000000002,0.1
WI,Equipment Use,2015,200,269.05999999999983,0.1
WI,Fireworks,1992,2,0.2,0.1
WI,Fireworks,1994,3,0.30000000000000004,0.1
WI,Fireworks,1995,4,1.4000000000000001,0.25
WI,Fireworks,1996,3,0.30000000000000004,0.1
WI,Fireworks,1997,34,27.750000000000007,0.125
WI,Fireworks,1998,43,73.11,0.1
WI,Fireworks,1999,21,5.6199999999999966,0.1
WI,Fireworks,2000,33,21.11,0.1
WI,Fireworks,2001,45,45.17999999999999,0.1
WI,Fireworks,2002,37,15.669999999999996,0.1
WI,Fireworks,2003,2,0.2,0.1
WI,Fireworks,2004,1,0.1,0.1
WI,Fireworks,2005,8,2.4000000000000004,0.1
WI,Fireworks,2006,9,2.1000000000000005,0.1
WI,Fireworks,2007,7,1.2999999999999998,0.1
WI,Fireworks,2008,5,0.6,0.1
WI,Fireworks,2009,93,410.8499999999998,0.05
WI,Fireworks,2010,40,22.999999999999996,0.03
WI,Fireworks,2011,28,9.399999999999999,0.1
WI,Fireworks,2012,54,58.00000000000005,0.1
WI,Fireworks,2013,36,13.699999999999994,0.1
WI,Fireworks,2014,22,5.350999999999999,0.1
WI,Fireworks,2015,21,13.170000000000002,0.1
WI,Lightning,1992,20,114.77000000000002,0.1
WI,Lightning,1993,5,12.57,3.5
WI,Lightning,1994,29,108.08,0.5
WI,Lightning,1995,24,18.150000000000016,0.07500000000000001
WI,Lightning,1996,18,64.56,0.125
WI,Lightning,1997,14,19.589999999999996,0.09
WI,Lightning,1998,39,38.80999999999999,0.08
WI,Lightning,1999,18,77.9,0.1
WI,Lightning,2000,24,123.40999999999998,0.09
WI,Lightning,2001,23,7.489999999999998,0.1
WI,Lightning,2002,27,374.82,0.1
WI,Lightning,2003,23,51.96,0.3
WI,Lightning,2004,22,28.64000000000001,0.060000000000000005
WI,Lightning,2005,49,31.090000000000025,0.01
WI,Lightning,2006,66,229.73999999999984,0.1
WI,Lightning,2007,91,118.41100000000004,0.1
WI,Lightning,2008,29,60.85999999999998,0.1
WI,Lightning,2009,23,50.794999999999995,0.1
WI,Lightning,2010,46,474.94,0.05
WI,Lightning,2011,8,7.459999999999999,0.3
WI,Lightning,2012,43,83.39999999999995,0.1
WI,Lightning,2013,8,30.500000000000007,0.1
WI,Lightning,2014,15,122.36000000000001,0.1
WI,Lightning,2015,17,27.490000000000002,0.3
WI,Miscellaneous,1992,274,758.0100000000001,0.2
WI,Miscellaneous,1993,216,272.9,0.15
WI,Miscellaneous,1994,379,722.1800000000002,0.25
WI,Miscellaneous,1995,310,473.49000000000035,0.275
WI,Miscellaneous,1996,261,631.7900000000003,0.3
WI,Miscellaneous,1997,193,281.48,0.2
WI,Miscellaneous,1998,220,290.5400000000001,0.2
WI,Miscellaneous,1999,199,849.5399999999997,0.2
WI,Miscellaneous,2000,185,172.60999999999996,0.15
WI,Miscellaneous,2001,99,153.47999999999993,0.1
WI,Miscellaneous,2002,129,198.45999999999984,0.1
WI,Miscellaneous,2003,456,876.9170000000014,0.1
WI,Miscellaneous,2004,327,342.96199999999965,0.1
WI,Miscellaneous,2005,394,586.5000000000003,0.1
WI,Miscellaneous,2006,478,335.7369999999992,0.1
WI,Miscellaneous,2007,475,1820.1109999999915,0.1
WI,Miscellaneous,2008,239,79.45499999999994,0.1
WI,Miscellaneous,2009,269,613.8099999999998,0.2
WI,Miscellaneous,2010,215,332.85659999999984,0.17
WI,Miscellaneous,2011,118,61.32,0.1
WI,Miscellaneous,2012,238,769.9000000000018,0.2
WI,Miscellaneous,2013,111,768.6300000000005,0.1
WI,Miscellaneous,2014,88,547.3679999999999,0.2
WI,Miscellaneous,2015,177,596.1490000000008,0.2
WI,Missing/Undefined,1992,1,15.0,15.0
WI,Missing/Undefined,1994,1,4.35,4.35
WI,Missing/Undefined,1995,1,0.01,0.01
WI,Missing/Undefined,1998,1,0.2,0.2
WI,Missing/Undefined,2000,1,170.0,170.0
WI,Missing/Undefined,2001,3,0.32,0.01
WI,Missing/Undefined,2002,1,0.1,0.1
WI,Missing/Undefined,2003,16,1430.27,0.35
WI,Missing/Undefined,2004,18,38.19,0.1
WI,Missing/Undefined,2005,6,58.26,0.1
WI,Missing/Undefined,2009,10,720.8,7.1
WI,Missing/Undefined,2010,5,108.3,0.1
WI,Missing/Undefined,2012,4,5.8,1.5
WI,Missing/Undefined,2013,1,0.1,0.1
WI,Missing/Undefined,2014,4,90.0,8.5
WI,Missing/Undefined,2015,2,22.1,11.05
WI,Powerline,1992,1,8.0,8.0
WI,Powerline,1994,5,0.9999999999999999,0.1
WI,Powerline,1997,52,18.62000000000001,0.1
WI,Powerline,1998,131,514.89,0.15
WI,Powerline,1999,69,65.71000000000001,0.1
WI,Powerline,2000,67,34.160000000000025,0.1
WI,Powerline,2001,80,33.709999999999994,0.1
WI,Powerline,2002,53,9.469999999999997,0.1
WI,Powerline,2006,1,0.1,0.1
WI,Powerline,2007,1,0.6,0.6
WI,Powerline,2009,117,115.33,0.1
WI,Powerline,2010,152,98.05000000000001,0.12
WI,Powerline,2011,89,20.986999999999988,0.1
WI,Powerline,2012,5,0.5,0.1
WI,Powerline,2013,46,27.42000000000004,0.1
WI,Powerline,2014,31,8.709999999999999,0.02
WI,Powerline,2015,76,112.36999999999985,0.1
WI,Railroad,1992,12,4.830000000000001,0.07500000000000001
WI,Railroad,1993,9,1.7700000000000002,0.1
WI,Railroad,1994,19,8.209999999999999,0.1
WI,Railroad,1995,30,11.04,0.07500000000000001
WI,Railroad,1996,27,38.65999999999999,0.1
WI,Railroad,1997,112,51.43,0.2
WI,Railroad,1998,65,94.95000000000003,0.1
WI,Railroad,1999,51,77.84999999999998,0.2
WI,Railroad,2000,62,443.46999999999986,0.15
WI,Railroad,2001,24,49.230000000000004,0.4
WI,Railroad,2002,33,50.2,0.7
WI,Railroad,2003,58,137.53500000000003,0.3
WI,Railroad,2004,41,133.56,0.14
WI,Railroad,2005,93,127.01000000000006,0.15
WI,Railroad,2006,41,60.52000000000002,0.1
WI,Railroad,2007,107,170.61999999999995,0.17
WI,Railroad,2008,31,104.25500000000002,0.13
WI,Railroad,2009,23,24.13,0.19
WI,Railroad,2010,51,50.28999999999999,0.1
WI,Railroad,2011,26,17.949999999999996,0.125
WI,Railroad,2012,64,127.59999999999984,0.1
WI,Railroad,2013,35,9.599999999999994,0.1
WI,Railroad,2014,11,7.93,0.13
WI,Railroad,2015,46,750.3600000000004,0.21
WI,Smoking,1992,90,141.45999999999998,0.25
WI,Smoking,1993,47,71.0,0.25
WI,Smoking,1994,114,166.07,0.22999999999999998
WI,Smoking,1995,104,246.89,0.2
WI,Smoking,1996,82,309.69,0.225
WI,Smoking,1997,51,68.26,0.23
WI,Smoking,1998,49,72.08999999999999,0.14
WI,Smoking,1999,75,338.76,0.3
WI,Smoking,2000,56,177.60999999999999,0.325
WI,Smoking,2001,31,71.67,0.2
WI,Smoking,2002,26,37.870000000000005,0.25
WI,Smoking,2003,33,27.640000000000015,0.1
WI,Smoking,2004,28,203.58999999999997,0.3
WI,Smoking,2005,28,21.488000000000007,0.11
WI,Smoking,2006,26,105.17000000000002,0.125
WI,Smoking,2007,22,17.44,0.1
WI,Smoking,2008,8,4.9799999999999995,0.125
WI,Smoking,2009,31,39.86999999999999,0.1
WI,Smoking,2010,24,16.43,0.175
WI,Smoking,2011,7,2.73,0.1
WI,Smoking,2012,32,58.30000000000001,0.35
WI,Smoking,2013,6,0.8,0.1
WI,Smoking,2014,5,3.93,0.3
WI,Smoking,2015,13,11.339999999999998,0.45
WI,Structure,1994,1,0.1,0.1
WI,Structure,1997,32,24.360000000000003,0.2
WI,Structure,1998,30,9.819999999999999,0.1
WI,Structure,1999,28,3.85,0.1
WI,Structure,2000,27,35.019999999999996,0.4
WI,Structure,2001,30,8.899999999999997,0.1
WI,Structure,2002,31,41.35,0.1
WI,Structure,2009,24,10.199999999999998,0.1
WI,Structure,2010,26,4.959999999999997,0.1
WI,Structure,2011,13,3.4099999999999997,0.1
WI,Structure,2012,34,11.799999999999995,0.2
WI,Structure,2013,17,19.200000000000003,0.2
WI,Structure,2014,12,76.33,0.55
WI,Structure,2015,21,4.0200000000000005,0.1
WV,Arson,1992,209,2859.449999999997,2.0
WV,Arson,1993,330,6508.500000000003,2.0
WV,Arson,1994,467,30910.299999999996,7.0
WV,Arson,1995,410,22895.699999999993,4.0
WV,Arson,1996,203,3692.4999999999973,2.0
WV,Arson,1997,183,3474.699999999999,2.0
WV,Arson,1998,300,11846.20000000001,5.0
WV,Arson,1999,713,69548.40000000007,6.0
WV,Arson,2000,422,35242.69999999999,5.0
WV,Arson,2001,714,52558.999999999956,2.0
WV,Arson,2002,247,4231.299999999999,2.0
WV,Arson,2003,229,4940.699999999998,1.8
WV,Arson,2004,197,2397.3999999999983,1.0
WV,Arson,2005,236,7105.099999999998,1.0
WV,Arson,2006,336,7348.149999999999,2.0
WV,Arson,2007,262,3606.7999999999956,1.0
WV,Arson,2008,233,5492.95,2.0
WV,Arson,2009,265,6577.800000000005,3.0
WV,Arson,2010,222,9734.860000000008,3.0
WV,Arson,2011,118,2347.3999999999987,2.0
WV,Arson,2012,247,9307.41,3.0
WV,Arson,2013,156,4110.799999999997,1.0
WV,Arson,2014,178,7303.200000000007,1.5
WV,Arson,2015,145,7258.550000000004,4.0
WV,Campfire,1992,13,152.39999999999998,6.0
WV,Campfire,1993,18,76.60000000000001,3.5
WV,Campfire,1994,16,76.9,0.55
WV,Campfire,1995,23,210.4,1.0
WV,Campfire,1996,10,6.6000000000000005,0.45
WV,Campfire,1997,10,3.5000000000000004,0.1
WV,Campfire,1998,18,81.8,1.0
WV,Campfire,1999,32,249.99999999999997,1.0
WV,Campfire,2000,17,371.3,1.0
WV,Campfire,2001,29,530.4000000000001,1.0
WV,Campfire,2002,17,376.20000000000005,2.0
WV,Campfire,2003,10,75.3,2.5
WV,Campfire,2004,12,85.39999999999999,1.0
WV,Campfire,2005,23,106.19999999999999,0.1
WV,Campfire,2006,21,296.7,2.0
WV,Campfire,2007,36,254.04,0.2
WV,Campfire,2008,19,619.4,0.3
WV,Campfire,2009,24,211.29999999999998,1.0
WV,Campfire,2010,34,676.1999999999999,0.65
WV,Campfire,2011,11,56.1,2.0
WV,Campfire,2012,13,986.91,4.0
WV,Campfire,2013,13,135.9,0.5
WV,Campfire,2014,34,200.99999999999997,0.8
WV,Campfire,2015,11,157.89999999999998,1.0
WV,Children,1992,37,56.50000000000001,1.0
WV,Children,1993,31,70.60000000000001,0.4
WV,Children,1994,57,344.49999999999994,0.8
WV,Children,1995,82,161.69999999999993,0.45
WV,Children,1996,41,61.20000000000002,1.0
WV,Children,1997,57,93.34999999999994,0.2
WV,Children,1998,48,394.5100000000001,0.5
WV,Children,1999,99,675.0000000000007,0.2
WV,Children,2000,48,98.89999999999999,0.2
WV,Children,2001,73,1278.1000000000001,0.2
WV,Children,2002,45,76.19999999999997,0.1
WV,Children,2003,27,38.10000000000001,0.5
WV,Children,2004,13,140.5,0.2
WV,Children,2005,18,87.1,0.35
WV,Children,2006,33,102.49999999999996,0.5
WV,Children,2007,23,17.599999999999998,0.2
WV,Children,2008,28,77.80000000000001,0.25
WV,Children,2009,14,36.10000000000001,0.2
WV,Children,2010,22,36.10000000000001,0.5
WV,Children,2011,11,7.3,0.5
WV,Children,2012,13,278.40000000000003,0.2
WV,Children,2013,16,8.8,0.15000000000000002
WV,Children,2014,42,40.900000000000006,0.5
WV,Children,2015,21,63.300000000000004,0.3
WV,Debris Burning,1992,256,2591.6499999999987,2.0
WV,Debris Burning,1993,283,1646.3999999999992,1.0
WV,Debris Burning,1994,217,4518.499999999998,1.0
WV,Debris Burning,1995,453,10381.300000000007,1.0
WV,Debris Burning,1996,238,1314.5999999999995,0.6499999999999999
WV,Debris Burning,1997,272,2342.699999999998,1.0
WV,Debris Burning,1998,320,1820.6999999999964,0.5
WV,Debris Burning,1999,567,4651.799999999996,1.0
WV,Debris Burning,2000,388,7522.000000000004,1.0
WV,Debris Burning,2001,470,6056.899999999996,1.0
WV,Debris Burning,2002,439,4341.500000000001,1.0
WV,Debris Burning,2003,233,1822.0999999999983,0.5
WV,Debris Burning,2004,271,1825.1999999999975,1.0
WV,Debris Burning,2005,272,2372.099999999998,0.5
WV,Debris Burning,2006,387,5160.999999999998,1.0
WV,Debris Burning,2007,231,1101.9500000000012,1.0
WV,Debris Burning,2008,302,4387.949999999997,1.0
WV,Debris Burning,2009,382,1752.599999999998,1.0
WV,Debris Burning,2010,243,4974.900000000004,1.0
WV,Debris Burning,2011,168,1052.6000000000004,1.0
WV,Debris Burning,2012,228,2023.899999999999,0.5
WV,Debris Burning,2013,218,1757.4099999999983,0.8
WV,Debris Burning,2014,406,3129.2999999999947,1.0
WV,Debris Burning,2015,238,1419.9999999999975,0.5
WV,Equipment Use,1992,56,631.5000000000003,1.0
WV,Equipment Use,1993,51,268.00000000000006,1.0
WV,Equipment Use,1994,71,506.90000000000026,0.5
WV,Equipment Use,1995,101,2543.499999999998,1.0
WV,Equipment Use,1996,48,74.10000000000001,0.2
WV,Equipment Use,1997,86,417.8000000000001,0.25
WV,Equipment Use,1998,117,851.9000000000003,0.5
WV,Equipment Use,1999,205,1417.2999999999981,0.5
WV,Equipment Use,2000,77,905.9000000000002,0.5
WV,Equipment Use,2001,206,6200.100000000005,0.8
WV,Equipment Use,2002,117,384.30000000000007,0.5
WV,Equipment Use,2003,51,254.8999999999999,0.3
WV,Equipment Use,2004,49,337.4,0.2
WV,Equipment Use,2005,71,195.69999999999996,0.4
WV,Equipment Use,2006,143,1355.1000000000006,0.6
WV,Equipment Use,2007,19,68.60000000000001,2.0
WV,Equipment Use,2008,185,2177.299999999997,0.5
WV,Equipment Use,2009,102,825.7000000000004,1.0
WV,Equipment Use,2010,97,975.7000000000008,0.5
WV,Equipment Use,2011,47,185.39999999999992,0.5
WV,Equipment Use,2012,95,742.5,0.3
WV,Equipment Use,2013,76,356.00000000000017,0.4
WV,Equipment Use,2014,125,699.3000000000003,1.0
WV,Equipment Use,2015,126,1183.9000000000003,0.5
WV,Fireworks,1992,38,350.3,5.0
WV,Fireworks,1993,39,580.7,5.0
WV,Fireworks,1994,69,12223.0,15.0
WV,Fireworks,1995,39,3056.8999999999996,4.0
WV,Fireworks,1996,30,508.0,3.0
WV,Fireworks,1997,31,672.3000000000001,8.0
WV,Fireworks,1998,65,4149.2,5.0
WV,Fireworks,1999,90,25166.5,21.0
WV,Fireworks,2000,26,1700.3,10.0
WV,Fireworks,2001,104,25385.2,19.0
WV,Fireworks,2002,21,660.5000000000001,1.0
WV,Fireworks,2003,22,475.20000000000005,11.0
WV,Fireworks,2004,15,1036.8,10.0
WV,Fireworks,2005,46,4773.7,23.5
WV,Fireworks,2006,1,0.1,0.1
WV,Fireworks,2007,3,3.2,1.0
WV,Fireworks,2009,47,3560.7999999999997,2.0
WV,Fireworks,2010,56,6813.0,26.0
WV,Fireworks,2011,23,1764.6,13.0
WV,Fireworks,2012,41,2807.1,2.0
WV,Fireworks,2013,29,466.1,1.0
WV,Fireworks,2014,44,1442.9,1.0
WV,Fireworks,2015,33,6107.0,15.0
WV,Lightning,1992,12,46.6,1.0
WV,Lightning,1993,3,0.30000000000000004,0.1
WV,Lightning,1994,12,13.899999999999997,0.35
WV,Lightning,1995,17,59.30000000000001,0.5
WV,Lightning,1996,4,12.4,2.15
WV,Lightning,1997,3,50.2,0.1
WV,Lightning,1998,4,11.0,2.5
WV,Lightning,1999,43,482.9000000000002,0.5
WV,Lightning,2000,15,3247.7999999999997,2.0
WV,Lightning,2001,16,172.2,0.75
WV,Lightning,2002,8,8.2,0.1
WV,Lightning,2003,7,12.7,0.1
WV,Lightning,2004,1,0.1,0.1
WV,Lightning,2005,9,122.69999999999999,0.1
WV,Lightning,2006,13,54.85,3.0
WV,Lightning,2007,20,84.49999999999999,0.7
WV,Lightning,2008,17,120.85,2.0
WV,Lightning,2010,22,1145.3,22.0
WV,Lightning,2011,14,26.910000000000004,0.2
WV,Lightning,2012,16,407.9000000000001,2.5
WV,Lightning,2013,1,0.01,0.01
WV,Lightning,2014,3,25.0,9.0
WV,Lightning,2015,5,16.200000000000003,2.0
WV,Miscellaneous,1992,5,35.4,1.0
WV,Miscellaneous,1993,9,43.800000000000004,0.5
WV,Miscellaneous,1994,9,100.5,4.0
WV,Miscellaneous,1995,3,8.1,3.0
WV,Miscellaneous,1996,3,7.1,3.0
WV,Miscellaneous,1997,3,1.2000000000000002,0.1
WV,Miscellaneous,1998,4,4.3,0.1
WV,Miscellaneous,1999,7,111.7,0.2
WV,Miscellaneous,2000,2,37.0,18.5
WV,Miscellaneous,2001,1,1.0,1.0
WV,Miscellaneous,2002,2,5.0,2.5
WV,Miscellaneous,2003,1,0.75,0.75
WV,Miscellaneous,2004,2,1.6,0.8
WV,Miscellaneous,2006,56,1649.8999999999999,2.0
WV,Miscellaneous,2007,113,1841.6000000000004,1.0
WV,Miscellaneous,2008,58,1167.1000000000001,2.0
WV,Miscellaneous,2009,1,0.2,0.2
WV,Miscellaneous,2010,3,2.1,0.4
WV,Miscellaneous,2011,5,1.6500000000000004,0.1
WV,Miscellaneous,2012,7,98.09999999999998,0.1
WV,Miscellaneous,2013,2,1611.01,805.505
WV,Miscellaneous,2014,1,0.01,0.01
WV,Miscellaneous,2015,1,9.5,9.5
WV,Missing/Undefined,2000,1,0.5,0.5
WV,Missing/Undefined,2005,1,0.1,0.1
WV,Missing/Undefined,2007,2,0.2,0.1
WV,Missing/Undefined,2008,4,21.8,0.35
WV,Missing/Undefined,2009,45,2855.1,5.0
WV,Missing/Undefined,2010,1,1.1,1.1
WV,Missing/Undefined,2013,5,687.0,130.0
WV,Missing/Undefined,2014,1,5.0,5.0
WV,Missing/Undefined,2015,1,150.0,150.0
WV,Powerline,1992,25,78.89999999999999,1.0
WV,Powerline,1993,31,79.5,1.0
WV,Powerline,1994,36,427.79999999999995,1.5
WV,Powerline,1995,33,885.0999999999998,0.6
WV,Powerline,1996,23,63.2,0.5
WV,Powerline,1997,26,210.99999999999997,0.5
WV,Powerline,1998,30,577.3000000000001,0.5
WV,Powerline,1999,68,364.9000000000001,1.0
WV,Powerline,2000,46,221.89999999999998,1.0
WV,Powerline,2001,48,1511.7,0.7
WV,Powerline,2002,37,205.1,0.3
WV,Powerline,2003,39,308.70000000000016,1.0
WV,Powerline,2004,24,84.5,0.75
WV,Powerline,2005,57,588.4000000000001,0.5
WV,Powerline,2007,84,424.70000000000033,0.75
WV,Powerline,2009,52,412.5000000000001,1.0
WV,Powerline,2010,55,692.4,2.0
WV,Powerline,2011,70,302.7,0.5
WV,Powerline,2013,27,365.1,2.0
WV,Powerline,2014,58,507.4000000000001,2.0
WV,Powerline,2015,76,840.8199999999999,1.0
WV,Railroad,1992,9,470.40000000000003,1.0
WV,Railroad,1993,20,56.1,0.15000000000000002
WV,Railroad,1994,5,13.4,1.0
WV,Railroad,1995,15,233.09999999999994,2.0
WV,Railroad,1996,30,67.7,0.1
WV,Railroad,1997,16,110.0,0.6
WV,Railroad,1998,14,411.6,7.0
WV,Railroad,1999,25,269.90000000000015,0.5
WV,Railroad,2000,10,582.5,4.5
WV,Railroad,2001,18,723.1000000000001,0.5
WV,Railroad,2002,8,345.6,2.0
WV,Railroad,2003,3,1.1,0.5
WV,Railroad,2004,9,17.799999999999997,0.3
WV,Railroad,2005,7,46.7,5.0
WV,Railroad,2006,14,115.99999999999999,0.4
WV,Railroad,2007,2,2.1,1.05
WV,Railroad,2008,17,190.19999999999996,0.5
WV,Railroad,2009,13,286.9000000000001,1.0
WV,Railroad,2010,13,286.3,2.0
WV,Railroad,2011,4,6.8,0.35
WV,Railroad,2012,4,1.2,0.3
WV,Railroad,2013,16,54.2,0.25
WV,Railroad,2014,15,21.1,0.2
WV,Railroad,2015,11,20.2,0.5
WV,Smoking,1992,33,93.59999999999997,0.5
WV,Smoking,1993,23,62.900000000000006,1.0
WV,Smoking,1994,42,55.300000000000004,0.35
WV,Smoking,1995,45,62.30000000000001,0.4
WV,Smoking,1996,17,49.50000000000001,0.3
WV,Smoking,1997,22,39.300000000000004,0.2
WV,Smoking,1998,67,316.79999999999995,0.5
WV,Smoking,1999,75,153.5499999999999,0.25
WV,Smoking,2000,33,67.4,0.2
WV,Smoking,2001,89,944.2000000000003,1.0
WV,Smoking,2002,44,137.69999999999987,0.1
WV,Smoking,2003,9,2.1,0.1
WV,Smoking,2004,14,59.1,0.75
WV,Smoking,2005,13,12.999999999999998,0.2
WV,Smoking,2006,22,68.10000000000001,0.35
WV,Smoking,2007,18,26.9,0.5
WV,Smoking,2008,23,97.10000000000001,0.2
WV,Smoking,2009,15,20.500000000000004,0.6
WV,Smoking,2010,9,3.9,0.2
WV,Smoking,2011,4,36.6,2.25
WV,Smoking,2012,6,0.7,0.1
WV,Smoking,2013,5,3.6999999999999997,0.2
WV,Smoking,2014,24,79.5,1.0
WV,Smoking,2015,6,7.1,0.75
WV,Structure,1992,8,147.7,1.0
WV,Structure,1993,9,40.6,1.0
WV,Structure,1994,9,1715.8,3.0
WV,Structure,1995,20,1086.2,0.85
WV,Structure,1996,4,1.6,0.5
WV,Structure,1997,10,118.89999999999999,1.0
WV,Structure,1998,19,102.00000000000001,0.5
WV,Structure,1999,25,209.49999999999997,0.5
WV,Structure,2000,21,403.1,1.0
WV,Structure,2001,21,180.69999999999996,0.5
WV,Structure,2002,15,30.800000000000004,1.0
WV,Structure,2003,10,448.7,1.5
WV,Structure,2004,11,111.5,1.0
WV,Structure,2005,9,25.7,0.5
WV,Structure,2007,23,87.5,0.5
WV,Structure,2009,24,90.5,0.8
WV,Structure,2010,19,112.29999999999998,1.0
WV,Structure,2011,14,23.400000000000002,0.85
WV,Structure,2012,24,91.4,0.5
WV,Structure,2013,16,158.0,0.5
WV,Structure,2014,20,183.9,0.5
WV,Structure,2015,11,16.9,0.5
WY,Arson,1992,2,5.1,2.55
WY,Arson,1993,3,600.4,0.3
WY,Arson,1994,7,280.8,0.5
WY,Arson,1995,4,85.6,5.25
WY,Arson,1996,4,4010.0,4.25
WY,Arson,1997,8,51.300000000000004,1.0
WY,Arson,1998,1,340.0,340.0
WY,Arson,1999,4,4.1,1.25
WY,Arson,2000,7,5.899999999999999,0.1
WY,Arson,2001,1,0.2,0.2
WY,Arson,2002,2,0.2,0.1
WY,Arson,2003,1,0.5,0.5
WY,Arson,2004,1,289.0,289.0
WY,Arson,2005,11,267.40000000000003,2.0
WY,Arson,2006,28,245.73,0.9
WY,Arson,2007,8,7.25,0.175
WY,Arson,2008,28,628.6,0.4
WY,Arson,2009,13,6.499999999999999,0.1
WY,Arson,2010,38,367.6,0.5
WY,Arson,2011,34,58.40000000000001,0.5
WY,Arson,2012,45,14210.000000000005,0.5
WY,Arson,2013,8,1516.8999999999999,0.8
WY,Arson,2014,2,0.30000000000000004,0.15000000000000002
WY,Arson,2015,5,202.6,1.9
WY,Campfire,1992,128,94.80000000000001,0.1
WY,Campfire,1993,52,5.899999999999996,0.1
WY,Campfire,1994,55,262.8000000000002,0.1
WY,Campfire,1995,29,4.8,0.1
WY,Campfire,1996,64,434.6000000000008,0.1
WY,Campfire,1997,12,1.3,0.1
WY,Campfire,1998,24,26.500000000000014,0.1
WY,Campfire,1999,77,411.7000000000002,0.1
WY,Campfire,2000,37,216.7999999999999,0.1
WY,Campfire,2001,64,4909.500000000005,0.1
WY,Campfire,2002,67,435.0,0.2
WY,Campfire,2003,65,3972.1999999999975,0.1
WY,Campfire,2004,47,144.65,0.1
WY,Campfire,2005,81,634.6800000000004,0.1
WY,Campfire,2006,73,1944.6999999999998,0.3
WY,Campfire,2007,49,96.11,0.1
WY,Campfire,2008,74,16175.120000000003,0.1
WY,Campfire,2009,70,234.43,0.1
WY,Campfire,2010,83,78.85999999999999,0.1
WY,Campfire,2011,29,207.6999999999999,0.1
WY,Campfire,2012,47,32891.08999999998,0.1
WY,Campfire,2013,44,9.36,0.1
WY,Campfire,2014,40,18.379999999999995,0.1
WY,Campfire,2015,42,1516.0499999999997,0.1
WY,Children,1992,4,2.3,0.1
WY,Children,1993,2,15.1,7.55
WY,Children,1994,6,55.300000000000004,1.0
WY,Children,1995,7,12.799999999999999,0.5
WY,Children,1996,7,29.2,3.0
WY,Children,1997,5,12.1,0.5
WY,Children,1998,3,1.6,0.5
WY,Children,1999,9,40.300000000000004,1.0
WY,Children,2000,10,18.7,0.75
WY,Children,2001,9,4.1,0.5
WY,Children,2002,22,17.1,0.6
WY,Children,2003,22,17.5,0.25
WY,Children,2004,18,22.6,1.0
WY,Children,2005,13,20.000000000000004,0.1
WY,Children,2006,20,331.3300000000001,0.265
WY,Children,2007,18,20.4,1.0
WY,Children,2008,30,97.8,1.0
WY,Children,2009,20,39.10000000000001,1.0
WY,Children,2010,3,4.1,1.0
WY,Children,2011,6,5.5,0.75
WY,Children,2012,16,11.6,0.75
WY,Children,2013,11,11.0,1.0
WY,Children,2014,8,13.7,0.55
WY,Children,2015,8,10.5,1.1
WY,Debris Burning,1992,46,1812.6,4.0
WY,Debris Burning,1993,15,114.69999999999999,0.5
WY,Debris Burning,1994,57,1658.2499999999998,5.0
WY,Debris Burning,1995,24,190.6,1.0
WY,Debris Burning,1996,54,2092.3999999999996,3.0
WY,Debris Burning,1997,14,664.0,7.5
WY,Debris Burning,1998,11,299.40000000000003,2.0
WY,Debris Burning,1999,36,389.70000000000005,2.25
WY,Debris Burning,2000,34,604.9000000000001,2.0
WY,Debris Burning,2001,37,1057.1999999999998,2.0
WY,Debris Burning,2002,23,75.09999999999998,0.5
WY,Debris Burning,2003,34,18.55000000000001,0.1
WY,Debris Burning,2004,47,6233.700000000003,0.5
WY,Debris Burning,2005,22,322.80000000000007,2.0
WY,Debris Burning,2006,59,230.92999999999992,0.5
WY,Debris Burning,2007,33,4126.110000000002,0.5
WY,Debris Burning,2008,40,365.10000000000014,0.5
WY,Debris Burning,2009,35,50.38000000000002,0.3
WY,Debris Burning,2010,22,40.45,0.5
WY,Debris Burning,2011,26,637.79,0.9
WY,Debris Burning,2012,68,252.95,1.0
WY,Debris Burning,2013,60,220.99999999999994,1.0
WY,Debris Burning,2014,119,785.9900000000001,1.0
WY,Debris Burning,2015,108,9482.175000000008,1.0
WY,Equipment Use,1992,11,109.09999999999997,0.3
WY,Equipment Use,1993,4,7.4,0.15000000000000002
WY,Equipment Use,1994,9,335.30000000000007,1.0
WY,Equipment Use,1995,9,660.0,0.5
WY,Equipment Use,1996,15,9689.6,4.0
WY,Equipment Use,1997,9,79.89999999999999,2.5
WY,Equipment Use,1998,7,3.0,0.1
WY,Equipment Use,1999,11,10065.800000000001,1.0
WY,Equipment Use,2000,15,1941.6999999999998,1.0
WY,Equipment Use,2001,11,197.0,1.0
WY,Equipment Use,2002,13,1079.8999999999999,1.0
WY,Equipment Use,2003,13,136.39999999999998,0.3
WY,Equipment Use,2004,17,15.349999999999998,0.5
WY,Equipment Use,2005,35,1661.1999999999998,0.5
WY,Equipment Use,2006,33,9537.300000000001,1.0
WY,Equipment Use,2007,14,9.7,0.25
WY,Equipment Use,2008,16,49.31,1.0
WY,Equipment Use,2009,20,88.81000000000002,0.5
WY,Equipment Use,2010,45,26029.40999999998,1.0
WY,Equipment Use,2011,23,8463.550000000001,1.1
WY,Equipment Use,2012,87,3096.1399999999994,1.0
WY,Equipment Use,2013,17,34.17,0.9
WY,Equipment Use,2014,45,123.69999999999997,1.0
WY,Equipment Use,2015,43,553.4000000000002,1.0
WY,Fireworks,1992,3,13.1,1.0
WY,Fireworks,1993,4,4.299999999999999,0.1
WY,Fireworks,1994,9,11.599999999999998,0.7
WY,Fireworks,1995,4,1.7,0.5
WY,Fireworks,1996,15,403.8000000000001,0.5
WY,Fireworks,1997,7,1027.1999999999998,3.0
WY,Fireworks,1998,2,1.5,0.75
WY,Fireworks,1999,8,41.8,2.5
WY,Fireworks,2000,7,1418.0,8.0
WY,Fireworks,2001,3,1.5,0.5
WY,Fireworks,2002,2,1.0,0.5
WY,Fireworks,2003,4,1.2000000000000002,0.3
WY,Fireworks,2004,3,252.1,2.0
WY,Fireworks,2005,3,0.30000000000000004,0.1
WY,Fireworks,2006,30,30.199999999999996,0.15000000000000002
WY,Fireworks,2007,5,1.3,0.3
WY,Fireworks,2008,11,3.9000000000000004,0.1
WY,Fireworks,2009,5,4.3999999999999995,0.5
WY,Fireworks,2010,15,10.11,0.1
WY,Fireworks,2011,16,44.5,1.0
WY,Fireworks,2012,35,13.199999999999996,0.1
WY,Fireworks,2013,15,15.1,0.1
WY,Fireworks,2014,38,115.00000000000001,0.1
WY,Fireworks,2015,21,46.35000000000001,0.5
WY,Lightning,1992,200,1778.9000000000005,0.15000000000000002
WY,Lightning,1993,77,3443.7999999999975,0.1
WY,Lightning,1994,388,47172.59999999993,0.3
WY,Lightning,1995,157,4249.000000000002,0.3
WY,Lightning,1996,320,219882.00000000012,0.5
WY,Lightning,1997,123,2016.4999999999975,0.1
WY,Lightning,1998,128,3438.3999999999974,0.2
WY,Lightning,1999,114,4482.500000000003,0.3
WY,Lightning,2000,402,359522.4999999993,0.8500000000000001
WY,Lightning,2001,441,57481.09999999986,0.3
WY,Lightning,2002,435,131564.6000000005,0.3
WY,Lightning,2003,482,83025.09999999999,0.25
WY,Lightning,2004,186,2643.4199999999964,0.1
WY,Lightning,2005,226,10574.62000000001,0.25
WY,Lightning,2006,365,217941.14000000048,0.3
WY,Lightning,2007,362,76174.02000000006,0.25
WY,Lightning,2008,140,70859.03000000025,0.125
WY,Lightning,2009,203,18896.77999999999,0.1
WY,Lightning,2010,247,19082.230000000007,0.25
WY,Lightning,2011,355,119910.19000000025,1.0
WY,Lightning,2012,454,269009.9500000002,1.0
WY,Lightning,2013,284,51795.81999999982,0.24
WY,Lightning,2014,153,4218.609999999997,1.0
WY,Lightning,2015,219,8400.4,1.0
WY,Miscellaneous,1992,17,2672.2999999999993,0.5
WY,Miscellaneous,1993,6,71.09999999999998,0.2
WY,Miscellaneous,1994,27,1541.0,1.0
WY,Miscellaneous,1995,12,149.3,0.4
WY,Miscellaneous,1996,23,5329.9000000000015,1.5
WY,Miscellaneous,1997,4,2.7,0.3
WY,Miscellaneous,1998,12,416.5,0.25
WY,Miscellaneous,1999,22,1743.4999999999998,0.5
WY,Miscellaneous,2000,31,2787.4,1.0
WY,Miscellaneous,2001,58,701.6000000000003,0.5
WY,Miscellaneous,2002,70,285.00000000000017,0.35
WY,Miscellaneous,2003,53,2233.8499999999976,0.2
WY,Miscellaneous,2004,60,6526.050000000003,0.5
WY,Miscellaneous,2005,78,1435.1999999999978,0.275
WY,Miscellaneous,2006,95,14760.18000000001,0.5
WY,Miscellaneous,2007,56,12511.110000000006,0.5
WY,Miscellaneous,2008,65,171.34999999999997,0.5
WY,Miscellaneous,2009,42,3406.0599999999995,0.225
WY,Miscellaneous,2010,58,18295.170000000002,1.0
WY,Miscellaneous,2011,36,1448.3999999999992,1.0
WY,Miscellaneous,2012,132,79170.12000000008,1.0
WY,Miscellaneous,2013,60,500.34999999999997,1.0
WY,Miscellaneous,2014,77,804.8100000000004,1.0
WY,Miscellaneous,2015,90,3503.399999999998,1.0
WY,Missing/Undefined,1992,317,14863.6,1.0
WY,Missing/Undefined,1993,95,861.75,0.25
WY,Missing/Undefined,1994,330,12279.75,1.5
WY,Missing/Undefined,1995,258,6867.35,1.0
WY,Missing/Undefined,1996,494,25014.55,1.0
WY,Missing/Undefined,2000,1,0.8,0.8
WY,Missing/Undefined,2001,1,20.0,20.0
WY,Missing/Undefined,2003,8,1518.0,0.1
WY,Missing/Undefined,2004,3,3014.4,0.2
WY,Missing/Undefined,2005,5,6966.5,1965.0
WY,Missing/Undefined,2007,12,60.70000000000001,0.1
WY,Missing/Undefined,2008,11,29.300000000000004,0.3
WY,Missing/Undefined,2009,32,333.0000000000001,0.95
WY,Missing/Undefined,2010,56,16925.600000000002,2.8
WY,Missing/Undefined,2011,77,3843.7999999999993,1.0
WY,Missing/Undefined,2012,71,20514.999999999978,1.3
WY,Missing/Undefined,2013,62,181.59999999999994,0.5
WY,Missing/Undefined,2014,85,1600.8999999999958,0.1
WY,Missing/Undefined,2015,71,12717.000000000005,1.0
WY,Powerline,1992,2,0.2,0.1
WY,Powerline,1994,5,0.5,0.1
WY,Powerline,1995,6,30.5,1.0
WY,Powerline,1996,5,1206.2,2.0
WY,Powerline,1997,3,10.5,2.5
WY,Powerline,1998,1,12.0,12.0
WY,Powerline,1999,2,20003.0,10001.5
WY,Powerline,2000,3,15.2,0.1
WY,Powerline,2001,6,95.69999999999997,0.1
WY,Powerline,2002,8,26.60000000000001,0.1
WY,Powerline,2003,2,0.6,0.3
WY,Powerline,2005,3,0.5,0.1
WY,Powerline,2006,7,45.1,0.5
WY,Powerline,2008,4,10368.0,3.25
WY,Powerline,2009,2,4.1,2.05
WY,Powerline,2010,12,436.8,2.75
WY,Powerline,2011,5,6.3999999999999995,0.8
WY,Powerline,2012,15,62339.6,1.2
WY,Powerline,2013,2,6.3,3.15
WY,Powerline,2014,5,14.200000000000001,0.3
WY,Powerline,2015,7,94.89999999999999,0.5
WY,Railroad,1992,4,840.7,220.35
WY,Railroad,1993,3,176.0,50.0
WY,Railroad,1994,9,535.5,5.0
WY,Railroad,1995,10,278.1,8.0
WY,Railroad,1996,16,1496.1999999999998,7.0
WY,Railroad,1997,3,4419.1,2.0
WY,Railroad,1998,4,103.7,21.6
WY,Railroad,1999,9,2042.6999999999998,1.0
WY,Railroad,2000,11,1159.3999999999996,2.0
WY,Railroad,2001,22,81.19999999999997,1.0
WY,Railroad,2002,19,71.6,1.0
WY,Railroad,2003,22,283.3000000000001,0.75
WY,Railroad,2004,23,102.69999999999997,0.5
WY,Railroad,2005,24,4261.6,0.5
WY,Railroad,2006,39,212.59999999999994,0.5
WY,Railroad,2007,24,1145.3999999999994,0.5
WY,Railroad,2008,20,3519.7,6.0
WY,Railroad,2009,21,567.8799999999999,0.3
WY,Railroad,2010,35,5613.309200000001,2.0
WY,Railroad,2011,13,191.25,0.5
WY,Railroad,2012,48,633.3600000000001,1.15
WY,Railroad,2013,10,24.700000000000003,1.0
WY,Railroad,2014,18,23.6,1.0
WY,Railroad,2015,11,287.55,1.0
WY,Smoking,1992,12,49.1,1.25
WY,Smoking,1993,8,23.0,0.85
WY,Smoking,1994,16,430.70000000000005,0.5
WY,Smoking,1995,9,8.0,0.5
WY,Smoking,1996,15,585.9000000000001,1.0
WY,Smoking,1997,7,31.0,0.1
WY,Smoking,1998,5,7.0,2.0
WY,Smoking,1999,13,461.1,2.0
WY,Smoking,2000,13,21.0,0.1
WY,Smoking,2001,19,2441.899999999999,0.5
WY,Smoking,2002,9,1.4000000000000004,0.1
WY,Smoking,2003,11,725.9000000000002,0.1
WY,Smoking,2004,4,2.2,0.55
WY,Smoking,2005,20,38.20000000000001,0.5
WY,Smoking,2006,20,19.9,0.1
WY,Smoking,2007,13,4.699999999999999,0.1
WY,Smoking,2008,10,1.9,0.1
WY,Smoking,2009,10,16.7,0.65
WY,Smoking,2010,17,65.81,0.1
WY,Smoking,2011,20,13.099999999999998,0.4
WY,Smoking,2012,24,160.45,0.225
WY,Smoking,2013,8,5.5,0.6
WY,Smoking,2014,5,6.7,0.5
WY,Smoking,2015,6,6.8,0.95
WY,Structure,1994,1,0.1,0.1
WY,Structure,1995,1,26.0,26.0
WY,Structure,2007,1,0.1,0.1
WY,Structure,2009,1,1.0,1.0
WY,Structure,2012,4,1.9999999999999998,0.44999999999999996
WY,Structure,2015,1,0.1,0.1
